Date,P Up,P Down,Pred,Actual
2025-02-28,13.63,86.37,Down,Down
2025-02-27,15.77,84.23,Down,Down
2025-02-25,13.73,86.27,Down,Down
2025-02-24,13.14,86.86,Down,Down
2025-02-21,13.58,86.42,Down,Down
2025-02-20,14.08,85.92,Down,Down
2025-02-19,12.36,87.64,Down,Down
2025-02-18,10.0,90.0,Down,Down
2025-02-17,9.33,90.67,Down,Up
2025-02-14,9.13,90.87,Down,Down
2025-02-13,9.17,90.83,Down,Down
2025-02-12,11.72,88.28,Down,Down
2025-02-11,11.55,88.45,Down,Down
2025-02-10,12.82,87.18,Down,Down
2025-02-07,11.42,88.58,Down,Down
2025-02-06,9.33,90.67,Down,Down
2025-02-05,8.38,91.62,Down,Down
2025-02-04,7.96,92.04,Down,Up
2025-02-03,7.13,92.87,Down,Down
2025-02-01,6.81,93.19,Down,Down
2025-01-31,7.63,92.37,Down,Up
2025-01-30,8.79,91.21,Down,Up
2025-01-29,10.34,89.66,Down,Up
2025-01-28,10.82,89.18,Down,Up
2025-01-27,10.54,89.46,Down,Down
2025-01-24,9.56,90.44,Down,Down
2025-01-23,8.87,91.13,Down,Up
2025-01-22,9.26,90.74,Down,Up
2025-01-21,8.72,91.28,Down,Down
2025-01-20,9.73,90.27,Down,Up
2025-01-17,8.27,91.73,Down,Down
2025-01-16,9.42,90.58,Down,Up
2025-01-15,9.17,90.83,Down,Up
2025-01-14,7.3,92.7,Down,Up
2025-01-13,6.26,93.74,Down,Down
2025-01-10,2.43,97.57,Down,Down
2025-01-09,2.38,97.62,Down,Down
2025-01-08,2.34,97.66,Down,Down
2025-01-07,2.0,98.0,Down,Up
2025-01-06,2.14,97.86,Down,Down
2025-01-03,2.06,97.94,Down,Down
2025-01-02,1.83,98.17,Down,Up
2025-01-01,2.1,97.9,Down,Up
2024-12-31,2.39,97.61,Down,Down
2024-12-30,2.73,97.27,Down,Down
2024-12-27,2.84,97.16,Down,Up
2024-12-26,3.29,96.71,Down,Up
2024-12-24,3.06,96.94,Down,Down
2024-12-23,2.61,97.39,Down,Up
2024-12-20,2.7,97.3,Down,Down
2024-12-19,2.79,97.21,Down,Down
2024-12-18,2.74,97.26,Down,Down
2024-12-17,2.78,97.22,Down,Down
2024-12-16,3.12,96.88,Down,Down
2024-12-13,3.41,96.59,Down,Up
2024-12-12,3.78,96.22,Down,Down
2024-12-11,3.76,96.24,Down,Up
2024-12-10,3.8,96.2,Down,Down
2024-12-09,3.21,96.79,Down,Down
2024-12-06,3.44,96.56,Down,Down
2024-12-05,3.36,96.64,Down,Up
2024-12-04,3.1,96.9,Down,Up
2024-12-03,3.32,96.68,Down,Up
2024-12-02,3.58,96.42,Down,Up
2024-11-29,3.53,96.47,Down,Up
2024-11-28,3.43,96.57,Down,Down
2024-11-27,3.9,96.1,Down,Up
2024-11-26,4.27,95.73,Down,Down
2024-11-25,4.9,95.1,Down,Up
2024-11-22,5.36,94.64,Down,Up
2024-11-21,4.94,95.06,Down,Down
2024-11-19,4.28,95.72,Down,Up
2024-11-18,4.76,95.24,Down,Down
2024-11-14,5.58,94.42,Down,Down
2024-11-13,6.74,93.26,Down,Down
2024-11-12,5.97,94.03,Down,Down
2024-11-11,5.87,94.13,Down,Down
2024-11-08,5.9,94.1,Down,Down
2024-11-07,5.0,95.0,Down,Down
2024-11-06,3.96,96.04,Down,Up
2024-11-05,3.9,96.1,Down,Up
2024-11-04,3.69,96.31,Down,Down
2024-11-01,3.73,96.27,Down,Up
2024-10-31,3.99,96.01,Down,Down
2024-10-30,4.19,95.81,Down,Down
2024-10-29,4.77,95.23,Down,Up
2024-10-28,4.83,95.17,Down,Up
2024-10-25,4.93,95.07,Down,Down
2024-10-24,5.5,94.5,Down,Down
2024-10-23,6.38,93.62,Down,Down
2024-10-22,5.74,94.26,Down,Down
2024-10-21,5.38,94.62,Down,Down
2024-10-18,4.25,95.75,Down,Up
2024-10-17,4.36,95.64,Down,Down
2024-10-16,4.18,95.82,Down,Down
2024-10-15,3.86,96.14,Down,Down
2024-10-14,3.19,96.81,Down,Up
2024-10-11,2.9,97.1,Down,Down
2024-10-10,3.43,96.57,Down,Up
2024-10-09,3.78,96.22,Down,Down
2024-10-08,4.06,95.94,Down,Up
2024-10-07,3.09,96.91,Down,Down
2024-10-04,3.31,96.69,Down,Down
2024-10-03,3.15,96.85,Down,Down
2024-10-01,3.35,96.65,Down,Down
2024-09-30,3.87,96.13,Down,Down
2024-09-27,4.0,96.0,Down,Down
2024-09-26,4.25,95.75,Down,Up
2024-09-25,3.8,96.2,Down,Up
2024-09-24,3.59,96.41,Down,Up
2024-09-23,3.5,96.5,Down,Up
2024-09-20,3.83,96.17,Down,Up
2024-09-19,4.34,95.66,Down,Up
2024-09-18,5.21,94.79,Down,Down
2024-09-17,4.94,95.06,Down,Up
2024-09-16,5.14,94.86,Down,Up
2024-09-13,5.21,94.79,Down,Down
2024-09-12,6.02,93.98,Down,Up
2024-09-11,5.8,94.2,Down,Down
2024-09-10,6.33,93.67,Down,Up
2024-09-09,7.05,92.95,Down,Up
2024-09-06,6.98,93.02,Down,Down
2024-09-05,7.29,92.71,Down,Down
2024-09-04,5.88,94.12,Down,Down
2024-09-03,5.87,94.13,Down,Up
2024-09-02,5.03,94.97,Down,Up
2024-08-30,3.87,96.13,Down,Up
2024-08-29,3.73,96.27,Down,Up
2024-08-28,3.69,96.31,Down,Up
2024-08-27,3.62,96.38,Down,Up
2024-08-26,4.07,95.93,Down,Up
2024-08-23,4.04,95.96,Down,Up
2024-08-22,4.08,95.92,Down,Up
2024-08-21,3.99,96.01,Down,Up
2024-08-20,4.41,95.59,Down,Up
2024-08-19,5.06,94.94,Down,Up
2024-08-16,5.1,94.9,Down,Up
2024-08-14,5.1,94.9,Down,Up
2024-08-13,4.78,95.22,Down,Down
2024-08-12,5.23,94.77,Down,Down
2024-08-09,4.7,95.3,Down,Up
2024-08-08,5.97,94.03,Down,Down
2024-08-07,6.27,93.73,Down,Up
2024-08-06,7.21,92.79,Down,Down
2024-08-05,6.0,94.0,Down,Down
2024-08-02,6.53,93.47,Down,Down
2024-08-01,6.6,93.4,Down,Up
2024-07-31,7.42,92.58,Down,Up
2024-07-30,8.6,91.4,Down,Up
2024-07-29,8.06,91.94,Down,Up
2024-07-26,7.16,92.84,Down,Up
2024-07-25,7.25,92.75,Down,Down
2024-07-24,8.43,91.57,Down,Down
2024-07-23,9.54,90.46,Down,Down
2024-07-22,8.23,91.77,Down,Down
2024-07-19,7.1,92.9,Down,Down
2024-07-18,6.32,93.68,Down,Up
2024-07-16,5.68,94.32,Down,Up
2024-07-15,5.89,94.11,Down,Up
2024-07-12,6.3,93.7,Down,Up
2024-07-11,5.81,94.19,Down,Down
2024-07-10,5.37,94.63,Down,Down
2024-07-09,5.57,94.43,Down,Up
2024-07-08,6.05,93.95,Down,Down
2024-07-05,6.04,93.96,Down,Up
2024-07-04,5.97,94.03,Down,Up
2024-07-03,6.4,93.6,Down,Up
2024-07-02,6.4,93.6,Down,Down
2024-07-01,6.92,93.08,Down,Up
2024-06-28,7.34,92.66,Down,Down
2024-06-27,7.08,92.92,Down,Up
2024-06-26,7.87,92.13,Down,Up
2024-06-25,7.55,92.45,Down,Up
2024-06-24,7.77,92.23,Down,Up
2024-06-21,7.54,92.46,Down,Down
2024-06-20,8.39,91.61,Down,Up
2024-06-19,8.69,91.31,Down,Down
2024-06-18,8.88,91.12,Down,Up
2024-06-14,10.3,89.7,Down,Up
2024-06-13,10.19,89.81,Down,Up
2024-06-12,10.69,89.31,Down,Up
2024-06-11,11.04,88.96,Down,Up
2024-06-10,11.03,88.97,Down,Down
2024-06-07,12.49,87.51,Down,Up
2024-06-06,12.74,87.26,Down,Up
2024-06-05,12.94,87.06,Down,Up
2024-06-04,12.52,87.48,Down,Down
2024-06-03,11.52,88.48,Down,Up
2024-05-31,10.82,89.18,Down,Up
2024-05-30,11.88,88.12,Down,Down
2024-05-29,11.58,88.42,Down,Down
2024-05-28,11.51,88.49,Down,Down
2024-05-27,13.86,86.14,Down,Down
2024-05-24,12.61,87.39,Down,Down
2024-05-23,11.98,88.02,Down,Up
2024-05-22,12.1,87.9,Down,Up
2024-05-21,12.21,87.79,Down,Up
2024-05-18,11.43,88.57,Down,Up
2024-05-17,11.13,88.87,Down,Up
2024-05-16,10.8,89.2,Down,Up
2024-05-15,11.51,88.49,Down,Down
2024-05-14,10.93,89.07,Down,Up
2024-05-13,11.04,88.96,Down,Up
2024-05-10,11.56,88.44,Down,Up
2024-05-09,11.5,88.5,Down,Down
2024-05-08,11.44,88.56,Down,Up
2024-05-07,11.73,88.27,Down,Down
2024-05-06,11.66,88.34,Down,Down
2024-05-03,8.63,91.37,Down,Down
2024-05-02,9.37,90.63,Down,Up
2024-04-30,9.01,90.99,Down,Down
2024-04-29,8.34,91.66,Down,Up
2024-04-26,8.48,91.52,Down,Down
2024-04-25,8.43,91.57,Down,Up
2024-04-24,6.98,93.02,Down,Up
2024-04-23,12.52,87.48,Down,Up
2024-04-22,13.6,86.4,Down,Up
2024-04-19,14.34,85.66,Down,Up
2024-04-18,14.0,86.0,Down,Down
2024-04-16,14.27,85.73,Down,Down
2024-04-15,15.8,84.2,Down,Down
2024-04-12,15.88,84.12,Down,Down
2024-04-10,16.4,83.6,Down,Up
2024-04-09,15.04,84.96,Down,Down
2024-04-08,15.85,84.15,Down,Up
2024-04-05,15.77,84.23,Down,Down
2024-04-04,15.98,84.02,Down,Up
2024-04-03,15.26,84.74,Down,Down
2024-04-02,15.11,84.89,Down,Down
2024-04-01,15.9,84.1,Down,Up
2024-03-28,17.62,82.38,Down,Up
2024-03-27,19.96,80.04,Down,Up
2024-03-26,19.62,80.38,Down,Down
2024-03-22,20.28,79.72,Down,Up
2024-03-21,20.27,79.73,Down,Up
2024-03-20,19.46,80.54,Down,Up
2024-03-19,19.16,80.84,Down,Down
2024-03-18,18.12,81.88,Down,Up
2024-03-15,17.41,82.59,Down,Down
2024-03-14,18.5,81.5,Down,Up
2024-03-13,18.18,81.82,Down,Down
2024-03-12,16.89,83.11,Down,Up
2024-03-11,16.77,83.23,Down,Down
2024-03-07,17.29,82.71,Down,Up
2024-03-06,18.53,81.47,Down,Up
2024-03-05,14.4,85.6,Down,Down
2024-03-04,14.94,85.06,Down,Up
2024-03-02,15.71,84.29,Down,Up
2024-03-01,16.74,83.26,Down,Up
2024-02-29,15.55,84.45,Down,Up
2024-02-28,15.98,84.02,Down,Down
2024-02-27,17.02,82.98,Down,Up
2024-02-26,15.34,84.66,Down,Down
2024-02-23,15.19,84.81,Down,Down
2024-02-22,14.63,85.37,Down,Up
2024-02-21,14.65,85.35,Down,Down
2024-02-20,15.86,84.14,Down,Up
2024-02-19,15.87,84.13,Down,Up
2024-02-16,18.82,81.18,Down,Up
2024-02-15,18.98,81.02,Down,Up
2024-02-14,19.05,80.95,Down,Up
2024-02-13,18.56,81.44,Down,Up
2024-02-12,18.24,81.76,Down,Down
2024-02-09,19.6,80.4,Down,Up
2024-02-08,19.52,80.48,Down,Down
2024-02-07,17.94,82.06,Down,Up
2024-02-06,19.24,80.76,Down,Up
2024-02-05,18.59,81.41,Down,Down
2024-02-02,17.42,82.58,Down,Up
2024-02-01,17.72,82.28,Down,Down
2024-01-31,18.11,81.89,Down,Up
2024-01-30,18.73,81.27,Down,Down
2024-01-29,19.46,80.54,Down,Up
2024-01-25,19.6,80.4,Down,Down
2024-01-24,21.62,78.38,Down,Up
2024-01-23,19.84,80.16,Down,Down
2024-01-20,19.02,80.98,Down,Down
2024-01-19,17.54,82.46,Down,Up
2024-01-18,17.76,82.24,Down,Down
2024-01-17,17.93,82.07,Down,Down
2024-01-16,17.65,82.35,Down,Down
2024-01-15,16.75,83.25,Down,Up
2024-01-12,17.8,82.2,Down,Up
2024-01-11,17.11,82.89,Down,Up
2024-01-10,17.94,82.06,Down,Up
2024-01-09,21.22,78.78,Down,Up
2024-01-08,20.15,79.85,Down,Down
2024-01-05,19.99,80.01,Down,Up
2024-01-04,20.14,79.86,Down,Up
2024-01-03,23.01,76.99,Down,Down
2024-01-02,24.39,75.61,Down,Down
2024-01-01,25.4,74.6,Down,Up
2023-12-29,24.74,75.26,Down,Down
2023-12-28,25.21,74.79,Down,Up
2023-12-27,25.1,74.9,Down,Up
2023-12-26,24.12,75.88,Down,Up
2023-12-22,24.34,75.66,Down,Up
2023-12-21,24.06,75.94,Down,Up
2023-12-20,24.78,75.22,Down,Down
2023-12-19,25.05,74.95,Down,Up
2023-12-18,28.12,71.88,Down,Down
2023-12-15,27.91,72.09,Down,Up
2023-12-14,27.14,72.86,Down,Up
2023-12-13,29.38,70.62,Down,Up
2023-12-12,27.6,72.4,Down,Down
2023-12-11,28.0,72.0,Down,Up
2023-12-08,29.48,70.52,Down,Up
2023-12-07,29.87,70.13,Down,Down
2023-12-06,31.7,68.3,Down,Up
2023-12-05,31.76,68.24,Down,Up
2023-12-04,35.29,64.71,Down,Up
2023-12-01,34.96,65.04,Down,Up
2023-11-30,37.23,62.77,Down,Up
2023-11-29,37.37,62.63,Down,Up
2023-11-28,36.44,63.56,Down,Up
2023-11-24,35.78,64.22,Down,Down
2023-11-23,35.02,64.98,Down,Down
2023-11-22,34.59,65.41,Down,Up
2023-11-21,33.84,66.16,Down,Up
2023-11-20,32.68,67.32,Down,Down
2023-11-17,34.15,65.85,Down,Down
2023-11-16,29.79,70.21,Down,Up
2023-11-15,30.2,69.8,Down,Up
2023-11-13,35.96,64.04,Down,Down
2023-11-12,32.98,67.02,Down,Up
2023-11-10,35.3,64.7,Down,Up
2023-11-09,36.27,63.73,Down,Down
2023-11-08,33.26,66.74,Down,Up
2023-11-07,32.43,67.57,Down,Down
2023-11-06,34.25,65.75,Down,Up
2023-11-03,32.93,67.07,Down,Up
2023-11-02,33.24,66.76,Down,Up
2023-11-01,35.67,64.33,Down,Down
2023-10-31,33.69,66.31,Down,Down
2023-10-30,34.59,65.41,Down,Up
2023-10-27,36.64,63.36,Down,Up
2023-10-26,34.26,65.74,Down,Down
2023-10-25,33.36,66.64,Down,Down
2023-10-23,31.94,68.06,Down,Down
2023-10-20,34.55,65.45,Down,Down
2023-10-19,27.89,72.11,Down,Down
2023-10-18,21.66,78.34,Down,Down
2023-10-17,23.58,76.42,Down,Up
2023-10-16,22.72,77.28,Down,Down
2023-10-13,21.81,78.19,Down,Down
2023-10-12,21.29,78.71,Down,Down
2023-10-11,19.64,80.36,Down,Up
2023-10-10,19.0,81.0,Down,Up
2023-10-09,16.73,83.27,Down,Down
2023-10-06,16.71,83.29,Down,Up
2023-10-05,16.48,83.52,Down,Up
2023-10-04,16.92,83.08,Down,Down
2023-10-03,16.77,83.23,Down,Down
2023-09-29,17.28,82.72,Down,Up
2023-09-28,16.98,83.02,Down,Down
2023-09-27,17.23,82.77,Down,Up
2023-09-26,15.52,84.48,Down,Down
2023-09-25,16.3,83.7,Down,Up
2023-09-22,17.24,82.76,Down,Down
2023-09-21,18.86,81.14,Down,Down
2023-09-20,18.97,81.03,Down,Down
2023-09-18,17.58,82.42,Down,Down
2023-09-15,16.25,83.75,Down,Up
2023-09-14,15.21,84.79,Down,Up
2023-09-13,15.0,85.0,Down,Up
2023-09-12,15.56,84.44,Down,Down
2023-09-11,12.18,87.82,Down,Up
2023-09-08,13.08,86.92,Down,Up
2023-09-07,15.71,84.29,Down,Up
2023-09-06,14.94,85.06,Down,Up
2023-09-05,12.05,87.95,Down,Up
2023-09-04,12.46,87.54,Down,Up
2023-09-01,12.22,87.78,Down,Up
2023-08-31,10.5,89.5,Down,Down
2023-08-30,9.94,90.06,Down,Up
2023-08-29,11.16,88.84,Down,Up
2023-08-28,11.43,88.57,Down,Up
2023-08-25,10.92,89.08,Down,Down
2023-08-24,11.36,88.64,Down,Down
2023-08-23,11.89,88.11,Down,Up
2023-08-22,12.13,87.87,Down,Up
2023-08-21,12.31,87.69,Down,Up
2023-08-18,9.99,90.01,Down,Down
2023-08-17,8.86,91.14,Down,Down
2023-08-16,9.28,90.72,Down,Up
2023-08-14,8.94,91.06,Down,Up
2023-08-11,10.8,89.2,Down,Down
2023-08-10,11.28,88.72,Down,Down
2023-08-09,11.11,88.89,Down,Up
2023-08-08,11.78,88.22,Down,Down
2023-08-07,14.03,85.97,Down,Up
2023-08-04,14.68,85.32,Down,Up
2023-08-03,13.9,86.1,Down,Down
2023-08-02,12.85,87.15,Down,Down
2023-08-01,13.11,86.89,Down,Down
2023-07-31,13.99,86.01,Down,Up
2023-07-28,13.28,86.72,Down,Down
2023-07-27,13.22,86.78,Down,Down
2023-07-26,14.03,85.97,Down,Up
2023-07-25,13.67,86.33,Down,Up
2023-07-24,13.12,86.88,Down,Down
2023-07-21,14.52,85.48,Down,Down
2023-07-20,14.85,85.15,Down,Up
2023-07-19,12.99,87.01,Down,Up
2023-07-18,12.44,87.56,Down,Up
2023-07-17,12.87,87.13,Down,Up
2023-07-14,15.14,84.86,Down,Up
2023-07-13,15.28,84.72,Down,Up
2023-07-12,13.82,86.18,Down,Down
2023-07-11,13.62,86.38,Down,Up
2023-07-10,13.55,86.45,Down,Up
2023-07-07,13.11,86.89,Down,Down
2023-07-06,13.47,86.53,Down,Up
2023-07-05,13.91,86.09,Down,Up
2023-07-04,13.09,86.91,Down,Up
2023-07-03,14.76,85.24,Down,Up
2023-06-30,15.35,84.65,Down,Up
2023-06-28,14.35,85.65,Down,Up
2023-06-27,15.01,84.99,Down,Up
2023-06-26,15.29,84.71,Down,Up
2023-06-23,14.64,85.36,Down,Down
2023-06-22,14.24,85.76,Down,Down
2023-06-21,15.04,84.96,Down,Up
2023-06-20,15.03,84.97,Down,Up
2023-06-19,15.85,84.15,Down,Down
2023-06-16,18.81,81.19,Down,Up
2023-06-15,18.49,81.51,Down,Down
2023-06-14,18.56,81.44,Down,Up
2023-06-13,17.8,82.2,Down,Up
2023-06-12,18.71,81.29,Down,Up
2023-06-09,19.58,80.42,Down,Down
2023-06-08,21.46,78.54,Down,Down
2023-06-07,23.27,76.73,Down,Up
2023-06-06,24.02,75.98,Down,Up
2023-06-05,24.15,75.85,Down,Up
2023-06-02,19.86,80.14,Down,Up
2023-06-01,21.34,78.66,Down,Down
2023-05-31,21.01,78.99,Down,Down
2023-05-30,20.49,79.51,Down,Up
2023-05-29,22.05,77.95,Down,Up
2023-05-26,22.67,77.33,Down,Up
2023-05-25,21.13,78.87,Down,Up
2023-05-24,23.46,76.54,Down,Down
2023-05-23,23.45,76.55,Down,Up
2023-05-22,21.98,78.02,Down,Up
2023-05-19,21.19,78.81,Down,Up
2023-05-18,19.64,80.36,Down,Down
2023-05-17,19.74,80.26,Down,Down
2023-05-16,19.54,80.46,Down,Down
2023-05-15,19.06,80.94,Down,Up
2023-05-12,19.13,80.87,Down,Up
2023-05-11,20.01,79.99,Down,Down
2023-05-10,20.4,79.6,Down,Up
2023-05-09,19.66,80.34,Down,Up
2023-05-08,19.9,80.1,Down,Up
2023-05-05,22.15,77.85,Down,Down
2023-05-04,24.99,75.01,Down,Up
2023-05-03,34.04,65.96,Down,Down
2023-05-02,34.38,65.62,Down,Up
2023-04-28,33.66,66.34,Down,Up
2023-04-27,32.15,67.85,Down,Up
2023-04-26,29.7,70.3,Down,Up
2023-04-25,29.19,70.81,Down,Up
2023-04-24,30.0,70.0,Down,Up
2023-04-21,34.54,65.46,Down,Down
2023-04-20,32.13,67.87,Down,Up
2023-04-19,33.58,66.42,Down,Down
2023-04-18,32.44,67.56,Down,Down
2023-04-17,33.06,66.94,Down,Down
2023-04-13,36.58,63.42,Down,Up
2023-04-12,36.03,63.97,Down,Up
2023-04-11,36.91,63.09,Down,Up
2023-04-10,34.74,65.26,Down,Up
2023-04-06,32.9,67.1,Down,Up
2023-04-05,32.94,67.06,Down,Up
2023-04-03,32.31,67.69,Down,Up
2023-03-31,28.65,71.35,Down,Up
2023-03-29,29.19,70.81,Down,Up
2023-03-28,31.14,68.86,Down,Down
2023-03-27,29.63,70.37,Down,Up
2023-03-24,29.22,70.78,Down,Down
2023-03-23,29.21,70.79,Down,Down
2023-03-22,28.32,71.68,Down,Up
2023-03-21,29.5,70.5,Down,Up
2023-03-20,33.51,66.49,Down,Down
2023-03-17,34.58,65.42,Down,Up
2023-03-16,38.05,61.95,Down,Up
2023-03-15,38.27,61.73,Down,Down
2023-03-14,36.29,63.71,Down,Down
2023-03-13,36.55,63.45,Down,Down
2023-03-10,31.93,68.07,Down,Down
2023-03-09,33.17,66.83,Down,Down
2023-03-08,36.38,63.62,Down,Up
2023-03-06,36.48,63.52,Down,Up
2023-03-03,40.69,59.31,Down,Up
2023-03-02,40.13,59.87,Down,Down
2023-03-01,37.03,62.97,Down,Up
2023-02-28,37.13,62.87,Down,Down
2023-02-27,37.45,62.55,Down,Down
2023-02-24,40.45,59.55,Down,Down
2023-02-23,43.15,56.85,Down,Down
2023-02-22,43.62,56.38,Down,Down
2023-02-21,44.77,55.23,Down,Down
2023-02-20,42.3,57.7,Down,Down
2023-02-17,43.15,56.85,Down,Down
2023-02-16,43.93,56.07,Down,Up
2023-02-15,42.47,57.53,Down,Up
2023-02-14,43.95,56.05,Down,Up
2023-02-13,43.48,56.52,Down,Down
2023-02-10,43.72,56.28,Down,Down
2023-02-09,47.03,52.97,Down,Up
2023-02-08,51.58,48.42,Up,Up
2023-02-07,58.72,41.28,Up,Down
2023-02-06,57.46,42.54,Up,Down
2023-02-03,59.27,40.73,Up,Up
2023-02-02,57.8,42.2,Up,Down
2023-02-01,54.95,45.05,Up,Down
2023-01-31,51.18,48.82,Up,Up
2023-01-30,51.87,48.13,Up,Up
2023-01-27,52.56,47.44,Up,Down
2023-01-25,55.53,44.47,Up,Down
2023-01-24,57.48,42.52,Up,Down
2023-01-23,53.93,46.07,Up,Up
2023-01-20,61.28,38.72,Up,Down
2023-01-19,61.49,38.51,Up,Down
2023-01-18,54.51,45.49,Up,Up
2023-01-17,52.33,47.67,Up,Up
2023-01-16,49.69,50.31,Down,Down
2023-01-13,46.24,53.76,Down,Up
2023-01-12,48.9,51.1,Down,Down
2023-01-11,50.16,49.84,Up,Down
2023-01-10,47.27,52.73,Down,Down
2023-01-09,43.62,56.38,Down,Up
2023-01-06,43.56,56.44,Down,Down
2023-01-05,47.74,52.26,Down,Down
2023-01-04,45.43,54.57,Down,Down
2023-01-03,45.56,54.44,Down,Up
2023-01-02,45.9,54.1,Down,Up
2022-12-30,50.03,49.97,Up,Down
2022-12-29,49.0,51.0,Down,Up
2022-12-28,45.09,54.91,Down,Down
2022-12-27,47.54,52.46,Down,Up
2022-12-26,44.51,55.49,Down,Up
2022-12-23,41.56,58.44,Down,Down
2022-12-22,40.78,59.22,Down,Down
2022-12-21,42.29,57.71,Down,Down
2022-12-20,40.55,59.45,Down,Down
2022-12-19,39.43,60.57,Down,Up
2022-12-16,40.42,59.58,Down,Down
2022-12-15,35.38,64.62,Down,Down
2022-12-14,34.11,65.89,Down,Up
2022-12-13,33.89,66.11,Down,Up
2022-12-12,29.2,70.8,Down,Up
2022-12-09,29.53,70.47,Down,Down
2022-12-08,30.88,69.12,Down,Up
2022-12-07,29.95,70.05,Down,Down
2022-12-06,30.06,69.94,Down,Down
2022-12-05,31.78,68.22,Down,Up
2022-12-02,31.68,68.32,Down,Down
2022-12-01,33.87,66.13,Down,Up
2022-11-30,32.5,67.5,Down,Up
2022-11-29,34.53,65.47,Down,Up
2022-11-28,32.17,67.83,Down,Up
2022-11-25,34.79,65.21,Down,Up
2022-11-24,36.28,63.72,Down,Up
2022-11-23,37.7,62.3,Down,Up
2022-11-22,39.03,60.97,Down,Up
2022-11-21,36.82,63.18,Down,Down
2022-11-18,38.9,61.1,Down,Down
2022-11-17,36.3,63.7,Down,Down
2022-11-16,34.46,65.54,Down,Up
2022-11-15,33.87,66.13,Down,Up
2022-11-14,31.53,68.47,Down,Down
2022-11-11,29.7,70.3,Down,Up
2022-11-10,29.0,71.0,Down,Down
2022-11-09,29.6,70.4,Down,Down
2022-11-07,29.4,70.6,Down,Up
2022-11-04,31.0,69.0,Down,Up
2022-11-03,32.43,67.57,Down,Down
2022-11-02,31.91,68.09,Down,Down
2022-11-01,31.71,68.29,Down,Up
2022-10-31,32.11,67.89,Down,Up
2022-10-28,35.26,64.74,Down,Up
2022-10-27,32.22,67.78,Down,Up
2022-10-25,33.05,66.95,Down,Down
2022-10-24,34.52,65.48,Down,Up
2022-10-21,32.41,67.59,Down,Up
2022-10-20,33.61,66.39,Down,Up
2022-10-19,29.85,70.15,Down,Up
2022-10-18,28.28,71.72,Down,Up
2022-10-17,28.18,71.82,Down,Up
2022-10-14,25.43,74.57,Down,Up
2022-10-13,24.06,75.94,Down,Down
2022-10-12,24.41,75.59,Down,Up
2022-10-11,23.69,76.31,Down,Down
2022-10-10,22.5,77.5,Down,Down
2022-10-07,22.36,77.64,Down,Down
2022-10-06,20.75,79.25,Down,Up
2022-10-04,20.26,79.74,Down,Up
2022-10-03,19.45,80.55,Down,Down
2022-09-30,20.01,79.99,Down,Up
2022-09-29,19.76,80.24,Down,Down
2022-09-28,18.97,81.03,Down,Down
2022-09-27,19.75,80.25,Down,Down
2022-09-26,21.05,78.95,Down,Down
2022-09-23,22.65,77.35,Down,Down
2022-09-22,21.88,78.12,Down,Down
2022-09-21,18.03,81.97,Down,Down
2022-09-20,16.91,83.09,Down,Up
2022-09-19,18.16,81.84,Down,Up
2022-09-16,17.19,82.81,Down,Down
2022-09-15,17.63,82.37,Down,Down
2022-09-14,18.37,81.63,Down,Down
2022-09-13,22.12,77.88,Down,Up
2022-09-12,22.07,77.93,Down,Up
2022-09-09,24.7,75.3,Down,Up
2022-09-08,25.89,74.11,Down,Up
2022-09-07,25.61,74.39,Down,Down
2022-09-06,26.16,73.84,Down,Down
2022-09-05,27.05,72.95,Down,Up
2022-09-02,22.8,77.2,Down,Down
2022-09-01,22.72,77.28,Down,Down
2022-08-30,24.76,75.24,Down,Up
2022-08-29,26.5,73.5,Down,Down
2022-08-26,25.38,74.62,Down,Up
2022-08-25,27.54,72.46,Down,Down
2022-08-24,27.55,72.45,Down,Up
2022-08-23,26.77,73.23,Down,Up
2022-08-22,30.27,69.73,Down,Down
2022-08-19,33.98,66.02,Down,Down
2022-08-18,31.28,68.72,Down,Up
2022-08-17,26.67,73.33,Down,Up
2022-08-16,29.56,70.44,Down,Up
2022-08-12,27.65,72.35,Down,Up
2022-08-11,22.92,77.08,Down,Up
2022-08-10,22.15,77.85,Down,Up
2022-08-08,23.43,76.57,Down,Up
2022-08-05,27.38,72.62,Down,Up
2022-08-04,25.14,74.86,Down,Down
2022-08-03,27.0,73.0,Down,Up
2022-08-02,15.78,84.22,Down,Up
2022-08-01,14.39,85.61,Down,Up
2022-07-29,12.25,87.75,Down,Up
2022-07-28,12.72,87.28,Down,Up
2022-07-27,12.53,87.47,Down,Up
2022-07-26,11.33,88.67,Down,Down
2022-07-25,14.51,85.49,Down,Down
2022-07-22,14.91,85.09,Down,Up
2022-07-21,13.11,86.89,Down,Up
2022-07-20,12.15,87.85,Down,Up
2022-07-19,11.74,88.26,Down,Up
2022-07-18,11.4,88.6,Down,Up
2022-07-15,11.68,88.32,Down,Up
2022-07-14,12.47,87.53,Down,Down
2022-07-13,12.12,87.88,Down,Down
2022-07-12,12.13,87.87,Down,Down
2022-07-11,13.91,86.09,Down,Down
2022-07-08,14.88,85.12,Down,Up
2022-07-07,15.28,84.72,Down,Up
2022-07-06,14.01,85.99,Down,Up
2022-07-05,11.39,88.61,Down,Down
2022-07-04,10.37,89.63,Down,Up
2022-07-01,9.76,90.24,Down,Down
2022-06-30,11.21,88.79,Down,Down
2022-06-29,10.15,89.85,Down,Down
2022-06-28,10.19,89.81,Down,Up
2022-06-27,10.23,89.77,Down,Up
2022-06-24,11.46,88.54,Down,Up
2022-06-23,12.53,87.47,Down,Up
2022-06-22,12.43,87.57,Down,Down
2022-06-21,14.11,85.89,Down,Up
2022-06-20,14.69,85.31,Down,Up
2022-06-17,14.03,85.97,Down,Down
2022-06-16,11.57,88.43,Down,Down
2022-06-15,11.4,88.6,Down,Down
2022-06-14,11.95,88.05,Down,Down
2022-06-13,12.65,87.35,Down,Down
2022-06-10,12.47,87.53,Down,Down
2022-06-09,13.93,86.07,Down,Up
2022-06-08,14.83,85.17,Down,Down
2022-06-07,13.66,86.34,Down,Down
2022-06-06,13.4,86.6,Down,Down
2022-06-03,14.02,85.98,Down,Down
2022-06-02,13.61,86.39,Down,Up
2022-06-01,14.06,85.94,Down,Down
2022-05-31,16.49,83.51,Down,Down
2022-05-30,17.42,82.58,Down,Up
2022-05-27,19.16,80.84,Down,Up
2022-05-26,20.19,79.81,Down,Up
2022-05-25,20.91,79.09,Down,Down
2022-05-24,21.66,78.34,Down,Down
2022-05-23,21.99,78.01,Down,Down
2022-05-20,18.44,81.56,Down,Up
2022-05-19,20.68,79.32,Down,Down
2022-05-18,20.13,79.87,Down,Down
2022-05-17,18.55,81.45,Down,Up
2022-05-16,18.25,81.75,Down,Up
2022-05-13,19.16,80.84,Down,Down
2022-05-12,16.9,83.1,Down,Down
2022-05-11,13.3,86.7,Down,Down
2022-05-10,14.11,85.89,Down,Down
2022-05-09,17.61,82.39,Down,Down
2022-05-06,17.69,82.31,Down,Down
2022-05-05,18.05,81.95,Down,Up
2022-05-04,17.37,82.63,Down,Down
2022-05-02,15.26,84.74,Down,Down
2022-04-29,17.14,82.86,Down,Down
2022-04-28,16.99,83.01,Down,Up
2022-04-27,18.02,81.98,Down,Down
2022-04-26,17.86,82.14,Down,Up
2022-04-25,20.42,79.58,Down,Down
2022-04-22,21.18,78.82,Down,Down
2022-04-21,20.89,79.11,Down,Up
2022-04-20,22.99,77.01,Down,Up
2022-04-19,18.96,81.04,Down,Down
2022-04-18,22.98,77.02,Down,Down
2022-04-13,25.76,74.24,Down,Down
2022-04-12,24.77,75.23,Down,Down
2022-04-11,18.54,81.46,Down,Down
2022-04-08,18.34,81.66,Down,Up
2022-04-07,21.47,78.53,Down,Down
2022-04-06,19.68,80.32,Down,Down
2022-04-05,18.35,81.65,Down,Down
2022-04-04,19.9,80.1,Down,Up
2022-04-01,19.27,80.73,Down,Up
2022-03-31,18.03,81.97,Down,Down
2022-03-30,17.35,82.65,Down,Up
2022-03-29,18.42,81.58,Down,Up
2022-03-28,16.9,83.1,Down,Up
2022-03-25,14.05,85.95,Down,Down
2022-03-24,12.41,87.59,Down,Down
2022-03-23,11.83,88.17,Down,Down
2022-03-22,10.58,89.42,Down,Up
2022-03-21,11.37,88.63,Down,Down
2022-03-17,11.42,88.58,Down,Up
2022-03-16,12.37,87.63,Down,Up
2022-03-15,13.2,86.8,Down,Down
2022-03-14,13.21,86.79,Down,Up
2022-03-11,14.61,85.39,Down,Up
2022-03-10,16.29,83.71,Down,Up
2022-03-09,16.28,83.72,Down,Up
2022-03-08,19.23,80.77,Down,Up
2022-03-07,18.77,81.23,Down,Down
2022-03-04,15.07,84.93,Down,Down
2022-03-03,14.82,85.18,Down,Down
2022-03-02,14.69,85.31,Down,Down
2022-02-28,14.29,85.71,Down,Up
2022-02-25,13.23,86.77,Down,Up
2022-02-24,12.39,87.61,Down,Down
2022-02-23,11.82,88.18,Down,Down
2022-02-22,13.26,86.74,Down,Down
2022-02-21,13.02,86.98,Down,Down
2022-02-18,11.04,88.96,Down,Down
2022-02-17,12.15,87.85,Down,Down
2022-02-16,11.88,88.12,Down,Down
2022-02-15,11.22,88.78,Down,Up
2022-02-14,9.12,90.88,Down,Down
2022-02-11,9.3,90.7,Down,Down
2022-02-10,8.39,91.61,Down,Up
2022-02-09,8.87,91.13,Down,Up
2022-02-08,9.56,90.44,Down,Up
2022-02-07,10.29,89.71,Down,Down
2022-02-04,12.62,87.38,Down,Down
2022-02-03,11.38,88.62,Down,Down
2022-02-02,11.42,88.58,Down,Up
2022-02-01,11.53,88.47,Down,Up
2022-01-31,10.41,89.59,Down,Up
2022-01-28,9.71,90.29,Down,Down
2022-01-27,12.24,87.76,Down,Down
2022-01-25,12.57,87.43,Down,Up
2022-01-24,12.05,87.95,Down,Down
2022-01-21,13.45,86.55,Down,Down
2022-01-20,14.84,85.16,Down,Down
2022-01-19,15.86,84.14,Down,Down
2022-01-18,16.5,83.5,Down,Down
2022-01-17,17.57,82.43,Down,Up
2022-01-14,16.63,83.37,Down,Down
2022-01-13,16.91,83.09,Down,Up
2022-01-12,17.7,82.3,Down,Up
2022-01-11,17.05,82.95,Down,Up
2022-01-10,17.25,82.75,Down,Up
2022-01-07,14.77,85.23,Down,Up
2022-01-06,15.9,84.1,Down,Down
2022-01-05,15.85,84.15,Down,Up
2022-01-04,17.13,82.87,Down,Up
2022-01-03,18.83,81.17,Down,Up
2021-12-31,19.14,80.86,Down,Up
2021-12-30,19.52,80.48,Down,Down
2021-12-29,22.44,77.56,Down,Down
2021-12-28,22.83,77.17,Down,Up
2021-12-27,23.21,76.79,Down,Up
2021-12-24,28.34,71.66,Down,Down
2021-12-23,27.66,72.34,Down,Up
2021-12-22,27.08,72.92,Down,Up
2021-12-21,28.13,71.87,Down,Up
2021-12-20,29.29,70.71,Down,Down
2021-12-17,32.72,67.28,Down,Down
2021-12-16,32.04,67.96,Down,Up
2021-12-15,25.74,74.26,Down,Down
2021-12-14,25.27,74.73,Down,Down
2021-12-13,27.99,72.01,Down,Down
2021-12-10,27.98,72.02,Down,Down
2021-12-09,28.85,71.15,Down,Up
2021-12-08,28.79,71.21,Down,Up
2021-12-07,29.91,70.09,Down,Up
2021-12-06,30.6,69.4,Down,Down
2021-12-03,28.22,71.78,Down,Down
2021-12-02,26.8,73.2,Down,Up
2021-12-01,29.28,70.72,Down,Up
2021-11-30,30.87,69.13,Down,Down
2021-11-29,34.38,65.62,Down,Up
2021-11-26,33.33,66.67,Down,Down
2021-11-25,29.37,70.63,Down,Up
2021-11-24,29.26,70.74,Down,Down
2021-11-23,27.51,72.49,Down,Up
2021-11-22,26.01,73.99,Down,Down
2021-11-18,26.38,73.62,Down,Down
2021-11-17,24.1,75.9,Down,Down
2021-11-16,21.95,78.05,Down,Down
2021-11-15,21.44,78.56,Down,Up
2021-11-12,21.93,78.07,Down,Up
2021-11-11,22.27,77.73,Down,Down
2021-11-10,21.58,78.42,Down,Down
2021-11-09,20.84,79.16,Down,Down
2021-11-08,22.84,77.16,Down,Up
2021-11-04,23.21,76.79,Down,Up
2021-11-03,23.49,76.51,Down,Down
2021-11-02,22.04,77.96,Down,Down
2021-11-01,22.7,77.3,Down,Up
2021-10-29,24.35,75.65,Down,Down
2021-10-28,25.97,74.03,Down,Down
2021-10-27,24.68,75.32,Down,Down
2021-10-26,24.86,75.14,Down,Up
2021-10-25,25.72,74.28,Down,Up
2021-10-22,26.49,73.51,Down,Down
2021-10-21,25.82,74.18,Down,Down
2021-10-20,26.19,73.81,Down,Down
2021-10-19,26.66,73.34,Down,Down
2021-10-18,25.99,74.01,Down,Up
2021-10-14,23.92,76.08,Down,Up
2021-10-13,23.56,76.44,Down,Up
2021-10-12,23.55,76.45,Down,Up
2021-10-11,27.36,72.64,Down,Up
2021-10-08,29.67,70.33,Down,Up
2021-10-07,31.35,68.65,Down,Up
2021-10-06,32.46,67.54,Down,Down
2021-10-05,31.86,68.14,Down,Up
2021-10-04,32.36,67.64,Down,Up
2021-10-01,33.58,66.42,Down,Down
2021-09-30,34.15,65.85,Down,Down
2021-09-29,36.85,63.15,Down,Down
2021-09-28,37.72,62.28,Down,Down
2021-09-27,34.7,65.3,Down,Up
2021-09-24,34.08,65.92,Down,Up
2021-09-23,33.23,66.77,Down,Up
2021-09-22,30.58,69.42,Down,Down
2021-09-21,33.73,66.27,Down,Up
2021-09-20,33.42,66.58,Down,Down
2021-09-17,30.96,69.04,Down,Down
2021-09-16,30.46,69.54,Down,Up
2021-09-15,30.57,69.43,Down,Up
2021-09-14,30.3,69.7,Down,Up
2021-09-13,31.73,68.27,Down,Down
2021-09-09,29.34,70.66,Down,Up
2021-09-08,28.96,71.04,Down,Down
2021-09-07,25.74,74.26,Down,Down
2021-09-06,26.38,73.62,Down,Up
2021-09-03,23.25,76.75,Down,Up
2021-09-02,26.55,73.45,Down,Up
2021-09-01,27.62,72.38,Down,Down
2021-08-31,24.89,75.11,Down,Up
2021-08-30,23.39,76.61,Down,Up
2021-08-27,23.82,76.18,Down,Up
2021-08-26,23.64,76.36,Down,Up
2021-08-25,22.27,77.73,Down,Up
2021-08-24,21.85,78.15,Down,Up
2021-08-23,26.94,73.06,Down,Up
2021-08-20,26.74,73.26,Down,Down
2021-08-18,26.26,73.74,Down,Down
2021-08-17,27.0,73.0,Down,Up
2021-08-16,28.41,71.59,Down,Up
2021-08-13,30.24,69.76,Down,Up
2021-08-12,30.74,69.26,Down,Up
2021-08-11,31.54,68.46,Down,Up
2021-08-10,31.52,68.48,Down,Up
2021-08-09,31.31,68.69,Down,Up
2021-08-06,31.91,68.09,Down,Down
2021-08-05,32.42,67.58,Down,Up
2021-08-04,31.9,68.1,Down,Up
2021-08-03,32.45,67.55,Down,Up
2021-08-02,33.61,66.39,Down,Up
2021-07-30,35.08,64.92,Down,Down
2021-07-29,35.6,64.4,Down,Up
2021-07-28,38.4,61.6,Down,Down
2021-07-27,39.16,60.84,Down,Down
2021-07-26,36.86,63.14,Down,Down
2021-07-23,36.22,63.78,Down,Up
2021-07-22,33.79,66.21,Down,Up
2021-07-20,35.57,64.43,Down,Down
2021-07-19,37.82,62.18,Down,Down
2021-07-16,32.43,67.57,Down,Down
2021-07-15,30.17,69.83,Down,Up
2021-07-14,31.31,68.69,Down,Up
2021-07-13,30.02,69.98,Down,Up
2021-07-12,28.73,71.27,Down,Up
2021-07-09,29.7,70.3,Down,Down
2021-07-08,30.08,69.92,Down,Down
2021-07-07,32.06,67.94,Down,Up
2021-07-06,31.85,68.15,Down,Down
2021-07-05,31.59,68.41,Down,Up
2021-07-02,32.04,67.96,Down,Up
2021-07-01,34.71,65.29,Down,Down
2021-06-30,36.7,63.3,Down,Down
2021-06-29,36.72,63.28,Down,Down
2021-06-28,32.93,67.07,Down,Down
2021-06-25,32.31,67.69,Down,Up
2021-06-24,31.29,68.71,Down,Up
2021-06-23,27.06,72.94,Down,Down
2021-06-22,27.89,72.11,Down,Up
2021-06-21,28.45,71.55,Down,Up
2021-06-18,28.16,71.84,Down,Down
2021-06-17,30.56,69.44,Down,Down
2021-06-16,31.15,68.85,Down,Down
2021-06-15,33.93,66.07,Down,Up
2021-06-14,34.28,65.72,Down,Up
2021-06-11,32.21,67.79,Down,Up
2021-06-10,31.91,68.09,Down,Up
2021-06-09,34.26,65.74,Down,Down
2021-06-08,33.72,66.28,Down,Down
2021-06-07,32.29,67.71,Down,Up
2021-06-04,31.88,68.12,Down,Down
2021-06-03,29.9,70.1,Down,Up
2021-06-02,32.16,67.84,Down,Up
2021-06-01,31.95,68.05,Down,Down
2021-05-31,29.1,70.9,Down,Up
2021-05-28,29.68,70.32,Down,Up
2021-05-27,28.89,71.11,Down,Up
2021-05-26,28.92,71.08,Down,Up
2021-05-25,29.83,70.17,Down,Up
2021-05-24,31.29,68.71,Down,Up
2021-05-21,33.09,66.91,Down,Up
2021-05-20,32.69,67.31,Down,Down
2021-05-19,34.62,65.38,Down,Down
2021-05-18,39.44,60.56,Down,Up
2021-05-17,39.76,60.24,Down,Up
2021-05-14,35.14,64.86,Down,Down
2021-05-12,35.22,64.78,Down,Down
2021-05-11,34.08,65.92,Down,Down
2021-05-10,33.35,66.65,Down,Up
2021-05-07,35.93,64.07,Down,Up
2021-05-06,36.68,63.32,Down,Up
2021-05-05,35.19,64.81,Down,Up
2021-05-04,35.82,64.18,Down,Down
2021-05-03,38.15,61.85,Down,Up
2021-04-30,40.57,59.43,Down,Down
2021-04-29,41.01,58.99,Down,Up
2021-04-28,41.0,59.0,Down,Up
2021-04-27,43.23,56.77,Down,Up
2021-04-26,47.43,52.57,Down,Up
2021-04-23,54.1,45.9,Up,Down
2021-04-22,53.57,46.43,Up,Up
2021-04-20,51.5,48.5,Up,Down
2021-04-19,52.07,47.93,Up,Down
2021-04-16,51.73,48.27,Up,Up
2021-04-15,50.91,49.09,Up,Up
2021-04-13,49.87,50.13,Down,Up
2021-04-12,48.71,51.29,Down,Down
2021-04-09,48.03,51.97,Down,Down
2021-04-08,46.19,53.81,Down,Up
2021-04-07,46.98,53.02,Down,Up
2021-04-06,46.87,53.13,Down,Up
2021-04-05,48.03,51.97,Down,Down
2021-04-01,50.9,49.1,Up,Up
2021-03-31,49.06,50.94,Down,Down
2021-03-30,47.67,52.33,Down,Up
2021-03-26,47.1,52.9,Down,Up
2021-03-25,47.1,52.9,Down,Down
2021-03-24,50.32,49.68,Up,Down
2021-03-23,50.32,49.68,Up,Up
2021-03-22,48.99,51.01,Down,Down
2021-03-19,48.36,51.64,Down,Up
2021-03-18,49.39,50.61,Down,Down
2021-03-17,49.96,50.04,Down,Down
2021-03-16,50.19,49.81,Up,Down
2021-03-15,51.7,48.3,Up,Down
2021-03-12,53.09,46.91,Up,Down
2021-03-10,53.46,46.54,Up,Up
2021-03-09,53.69,46.31,Up,Up
2021-03-08,56.59,43.41,Up,Up
2021-03-05,56.57,43.43,Up,Down
2021-03-04,56.93,43.07,Up,Down
2021-03-03,55.55,44.45,Up,Up
2021-03-02,55.91,44.09,Up,Up
2021-03-01,56.37,43.63,Up,Up
2021-02-26,56.72,43.28,Up,Down
2021-02-25,55.86,44.14,Up,Up
2021-02-24,55.92,44.08,Up,Up
2021-02-23,55.11,44.89,Up,Up
2021-02-22,55.47,44.53,Up,Down
2021-02-19,59.6,40.4,Up,Down
2021-02-18,61.88,38.12,Up,Down
2021-02-17,62.89,37.11,Up,Down
2021-02-16,65.23,34.77,Up,Down
2021-02-15,63.62,36.38,Up,Up
2021-02-12,64.8,35.2,Up,Down
2021-02-11,66.0,34.0,Up,Up
2021-02-10,66.45,33.55,Up,Down
2021-02-09,67.42,32.58,Up,Down
2021-02-08,66.47,33.53,Up,Up
2021-02-05,64.62,35.38,Up,Up
2021-02-04,64.63,35.37,Up,Up
2021-02-03,68.0,32.0,Up,Up
2021-02-02,68.64,31.36,Up,Up
2021-02-01,70.01,29.99,Up,Up
2021-01-29,67.59,32.41,Up,Down
2021-01-28,68.24,31.76,Up,Down
2021-01-27,68.46,31.54,Up,Down
2021-01-25,68.41,31.59,Up,Down
2021-01-22,69.42,30.58,Up,Down
2021-01-21,66.78,33.22,Up,Down
2021-01-20,67.41,32.59,Up,Up
2021-01-19,67.53,32.47,Up,Up
2021-01-18,63.63,36.37,Up,Down
2021-01-15,64.18,35.82,Up,Down
2021-01-14,62.65,37.35,Up,Up
2021-01-13,62.31,37.69,Up,Up
2021-01-12,61.99,38.01,Up,Up
2021-01-11,57.48,42.52,Up,Up
2021-01-08,54.72,45.28,Up,Up
2021-01-07,55.18,44.82,Up,Down
2021-01-06,56.01,43.99,Up,Down
2021-01-05,56.34,43.66,Up,Up
2021-01-04,55.2,44.8,Up,Up
2021-01-01,53.14,46.86,Up,Up
2020-12-31,52.58,47.42,Up,Down
2020-12-30,55.33,44.67,Up,Up
2020-12-29,54.07,45.93,Up,Up
2020-12-28,57.63,42.37,Up,Up
2020-12-24,56.95,43.05,Up,Up
2020-12-23,56.72,43.28,Up,Up
2020-12-22,57.17,42.83,Up,Up
2020-12-21,56.08,43.92,Up,Down
2020-12-18,55.36,44.64,Up,Up
2020-12-17,55.03,44.97,Up,Up
2020-12-16,52.39,47.61,Up,Up
2020-12-15,52.27,47.73,Up,Up
2020-12-14,52.73,47.27,Up,Up
2020-12-11,51.7,48.3,Up,Up
2020-12-10,52.96,47.04,Up,Down
2020-12-09,53.3,46.7,Up,Up
2020-12-08,52.74,47.26,Up,Up
2020-12-07,53.07,46.93,Up,Up
2020-12-04,56.75,43.25,Up,Up
2020-12-03,55.03,44.97,Up,Up
2020-12-02,57.67,42.33,Up,Up
2020-12-01,57.2,42.8,Up,Up
2020-11-27,56.64,43.36,Up,Down
2020-11-26,54.31,45.69,Up,Up
2020-11-25,51.85,48.15,Up,Down
2020-11-24,51.05,48.95,Up,Up
2020-11-23,49.91,50.09,Down,Up
2020-11-20,53.56,46.44,Up,Up
2020-11-19,53.57,46.43,Up,Down
2020-11-18,56.32,43.68,Up,Up
2020-11-17,54.95,45.05,Up,Up
2020-11-14,54.39,45.61,Up,Up
2020-11-13,55.87,44.13,Up,Up
2020-11-12,58.72,41.28,Up,Down
2020-11-11,59.85,40.15,Up,Up
2020-11-10,60.86,39.14,Up,Up
2020-11-09,59.52,40.48,Up,Up
2020-11-06,63.42,36.58,Up,Up
2020-11-05,68.25,31.75,Up,Up
2020-11-04,64.53,35.47,Up,Up
2020-11-03,61.89,38.11,Up,Up
2020-11-02,62.91,37.09,Up,Up
2020-10-30,66.59,33.41,Up,Down
2020-10-29,68.66,31.34,Up,Down
2020-10-28,67.86,32.14,Up,Down
2020-10-27,66.07,33.93,Up,Up
2020-10-26,64.25,35.75,Up,Down
2020-10-23,62.84,37.16,Up,Up
2020-10-22,61.29,38.71,Up,Down
2020-10-21,59.73,40.27,Up,Up
2020-10-20,57.84,42.16,Up,Up
2020-10-19,58.18,41.82,Up,Up
2020-10-16,58.41,41.59,Up,Up
2020-10-15,59.99,40.01,Up,Down
2020-10-14,60.99,39.01,Up,Up
2020-10-13,64.72,35.28,Up,Up
2020-10-12,63.42,36.58,Up,Up
2020-10-09,62.83,37.17,Up,Up
2020-10-08,62.45,37.55,Up,Up
2020-10-07,60.46,39.54,Up,Up
2020-10-06,59.79,40.21,Up,Up
2020-10-05,60.37,39.63,Up,Up
2020-10-01,64.64,35.36,Up,Up
2020-09-30,62.26,37.74,Up,Up
2020-09-29,61.28,38.72,Up,Down
2020-09-28,61.93,38.07,Up,Up
2020-09-25,64.35,35.65,Up,Up
2020-09-24,64.79,35.21,Up,Down
2020-09-23,67.34,32.66,Up,Down
2020-09-22,67.98,32.02,Up,Down
2020-09-21,67.98,32.02,Up,Down
2020-09-18,67.89,32.11,Up,Down
2020-09-17,71.76,28.24,Up,Down
2020-09-16,73.03,26.97,Up,Up
2020-09-15,70.17,29.83,Up,Up
2020-09-14,70.32,29.68,Up,Down
2020-09-11,70.68,29.32,Up,Up
2020-09-10,70.08,29.92,Up,Up
2020-09-09,70.2,29.8,Up,Down
2020-09-08,66.59,33.41,Up,Down
2020-09-07,63.39,36.61,Up,Up
2020-09-04,69.9,30.1,Up,Down
2020-09-03,71.41,28.59,Up,Down
2020-09-02,71.61,28.39,Up,Up
2020-09-01,71.42,28.58,Up,Up
2020-08-31,71.43,28.57,Up,Down
2020-08-28,69.53,30.47,Up,Up
2020-08-27,70.06,29.94,Up,Up
2020-08-26,77.34,22.66,Up,Up
2020-08-25,79.49,20.51,Up,Up
2020-08-24,82.81,17.19,Up,Up
2020-08-21,84.98,15.02,Up,Up
2020-08-20,80.49,19.51,Up,Down
2020-08-19,82.35,17.65,Up,Up
2020-08-18,83.71,16.29,Up,Up
2020-08-17,86.19,13.81,Up,Up
2020-08-14,86.13,13.87,Up,Down
2020-08-13,82.17,17.83,Up,Down
2020-08-12,82.26,17.74,Up,Down
2020-08-11,83.68,16.32,Up,Up
2020-08-10,85.76,14.24,Up,Up
2020-08-07,83.84,16.16,Up,Up
2020-08-06,83.55,16.45,Up,Up
2020-08-05,77.78,22.22,Up,Up
2020-08-04,72.13,27.87,Up,Up
2020-08-03,73.39,26.61,Up,Down
2020-07-31,75.7,24.3,Up,Down
2020-07-30,76.53,23.47,Up,Down
2020-07-29,77.76,22.24,Up,Down
2020-07-28,76.45,23.55,Up,Up
2020-07-27,72.46,27.54,Up,Down
2020-07-24,73.05,26.95,Up,Down
2020-07-23,71.61,28.39,Up,Up
2020-07-22,71.42,28.58,Up,Down
2020-07-21,70.83,29.17,Up,Up
2020-07-20,68.88,31.12,Up,Up
2020-07-17,66.16,33.84,Up,Up
2020-07-16,65.11,34.89,Up,Up
2020-07-15,61.35,38.65,Up,Up
2020-07-14,58.21,41.79,Up,Down
2020-07-13,59.17,40.83,Up,Up
2020-07-10,58.44,41.56,Up,Down
2020-07-09,58.29,41.71,Up,Up
2020-07-08,59.79,40.21,Up,Down
2020-07-07,60.39,39.61,Up,Up
2020-07-06,57.85,42.15,Up,Up
2020-07-03,58.4,41.6,Up,Up
2020-07-02,60.85,39.15,Up,Up
2020-07-01,64.72,35.28,Up,Up
2020-06-30,63.49,36.51,Up,Down
2020-06-29,65.04,34.96,Up,Down
2020-06-26,63.35,36.65,Up,Up
2020-06-25,64.41,35.59,Up,Down
2020-06-24,66.53,33.47,Up,Down
2020-06-23,63.68,36.32,Up,Up
2020-06-22,62.4,37.6,Up,Up
2020-06-19,64.54,35.46,Up,Up
2020-06-18,69.5,30.5,Up,Up
2020-06-17,72.62,27.38,Up,Down
2020-06-16,71.96,28.04,Up,Up
2020-06-15,72.54,27.46,Up,Down
2020-06-12,70.31,29.69,Up,Up
2020-06-11,70.62,29.38,Up,Down
2020-06-10,65.45,34.55,Up,Up
2020-06-09,65.86,34.14,Up,Down
2020-06-08,64.71,35.29,Up,Up
2020-06-05,67.01,32.99,Up,Up
2020-06-04,70.34,29.66,Up,Down
2020-06-03,68.55,31.45,Up,Up
2020-06-02,67.7,32.3,Up,Up
2020-06-01,65.07,34.93,Up,Up
2020-05-29,64.75,35.25,Up,Up
2020-05-28,63.37,36.63,Up,Up
2020-05-27,64.7,35.3,Up,Up
2020-05-26,64.97,35.03,Up,Down
2020-05-22,64.34,35.66,Up,Down
2020-05-21,62.87,37.13,Up,Up
2020-05-20,58.31,41.69,Up,Up
2020-05-19,58.98,41.02,Up,Up
2020-05-18,59.62,40.38,Up,Down
2020-05-15,60.29,39.71,Up,Down
2020-05-14,63.68,36.32,Up,Down
2020-05-13,64.89,35.11,Up,Up
2020-05-12,60.86,39.14,Up,Down
2020-05-11,59.87,40.13,Up,Down
2020-05-08,58.47,41.53,Up,Up
2020-05-07,58.35,41.65,Up,Down
2020-05-06,58.9,41.1,Up,Up
2020-05-05,58.9,41.1,Up,Down
2020-05-04,63.75,36.25,Up,Down
2020-04-30,64.7,35.3,Up,Up
2020-04-29,59.68,40.32,Up,Up
2020-04-28,60.12,39.88,Up,Up
2020-04-27,61.32,38.68,Up,Up
2020-04-24,60.35,39.65,Up,Down
2020-04-23,60.47,39.53,Up,Up
2020-04-22,62.82,37.18,Up,Up
2020-04-21,63.68,36.32,Up,Down
2020-04-20,61.99,38.01,Up,Down
2020-04-17,64.16,35.84,Up,Up
2020-04-16,64.95,35.05,Up,Up
2020-04-15,65.53,34.47,Up,Down
2020-04-13,62.75,37.25,Up,Down
2020-04-09,65.27,34.73,Up,Up
2020-04-08,65.27,34.73,Up,Down
2020-04-07,66.94,33.06,Up,Up
2020-04-03,69.83,30.17,Up,Down
2020-04-01,68.46,31.54,Up,Down
2020-03-31,72.06,27.94,Up,Up
2020-03-30,73.21,26.79,Up,Down
2020-03-27,71.22,28.78,Up,Up
2020-03-26,72.27,27.73,Up,Up
2020-03-25,74.13,25.87,Up,Up
2020-03-24,72.8,27.2,Up,Up
2020-03-23,72.57,27.43,Up,Down
2020-03-20,71.91,28.09,Up,Up
2020-03-19,69.01,30.99,Up,Down
2020-03-18,66.71,33.29,Up,Down
2020-03-17,68.03,31.97,Up,Down
2020-03-16,67.47,32.53,Up,Down
2020-03-13,68.83,31.17,Up,Up
2020-03-12,69.13,30.87,Up,Down
2020-03-11,68.53,31.47,Up,Up
2020-03-09,68.36,31.64,Up,Down
2020-03-06,67.25,32.75,Up,Down
2020-03-05,65.63,34.37,Up,Up
2020-03-04,62.71,37.29,Up,Down
2020-03-03,61.61,38.39,Up,Up
2020-03-02,60.47,39.53,Up,Down
2020-02-28,62.3,37.7,Up,Down
2020-02-27,60.28,39.72,Up,Down
2020-02-26,59.35,40.65,Up,Down
2020-02-25,58.66,41.34,Up,Down
2020-02-24,61.29,38.71,Up,Down
2020-02-20,62.84,37.16,Up,Down
2020-02-19,64.0,36.0,Up,Up
2020-02-18,66.77,33.23,Up,Down
2020-02-17,66.06,33.94,Up,Down
2020-02-14,66.89,33.11,Up,Down
2020-02-13,63.6,36.4,Up,Down
2020-02-12,63.39,36.61,Up,Up
2020-02-11,60.33,39.67,Up,Up
2020-02-10,60.43,39.57,Up,Down
2020-02-07,60.06,39.94,Up,Down
2020-02-06,56.98,43.02,Up,Up
2020-02-05,57.9,42.1,Up,Up
2020-02-04,60.56,39.44,Up,Up
2020-02-03,61.25,38.75,Up,Up
2020-02-01,60.67,39.33,Up,Down
2020-01-31,60.02,39.98,Up,Down
2020-01-30,60.46,39.54,Up,Down
2020-01-29,61.73,38.27,Up,Up
2020-01-28,61.84,38.16,Up,Down
2020-01-27,60.69,39.31,Up,Down
2020-01-24,59.94,40.06,Up,Up
2020-01-23,60.04,39.96,Up,Up
2020-01-22,58.98,41.02,Up,Down
2020-01-21,59.08,40.92,Up,Down
2020-01-20,58.23,41.77,Up,Down
2020-01-17,56.49,43.51,Up,Down
2020-01-16,56.4,43.6,Up,Up
2020-01-15,55.51,44.49,Up,Down
2020-01-14,55.31,44.69,Up,Up
2020-01-13,57.16,42.84,Up,Up
2020-01-10,55.42,44.58,Up,Up
2020-01-09,55.52,44.48,Up,Up
2020-01-08,53.12,46.88,Up,Down
2020-01-07,52.62,47.38,Up,Up
2020-01-06,51.91,48.09,Up,Down
2020-01-03,53.23,46.77,Up,Down
2020-01-02,51.37,48.63,Up,Up
2020-01-01,52.14,47.86,Up,Up
2019-12-31,54.66,45.34,Up,Down
2019-12-30,54.0,46.0,Up,Up
2019-12-27,53.9,46.1,Up,Up
2019-12-26,52.85,47.15,Up,Down
2019-12-24,53.24,46.76,Up,Down
2019-12-23,52.25,47.75,Up,Down
2019-12-20,52.47,47.53,Up,Up
2019-12-19,52.96,47.04,Up,Up
2019-12-18,54.45,45.55,Up,Up
2019-12-17,55.98,44.02,Up,Up
2019-12-16,55.86,44.14,Up,Down
2019-12-13,57.18,42.82,Up,Up
2019-12-12,55.99,44.01,Up,Up
2019-12-11,57.72,42.28,Up,Up
2019-12-10,57.95,42.05,Up,Down
2019-12-09,55.61,44.39,Up,Up
2019-12-06,55.02,44.98,Up,Down
2019-12-05,56.22,43.78,Up,Down
2019-12-04,57.52,42.48,Up,Up
2019-12-03,56.76,43.24,Up,Down
2019-12-02,57.74,42.26,Up,Down
2019-11-29,56.49,43.51,Up,Down
2019-11-28,56.01,43.99,Up,Up
2019-11-27,55.67,44.33,Up,Up
2019-11-26,55.8,44.2,Up,Down
2019-11-25,55.04,44.96,Up,Up
2019-11-22,56.02,43.98,Up,Down
2019-11-21,56.46,43.54,Up,Down
2019-11-20,57.1,42.9,Up,Up
2019-11-19,56.78,43.22,Up,Up
2019-11-18,58.61,41.39,Up,Down
2019-11-15,61.91,38.09,Up,Up
2019-11-14,64.93,35.07,Up,Up
2019-11-13,65.35,34.65,Up,Down
2019-11-11,65.24,34.76,Up,Up
2019-11-08,65.75,34.25,Up,Down
2019-11-07,67.06,32.94,Up,Up
2019-11-06,67.07,32.93,Up,Up
2019-11-05,66.98,33.02,Up,Down
2019-11-04,65.35,34.65,Up,Up
2019-11-01,64.14,35.86,Up,Up
2019-10-31,63.69,36.31,Up,Up
2019-10-30,58.67,41.33,Up,Up
2019-10-29,56.7,43.3,Up,Up
2019-10-27,54.79,45.21,Up,Up
2019-10-25,56.11,43.89,Up,Up
2019-10-24,56.53,43.47,Up,Down
2019-10-23,56.75,43.25,Up,Up
2019-10-22,58.27,41.73,Up,Down
2019-10-18,58.9,41.1,Up,Up
2019-10-17,59.34,40.66,Up,Up
2019-10-16,56.98,43.02,Up,Up
2019-10-15,57.08,42.92,Up,Up
2019-10-14,54.49,45.51,Up,Up
2019-10-11,54.93,45.07,Up,Up
2019-10-10,53.74,46.26,Up,Down
2019-10-09,53.08,46.92,Up,Up
2019-10-07,51.55,48.45,Up,Down
2019-10-04,53.52,46.48,Up,Down
2019-10-03,53.74,46.26,Up,Down
2019-10-01,51.78,48.22,Up,Down
2019-09-30,52.2,47.8,Up,Down
2019-09-27,50.13,49.87,Up,Down
2019-09-26,52.2,47.8,Up,Up
2019-09-25,50.24,49.76,Up,Down
2019-09-24,51.34,48.66,Up,Down
2019-09-23,48.71,51.29,Down,Up
2019-09-20,47.29,52.71,Down,Up
2019-09-19,49.25,50.75,Down,Down
2019-09-18,49.76,50.24,Down,Up
2019-09-17,50.24,49.76,Up,Down
2019-09-16,52.32,47.68,Up,Down
2019-09-13,51.88,48.12,Up,Up
2019-09-12,51.44,48.56,Up,Down
2019-09-11,51.56,48.44,Up,Up
2019-09-09,50.72,49.28,Up,Up
2019-09-06,55.69,44.31,Up,Up
2019-09-05,54.0,46.0,Up,Up
2019-09-04,53.51,46.49,Up,Up
2019-09-03,54.7,45.3,Up,Down
2019-08-30,59.86,40.14,Up,Up
2019-08-29,60.08,39.92,Up,Down
2019-08-28,61.45,38.55,Up,Down
2019-08-27,62.76,37.24,Up,Up
2019-08-26,62.91,37.09,Up,Up
2019-08-23,63.6,36.4,Up,Up
2019-08-22,67.07,32.93,Up,Down
2019-08-21,67.58,32.42,Up,Down
2019-08-20,66.0,34.0,Up,Down
2019-08-19,66.59,33.41,Up,Up
2019-08-16,66.5,33.5,Up,Up
2019-08-14,64.64,35.36,Up,Up
2019-08-13,65.61,34.39,Up,Down
2019-08-09,63.97,36.03,Up,Up
2019-08-08,63.47,36.53,Up,Up
2019-08-07,62.24,37.76,Up,Down
2019-08-06,61.21,38.79,Up,Up
2019-08-05,61.31,38.69,Up,Down
2019-08-02,61.0,39.0,Up,Up
2019-08-01,63.29,36.71,Up,Down
2019-07-31,63.28,36.72,Up,Up
2019-07-30,64.2,35.8,Up,Down
2019-07-29,67.91,32.09,Up,Down
2019-07-26,69.66,30.34,Up,Up
2019-07-25,69.64,30.36,Up,Down
2019-07-24,68.89,31.11,Up,Down
2019-07-23,68.89,31.11,Up,Down
2019-07-22,70.61,29.39,Up,Down
2019-07-19,72.65,27.35,Up,Down
2019-07-18,72.29,27.71,Up,Down
2019-07-17,71.74,28.26,Up,Up
2019-07-16,72.12,27.88,Up,Up
2019-07-15,72.94,27.06,Up,Up
2019-07-12,75.75,24.25,Up,Down
2019-07-11,76.27,23.73,Up,Up
2019-07-10,74.76,25.24,Up,Down
2019-07-09,74.29,25.71,Up,Down
2019-07-08,73.94,26.06,Up,Down
2019-07-05,72.32,27.68,Up,Down
2019-07-04,71.42,28.58,Up,Up
2019-07-03,72.07,27.93,Up,Up
2019-07-02,72.74,27.26,Up,Up
2019-07-01,72.71,27.29,Up,Up
2019-06-28,71.34,28.66,Up,Down
2019-06-27,69.76,30.24,Up,Down
2019-06-26,67.44,32.56,Up,Up
2019-06-25,66.17,33.83,Up,Up
2019-06-24,68.57,31.43,Up,Down
2019-06-21,67.25,32.75,Up,Down
2019-06-20,66.97,33.03,Up,Up
2019-06-19,67.74,32.26,Up,Down
2019-06-18,68.28,31.72,Up,Up
2019-06-17,68.62,31.38,Up,Down
2019-06-14,68.63,31.37,Up,Down
2019-06-13,72.63,27.37,Up,Up
2019-06-12,72.82,27.18,Up,Down
2019-06-11,73.45,26.55,Up,Up
2019-06-10,73.77,26.23,Up,Up
2019-06-07,72.84,27.16,Up,Up
2019-06-06,72.29,27.71,Up,Down
2019-06-04,73.65,26.35,Up,Down
2019-06-03,74.09,25.91,Up,Up
2019-05-31,75.21,24.79,Up,Down
2019-05-30,73.04,26.96,Up,Up
2019-05-29,75.49,24.51,Up,Down
2019-05-28,73.58,26.42,Up,Up
2019-05-27,73.58,26.42,Up,Up
2019-05-24,75.33,24.67,Up,Up
2019-05-23,74.99,25.01,Up,Down
2019-05-22,73.87,26.13,Up,Up
2019-05-21,75.43,24.57,Up,Down
2019-05-20,79.14,20.86,Up,Up
2019-05-17,79.55,20.45,Up,Up
2019-05-16,78.95,21.05,Up,Up
2019-05-15,76.54,23.46,Up,Down
2019-05-14,75.8,24.2,Up,Up
2019-05-13,74.51,25.49,Up,Down
2019-05-10,74.57,25.43,Up,Down
2019-05-09,76.46,23.54,Up,Down
2019-05-08,76.42,23.58,Up,Down
2019-05-07,78.97,21.03,Up,Down
2019-05-06,78.38,21.62,Up,Down
2019-05-03,77.14,22.86,Up,Down
2019-05-02,75.22,24.78,Up,Down
2019-04-30,75.82,24.18,Up,Down
2019-04-26,76.16,23.84,Up,Up
2019-04-25,73.59,26.41,Up,Down
2019-04-24,74.38,25.62,Up,Up
2019-04-23,75.07,24.93,Up,Down
2019-04-22,73.99,26.01,Up,Down
2019-04-18,73.79,26.21,Up,Down
2019-04-16,72.76,27.24,Up,Up
2019-04-15,69.23,30.77,Up,Up
2019-04-12,70.07,29.93,Up,Up
2019-04-11,66.64,33.36,Up,Up
2019-04-10,64.91,35.09,Up,Down
2019-04-09,63.65,36.35,Up,Up
2019-04-08,64.97,35.03,Up,Down
2019-04-05,65.56,34.44,Up,Up
2019-04-04,62.65,37.35,Up,Down
2019-04-03,62.15,37.85,Up,Down
2019-04-02,61.45,38.55,Up,Up
2019-04-01,62.26,37.74,Up,Up
2019-03-29,58.96,41.04,Up,Up
2019-03-28,57.49,42.51,Up,Up
2019-03-27,58.02,41.98,Up,Down
2019-03-26,58.45,41.55,Up,Up
2019-03-25,60.73,39.27,Up,Down
2019-03-22,61.86,38.14,Up,Down
2019-03-20,58.24,41.76,Up,Down
2019-03-19,60.11,39.89,Up,Up
2019-03-18,59.5,40.5,Up,Up
2019-03-15,59.81,40.19,Up,Up
2019-03-14,56.56,43.44,Up,Up
2019-03-13,55.31,44.69,Up,Up
2019-03-12,56.77,43.23,Up,Up
2019-03-11,57.61,42.39,Up,Up
2019-03-08,61.83,38.17,Up,Down
2019-03-07,61.26,38.74,Up,Up
2019-03-06,59.51,40.49,Up,Up
2019-03-05,61.66,38.34,Up,Up
2019-03-01,58.26,41.74,Up,Up
2019-02-28,60.12,39.88,Up,Down
2019-02-27,54.99,45.01,Up,Down
2019-02-26,58.36,41.64,Up,Down
2019-02-25,58.94,41.06,Up,Up
2019-02-22,56.7,43.3,Up,Up
2019-02-21,54.37,45.63,Up,Up
2019-02-20,51.19,48.81,Up,Up
2019-02-19,52.51,47.49,Up,Down
2019-02-18,55.0,45.0,Up,Down
2019-02-15,55.37,44.63,Up,Down
2019-02-14,59.52,40.48,Up,Down
2019-02-13,59.4,40.6,Up,Down
2019-02-12,57.32,42.68,Up,Down
2019-02-11,54.32,45.68,Up,Down
2019-02-08,54.27,45.73,Up,Down
2019-02-07,54.95,45.05,Up,Up
2019-02-06,53.09,46.91,Up,Up
2019-02-05,53.46,46.54,Up,Up
2019-02-04,59.19,40.81,Up,Up
2019-02-01,53.72,46.28,Up,Up
2019-01-31,51.7,48.3,Up,Up
2019-01-30,50.86,49.14,Up,Down
2019-01-29,47.12,52.88,Down,Down
2019-01-28,48.67,51.33,Down,Down
2019-01-25,50.2,49.8,Up,Down
2019-01-24,50.11,49.89,Up,Up
2019-01-23,54.36,45.64,Up,Down
2019-01-22,54.46,45.54,Up,Down
2019-01-21,53.84,46.16,Up,Up
2019-01-18,50.64,49.36,Up,Up
2019-01-17,52.35,47.65,Up,Up
2019-01-16,53.62,46.38,Up,Up
2019-01-15,52.45,47.55,Up,Up
2019-01-14,54.15,45.85,Up,Down
2019-01-11,56.26,43.74,Up,Down
2019-01-10,57.42,42.58,Up,Down
2019-01-09,58.78,41.22,Up,Up
2019-01-08,62.83,37.17,Up,Up
2019-01-07,58.58,41.42,Up,Up
2019-01-04,60.3,39.7,Up,Up
2019-01-03,61.35,38.65,Up,Down
2019-01-02,62.78,37.22,Up,Down
2019-01-01,62.78,37.22,Up,Up
2018-12-31,63.89,36.11,Up,Up
2018-12-28,66.06,33.94,Up,Up
2018-12-27,65.69,34.31,Up,Up
2018-12-26,68.76,31.24,Up,Up
2018-12-24,69.06,30.94,Up,Down
2018-12-21,69.06,30.94,Up,Down
2018-12-20,68.02,31.98,Up,Down
2018-12-19,68.49,31.51,Up,Up
2018-12-18,72.0,28.0,Up,Up
2018-12-17,71.92,28.08,Up,Up
2018-12-14,71.69,28.31,Up,Up
2018-12-13,71.91,28.09,Up,Up
2018-12-12,71.92,28.08,Up,Up
2018-12-11,71.39,28.61,Up,Up
2018-12-10,75.49,24.51,Up,Down
2018-12-07,75.84,24.16,Up,Up
2018-12-06,75.21,24.79,Up,Down
2018-12-05,73.44,26.56,Up,Down
2018-12-04,72.08,27.92,Up,Down
2018-12-03,71.13,28.87,Up,Up
2018-11-30,73.33,26.67,Up,Up
2018-11-29,72.75,27.25,Up,Up
2018-11-28,73.97,26.03,Up,Up
2018-11-27,78.4,21.6,Up,Up
2018-11-26,76.45,23.55,Up,Up
2018-11-22,75.42,24.58,Up,Down
2018-11-21,72.46,27.54,Up,Down
2018-11-20,71.97,28.03,Up,Down
2018-11-19,70.79,29.21,Up,Up
2018-11-16,71.98,28.02,Up,Up
2018-11-15,68.63,31.37,Up,Up
2018-11-14,66.0,34.0,Up,Down
2018-11-13,61.75,38.25,Up,Up
2018-11-12,62.66,37.34,Up,Down
2018-11-09,62.25,37.75,Up,Down
2018-11-07,66.29,33.71,Up,Up
2018-11-06,69.9,30.1,Up,Up
2018-11-05,70.73,29.27,Up,Down
2018-11-02,69.3,30.7,Up,Up
2018-11-01,73.91,26.09,Up,Down
2018-10-31,72.44,27.56,Up,Up
2018-10-30,74.0,26.0,Up,Down
2018-10-29,70.69,29.31,Up,Up
2018-10-26,71.82,28.18,Up,Down
2018-10-25,67.58,32.42,Up,Down
2018-10-24,66.53,33.47,Up,Up
2018-10-23,63.22,36.78,Up,Down
2018-10-22,61.81,38.19,Up,Down
2018-10-19,59.42,40.58,Up,Down
2018-10-17,59.18,40.82,Up,Down
2018-10-16,57.42,42.58,Up,Up
2018-10-15,53.97,46.03,Up,Up
2018-10-12,52.94,47.06,Up,Up
2018-10-11,54.5,45.5,Up,Down
2018-10-10,54.65,45.35,Up,Up
2018-10-09,54.61,45.39,Up,Down
2018-10-08,56.06,43.94,Up,Up
2018-10-05,54.71,45.29,Up,Down
2018-10-04,60.86,39.14,Up,Down
2018-10-03,61.31,38.69,Up,Down
2018-10-01,64.21,35.79,Up,Up
2018-09-28,65.28,34.72,Up,Down
2018-09-27,63.87,36.13,Up,Down
2018-09-26,61.71,38.29,Up,Down
2018-09-25,65.29,34.71,Up,Up
2018-09-24,60.31,39.69,Up,Down
2018-09-21,59.81,40.19,Up,Down
2018-09-19,61.83,38.17,Up,Down
2018-09-18,61.03,38.97,Up,Down
2018-09-17,65.19,34.81,Up,Down
2018-09-14,65.05,34.95,Up,Up
2018-09-12,68.72,31.28,Up,Up
2018-09-11,73.13,26.87,Up,Down
2018-09-10,72.54,27.46,Up,Down
2018-09-07,70.04,29.96,Up,Up
2018-09-06,66.86,33.14,Up,Up
2018-09-05,64.39,35.61,Up,Down
2018-09-04,66.86,33.14,Up,Down
2018-09-03,65.99,34.01,Up,Down
2018-08-31,70.57,29.43,Up,Up
2018-08-30,69.49,30.51,Up,Down
2018-08-29,67.63,32.37,Up,Down
2018-08-28,60.18,39.82,Up,Up
2018-08-27,59.97,40.03,Up,Up
2018-08-24,63.88,36.12,Up,Down
2018-08-23,61.99,38.01,Up,Up
2018-08-21,62.29,37.71,Up,Up
2018-08-20,64.56,35.44,Up,Up
2018-08-17,67.08,32.92,Up,Up
2018-08-16,66.89,33.11,Up,Down
2018-08-14,63.06,36.94,Up,Up
2018-08-13,59.69,40.31,Up,Down
2018-08-10,60.65,39.35,Up,Down
2018-08-09,62.92,37.08,Up,Up
2018-08-08,64.63,35.37,Up,Up
2018-08-07,63.91,36.09,Up,Up
2018-08-06,65.27,34.73,Up,Up
2018-08-03,68.02,31.98,Up,Up
2018-08-02,73.59,26.41,Up,Down
2018-08-01,70.69,29.31,Up,Down
2018-07-31,69.11,30.89,Up,Up
2018-07-30,67.1,32.9,Up,Up
2018-07-27,68.92,31.08,Up,Up
2018-07-26,70.7,29.3,Up,Up
2018-07-25,67.39,32.61,Up,Down
2018-07-24,63.53,36.47,Up,Up
2018-07-23,64.91,35.09,Up,Up
2018-07-20,63.65,36.35,Up,Up
2018-07-19,61.37,38.63,Up,Down
2018-07-18,60.48,39.52,Up,Down
2018-07-17,63.71,36.29,Up,Up
2018-07-16,61.78,38.22,Up,Down
2018-07-13,58.61,41.39,Up,Down
2018-07-12,54.14,45.86,Up,Up
2018-07-11,51.71,48.29,Up,Up
2018-07-10,49.78,50.22,Down,Up
2018-07-09,47.6,52.4,Down,Up
2018-07-06,48.12,51.88,Down,Up
2018-07-05,47.08,52.92,Down,Down
2018-07-04,44.69,55.31,Down,Up
2018-07-03,43.35,56.65,Down,Up
2018-07-02,38.41,61.59,Down,Down
2018-06-29,39.75,60.25,Down,Up
2018-06-28,42.93,57.07,Down,Down
2018-06-27,41.96,58.04,Down,Down
2018-06-26,39.57,60.43,Down,Up
2018-06-25,41.28,58.72,Down,Down
2018-06-22,40.79,59.21,Down,Up
2018-06-21,39.72,60.28,Down,Down
2018-06-20,40.05,59.95,Down,Up
2018-06-19,42.23,57.77,Down,Down
2018-06-18,38.34,61.66,Down,Down
2018-06-15,36.36,63.64,Down,Up
2018-06-14,33.96,66.04,Down,Down
2018-06-13,37.65,62.35,Down,Up
2018-06-12,37.45,62.55,Down,Up
2018-06-11,36.75,63.25,Down,Up
2018-06-08,37.53,62.47,Down,Down
2018-06-07,36.84,63.16,Down,Up
2018-06-06,38.52,61.48,Down,Up
2018-06-05,40.57,59.43,Down,Down
2018-06-04,41.13,58.87,Down,Down
2018-06-01,43.26,56.74,Down,Down
2018-05-31,49.04,50.96,Down,Up
2018-05-30,50.6,49.4,Up,Down
2018-05-29,50.39,49.61,Up,Down
2018-05-28,50.97,49.03,Up,Up
2018-05-25,46.76,53.24,Down,Up
2018-05-24,45.62,54.38,Down,Up
2018-05-23,43.66,56.34,Down,Down
2018-05-22,41.73,58.27,Down,Up
2018-05-21,42.33,57.67,Down,Down
2018-05-18,42.18,57.82,Down,Down
2018-05-17,40.79,59.21,Down,Down
2018-05-16,40.58,59.42,Down,Down
2018-05-15,39.48,60.52,Down,Down
2018-05-14,40.34,59.66,Down,Up
2018-05-11,40.88,59.12,Down,Up
2018-05-10,39.66,60.34,Down,Down
2018-05-09,38.07,61.93,Down,Up
2018-05-08,39.21,60.79,Down,Up
2018-05-07,41.97,58.03,Down,Up
2018-05-04,41.88,58.12,Down,Down
2018-05-03,45.06,54.94,Down,Down
2018-05-02,47.37,52.63,Down,Down
2018-04-30,45.46,54.54,Down,Up
2018-04-27,45.07,54.93,Down,Up
2018-04-26,40.83,59.17,Down,Up
2018-04-25,42.19,57.81,Down,Down
2018-04-24,42.34,57.66,Down,Up
2018-04-23,42.49,57.51,Down,Up
2018-04-20,40.1,59.9,Down,Down
2018-04-19,37.96,62.04,Down,Up
2018-04-18,39.89,60.11,Down,Down
2018-04-17,36.81,63.19,Down,Up
2018-04-16,37.79,62.21,Down,Up
2018-04-13,37.24,62.76,Down,Up
2018-04-12,37.09,62.91,Down,Up
2018-04-11,40.56,59.44,Down,Up
2018-04-10,37.96,62.04,Down,Up
2018-04-09,36.98,63.02,Down,Up
2018-04-06,32.1,67.9,Down,Up
2018-04-05,30.51,69.49,Down,Up
2018-04-04,28.28,71.72,Down,Down
2018-04-03,26.71,73.29,Down,Up
2018-04-02,25.69,74.31,Down,Up
2018-03-28,25.37,74.63,Down,Down
2018-03-27,23.37,76.63,Down,Up
2018-03-26,24.33,75.67,Down,Up
2018-03-23,27.78,72.22,Down,Down
2018-03-22,27.69,72.31,Down,Down
2018-03-21,24.65,75.35,Down,Up
2018-03-20,21.36,78.64,Down,Up
2018-03-19,25.03,74.97,Down,Down
2018-03-16,23.19,76.81,Down,Down
2018-03-15,21.89,78.11,Down,Down
2018-03-14,21.73,78.27,Down,Down
2018-03-13,21.19,78.81,Down,Up
2018-03-12,21.18,78.82,Down,Up
2018-03-09,23.67,76.33,Down,Down
2018-03-08,23.37,76.63,Down,Up
2018-03-07,24.69,75.31,Down,Down
2018-03-06,26.36,73.64,Down,Down
2018-03-05,27.92,72.08,Down,Down
2018-03-01,29.02,70.98,Down,Down
2018-02-28,31.77,68.23,Down,Down
2018-02-27,33.27,66.73,Down,Down
2018-02-26,35.75,64.25,Down,Up
2018-02-23,37.62,62.38,Down,Up
2018-02-22,37.22,62.78,Down,Down
2018-02-21,34.49,65.51,Down,Up
2018-02-20,32.22,67.78,Down,Down
2018-02-19,34.39,65.61,Down,Down
2018-02-16,31.48,68.52,Down,Down
2018-02-15,34.47,65.53,Down,Up
2018-02-14,32.55,67.45,Down,Down
2018-02-12,31.25,68.75,Down,Up
2018-02-09,31.62,68.38,Down,Down
2018-02-08,33.67,66.33,Down,Up
2018-02-07,30.97,69.03,Down,Down
2018-02-06,31.0,69.0,Down,Down
2018-02-05,31.51,68.49,Down,Down
2018-02-02,38.32,61.68,Down,Down
2018-02-01,39.3,60.7,Down,Down
2018-01-31,40.91,59.09,Down,Down
2018-01-30,34.3,65.7,Down,Down
2018-01-29,33.53,66.47,Down,Up
2018-01-25,31.74,68.26,Down,Down
2018-01-24,33.91,66.09,Down,Up
2018-01-23,30.82,69.18,Down,Up
2018-01-22,32.87,67.13,Down,Up
2018-01-19,32.63,67.37,Down,Up
2018-01-18,33.56,66.44,Down,Up
2018-01-17,38.63,61.37,Down,Up
2018-01-16,41.96,58.04,Down,Down
2018-01-15,40.83,59.17,Down,Up
2018-01-12,38.48,61.52,Down,Up
2018-01-11,35.08,64.92,Down,Up
2018-01-10,35.27,64.73,Down,Down
2018-01-09,30.65,69.35,Down,Up
2018-01-08,34.0,66.0,Down,Up
2018-01-05,34.96,65.04,Down,Up
2018-01-04,31.5,68.5,Down,Up
2018-01-03,29.89,70.11,Down,Up
2018-01-02,26.29,73.71,Down,Up
2018-01-01,23.64,76.36,Down,Down
2017-12-29,21.3,78.7,Down,Up
2017-12-28,20.16,79.84,Down,Down
2017-12-27,18.87,81.13,Down,Down
2017-12-26,19.43,80.57,Down,Up
2017-12-22,18.33,81.67,Down,Up
2017-12-21,19.4,80.6,Down,Down
2017-12-20,19.4,80.6,Down,Down
2017-12-19,16.53,83.47,Down,Up
2017-12-18,13.55,86.45,Down,Up
2017-12-15,16.12,83.88,Down,Up
2017-12-14,15.93,84.07,Down,Up
2017-12-13,12.69,87.31,Down,Down
2017-12-12,9.8,90.2,Down,Down
2017-12-11,9.26,90.74,Down,Up
2017-12-08,8.12,91.88,Down,Up
2017-12-07,7.92,92.08,Down,Up
2017-12-06,8.27,91.73,Down,Down
2017-12-05,8.79,91.21,Down,Down
2017-12-04,9.43,90.57,Down,Up
2017-12-01,10.57,89.43,Down,Down
2017-11-30,10.52,89.48,Down,Down
2017-11-29,10.28,89.72,Down,Down
2017-11-28,10.89,89.11,Down,Down
2017-11-27,10.78,89.22,Down,Up
2017-11-24,10.44,89.56,Down,Up
2017-11-23,11.5,88.5,Down,Up
2017-11-22,11.45,88.55,Down,Up
2017-11-21,12.64,87.36,Down,Up
2017-11-20,11.49,88.51,Down,Up
2017-11-17,12.18,87.82,Down,Up
2017-11-16,13.42,86.58,Down,Up
2017-11-15,15.62,84.38,Down,Down
2017-11-14,12.35,87.65,Down,Down
2017-11-13,10.79,89.21,Down,Down
2017-11-10,10.49,89.51,Down,Up
2017-11-09,10.44,89.56,Down,Up
2017-11-08,10.11,89.89,Down,Down
2017-11-07,10.95,89.05,Down,Down
2017-11-06,12.97,87.03,Down,Down
2017-11-03,13.7,86.3,Down,Up
2017-11-02,15.48,84.52,Down,Down
2017-11-01,14.32,85.68,Down,Up
2017-10-31,12.77,87.23,Down,Down
2017-10-30,11.23,88.77,Down,Up
2017-10-27,9.8,90.2,Down,Down
2017-10-26,12.27,87.73,Down,Up
2017-10-25,10.12,89.88,Down,Up
2017-10-24,10.3,89.7,Down,Up
2017-10-23,8.02,91.98,Down,Up
2017-10-19,7.14,92.86,Down,Down
2017-10-18,5.54,94.46,Down,Down
2017-10-17,4.64,95.36,Down,Up
2017-10-16,4.33,95.67,Down,Up
2017-10-13,4.6,95.4,Down,Up
2017-10-12,4.18,95.82,Down,Up
2017-10-11,4.45,95.55,Down,Down
2017-10-10,4.85,95.15,Down,Up
2017-10-09,5.29,94.71,Down,Up
2017-10-06,5.3,94.7,Down,Up
2017-10-05,6.56,93.44,Down,Down
2017-10-04,6.96,93.04,Down,Up
2017-10-03,6.61,93.39,Down,Up
2017-09-29,5.67,94.33,Down,Up
2017-09-28,5.04,94.96,Down,Up
2017-09-27,5.49,94.51,Down,Down
2017-09-26,5.04,94.96,Down,Down
2017-09-25,6.51,93.49,Down,Down
2017-09-22,5.92,94.08,Down,Down
2017-09-21,5.31,94.69,Down,Down
2017-09-20,4.94,95.06,Down,Down
2017-09-19,3.75,96.25,Down,Down
2017-09-18,3.26,96.74,Down,Up
2017-09-15,4.56,95.44,Down,Down
2017-09-14,4.09,95.91,Down,Up
2017-09-13,4.41,95.59,Down,Down
2017-09-12,4.23,95.77,Down,Up
2017-09-11,3.58,96.42,Down,Up
2017-09-08,3.92,96.08,Down,Up
2017-09-07,3.78,96.22,Down,Up
2017-09-06,3.93,96.07,Down,Down
2017-09-05,4.08,95.92,Down,Up
2017-09-04,4.46,95.54,Down,Down
2017-09-01,4.05,95.95,Down,Up
2017-08-31,3.96,96.04,Down,Up
2017-08-30,4.11,95.89,Down,Up
2017-08-29,4.71,95.29,Down,Down
2017-08-28,4.37,95.63,Down,Up
2017-08-24,4.17,95.83,Down,Up
2017-08-23,4.44,95.56,Down,Up
2017-08-22,5.52,94.48,Down,Up
2017-08-21,6.23,93.77,Down,Down
2017-08-18,5.8,94.2,Down,Down
2017-08-17,6.67,93.33,Down,Up
2017-08-16,7.19,92.81,Down,Up
2017-08-14,9.6,90.4,Down,Up
2017-08-11,10.24,89.76,Down,Down
2017-08-10,10.27,89.73,Down,Down
2017-08-09,10.85,89.15,Down,Down
2017-08-08,12.98,87.02,Down,Down
2017-08-07,12.75,87.25,Down,Down
2017-08-04,13.09,86.91,Down,Up
2017-08-03,14.79,85.21,Down,Down
2017-08-02,14.47,85.53,Down,Down
2017-08-01,14.59,85.41,Down,Up
2017-07-31,12.84,87.16,Down,Up
2017-07-28,13.2,86.8,Down,Down
2017-07-27,12.36,87.64,Down,Down
2017-07-26,11.5,88.5,Down,Up
2017-07-25,11.75,88.25,Down,Down
2017-07-24,11.53,88.47,Down,Up
2017-07-21,12.89,87.11,Down,Up
2017-07-20,14.42,85.58,Down,Down
2017-07-19,14.34,85.66,Down,Up
2017-07-18,13.74,86.26,Down,Down
2017-07-17,14.6,85.4,Down,Up
2017-07-14,14.49,85.51,Down,Down
2017-07-13,13.47,86.53,Down,Up
2017-07-12,12.84,87.16,Down,Up
2017-07-11,13.08,86.92,Down,Up
2017-07-10,12.86,87.14,Down,Up
2017-07-07,12.32,87.68,Down,Down
2017-07-06,12.94,87.06,Down,Up
2017-07-05,13.12,86.88,Down,Up
2017-07-04,16.78,83.22,Down,Down
2017-07-03,15.59,84.41,Down,Up
2017-06-30,15.91,84.09,Down,Up
2017-06-29,15.01,84.99,Down,Up
2017-06-28,15.31,84.69,Down,Down
2017-06-27,13.79,86.21,Down,Down
2017-06-23,13.95,86.05,Down,Down
2017-06-22,14.45,85.55,Down,Down
2017-06-21,15.2,84.8,Down,Down
2017-06-20,14.7,85.3,Down,Down
2017-06-19,14.69,85.31,Down,Up
2017-06-16,15.11,84.89,Down,Up
2017-06-15,14.91,85.09,Down,Down
2017-06-14,14.54,85.46,Down,Up
2017-06-13,14.96,85.04,Down,Down
2017-06-12,15.79,84.21,Down,Down
2017-06-09,17.33,82.67,Down,Up
2017-06-08,18.93,81.07,Down,Down
2017-06-07,17.52,82.48,Down,Up
2017-06-06,19.07,80.93,Down,Down
2017-06-05,19.05,80.95,Down,Up
2017-06-02,18.61,81.39,Down,Up
2017-06-01,16.81,83.19,Down,Down
2017-05-31,18.45,81.55,Down,Down
2017-05-30,16.2,83.8,Down,Up
2017-05-29,17.96,82.04,Down,Up
2017-05-26,16.49,83.51,Down,Up
2017-05-25,16.41,83.59,Down,Up
2017-05-24,16.55,83.45,Down,Down
2017-05-23,15.56,84.44,Down,Down
2017-05-22,18.08,81.92,Down,Up
2017-05-19,17.68,82.32,Down,Down
2017-05-18,18.84,81.16,Down,Down
2017-05-17,19.18,80.82,Down,Up
2017-05-16,19.91,80.09,Down,Up
2017-05-15,22.38,77.62,Down,Up
2017-05-12,23.45,76.55,Down,Down
2017-05-11,26.13,73.87,Down,Up
2017-05-10,26.53,73.47,Down,Up
2017-05-09,24.81,75.19,Down,Up
2017-05-08,21.64,78.36,Down,Up
2017-05-05,22.42,77.58,Down,Down
2017-05-04,25.54,74.46,Down,Up
2017-05-03,27.32,72.68,Down,Down
2017-05-02,23.11,76.89,Down,Up
2017-04-28,23.74,76.26,Down,Down
2017-04-27,26.62,73.38,Down,Down
2017-04-26,29.8,70.2,Down,Up
2017-04-25,34.13,65.87,Down,Up
2017-04-24,28.73,71.27,Down,Up
2017-04-21,29.17,70.83,Down,Down
2017-04-20,28.47,71.53,Down,Up
2017-04-19,29.51,70.49,Down,Down
2017-04-18,24.1,75.9,Down,Down
2017-04-17,24.21,75.79,Down,Down
2017-04-13,23.06,76.94,Down,Down
2017-04-12,18.51,81.49,Down,Down
2017-04-11,19.1,80.9,Down,Up
2017-04-10,19.7,80.3,Down,Down
2017-04-07,17.98,82.02,Down,Down
2017-04-06,23.48,76.52,Down,Down
2017-04-05,21.01,78.99,Down,Up
2017-04-03,19.97,80.03,Down,Up
2017-03-31,19.21,80.79,Down,Up
2017-03-30,16.99,83.01,Down,Up
2017-03-29,15.51,84.49,Down,Up
2017-03-28,15.94,84.06,Down,Up
2017-03-27,16.99,83.01,Down,Down
2017-03-24,14.42,85.58,Down,Up
2017-03-23,10.86,89.14,Down,Up
2017-03-22,11.25,88.75,Down,Down
2017-03-21,12.0,88.0,Down,Down
2017-03-20,12.52,87.48,Down,Down
2017-03-17,12.89,87.11,Down,Up
2017-03-16,13.6,86.4,Down,Up
2017-03-15,12.5,87.5,Down,Down
2017-03-14,12.23,87.77,Down,Up
2017-03-10,11.14,88.86,Down,Up
2017-03-09,10.81,89.19,Down,Up
2017-03-08,10.33,89.67,Down,Down
2017-03-07,11.52,88.48,Down,Down
2017-03-06,11.89,88.11,Down,Up
2017-03-03,12.05,87.95,Down,Down
2017-03-02,11.96,88.04,Down,Down
2017-03-01,13.7,86.3,Down,Up
2017-02-28,14.8,85.2,Down,Down
2017-02-27,14.44,85.56,Down,Down
2017-02-23,13.45,86.55,Down,Up
2017-02-22,13.95,86.05,Down,Up
2017-02-21,14.43,85.57,Down,Up
2017-02-20,15.28,84.72,Down,Up
2017-02-17,15.73,84.27,Down,Up
2017-02-16,14.24,85.76,Down,Up
2017-02-15,14.64,85.36,Down,Down
2017-02-14,14.99,85.01,Down,Down
2017-02-13,15.83,84.17,Down,Up
2017-02-10,17.76,82.24,Down,Up
2017-02-09,17.45,82.55,Down,Up
2017-02-08,17.53,82.47,Down,Up
2017-02-07,17.99,82.01,Down,Down
2017-02-06,18.46,81.54,Down,Up
2017-02-03,17.77,82.23,Down,Up
2017-02-02,18.92,81.08,Down,Up
2017-02-01,19.16,80.84,Down,Up
2017-01-31,18.81,81.19,Down,Down
2017-01-30,20.97,79.03,Down,Down
2017-01-27,24.15,75.85,Down,Up
2017-01-25,25.16,74.84,Down,Up
2017-01-24,25.17,74.83,Down,Up
2017-01-23,24.74,75.26,Down,Up
2017-01-20,25.23,74.77,Down,Down
2017-01-19,25.63,74.37,Down,Up
2017-01-18,24.04,75.96,Down,Up
2017-01-17,23.16,76.84,Down,Down
2017-01-16,25.16,74.84,Down,Up
2017-01-13,27.04,72.96,Down,Down
2017-01-12,26.03,73.97,Down,Up
2017-01-11,28.57,71.43,Down,Up
2017-01-10,27.19,72.81,Down,Up
2017-01-09,28.38,71.62,Down,Down
2017-01-06,28.45,71.55,Down,Down
2017-01-05,29.9,70.1,Down,Up
2017-01-04,24.17,75.83,Down,Down
2017-01-03,21.28,78.72,Down,Up
2017-01-02,24.68,75.32,Down,Down
2016-12-30,22.25,77.75,Down,Up
2016-12-29,22.73,77.27,Down,Up
2016-12-28,22.01,77.99,Down,Up
2016-12-27,22.44,77.56,Down,Up
2016-12-26,17.7,82.3,Down,Down
2016-12-23,14.44,85.56,Down,Up
2016-12-22,13.02,86.98,Down,Down
2016-12-21,10.37,89.63,Down,Down
2016-12-20,10.63,89.37,Down,Down
2016-12-19,9.88,90.12,Down,Down
2016-12-16,10.23,89.77,Down,Down
2016-12-15,10.09,89.91,Down,Down
2016-12-14,10.46,89.54,Down,Down
2016-12-13,10.78,89.22,Down,Up
2016-12-12,10.19,89.81,Down,Down
2016-12-09,10.25,89.75,Down,Up
2016-12-08,9.97,90.03,Down,Up
2016-12-07,9.7,90.3,Down,Down
2016-12-06,9.73,90.27,Down,Up
2016-12-05,10.58,89.42,Down,Up
2016-12-02,11.01,88.99,Down,Down
2016-12-01,11.47,88.53,Down,Down
2016-11-30,11.17,88.83,Down,Up
2016-11-29,11.3,88.7,Down,Up
2016-11-28,11.87,88.13,Down,Up
2016-11-25,14.8,85.2,Down,Up
2016-11-24,15.49,84.51,Down,Down
2016-11-23,14.74,85.26,Down,Up
2016-11-22,13.65,86.35,Down,Up
2016-11-21,13.62,86.38,Down,Down
2016-11-18,13.78,86.22,Down,Down
2016-11-17,12.42,87.58,Down,Down
2016-11-16,12.19,87.81,Down,Up
2016-11-15,11.89,88.11,Down,Down
2016-11-11,12.26,87.74,Down,Down
2016-11-10,11.64,88.36,Down,Up
2016-11-09,13.22,86.78,Down,Down
2016-11-08,12.44,87.56,Down,Up
2016-11-07,12.02,87.98,Down,Up
2016-11-04,12.14,87.86,Down,Down
2016-11-03,12.13,87.87,Down,Down
2016-11-02,13.76,86.24,Down,Down
2016-11-01,15.54,84.46,Down,Up
2016-10-30,14.26,85.74,Down,Down
2016-10-28,12.31,87.69,Down,Up
2016-10-27,12.6,87.4,Down,Up
2016-10-26,12.35,87.65,Down,Down
2016-10-25,13.27,86.73,Down,Down
2016-10-24,14.48,85.52,Down,Up
2016-10-21,13.22,86.78,Down,Down
2016-10-20,13.06,86.94,Down,Up
2016-10-19,13.11,86.89,Down,Down
2016-10-18,14.19,85.81,Down,Up
2016-10-17,15.05,84.95,Down,Down
2016-10-14,14.06,85.94,Down,Up
2016-10-13,17.94,82.06,Down,Down
2016-10-10,17.57,82.43,Down,Up
2016-10-07,20.01,79.99,Down,Down
2016-10-06,22.16,77.84,Down,Down
2016-10-05,23.56,76.44,Down,Down
2016-10-04,27.86,72.14,Down,Up
2016-10-03,23.48,76.52,Down,Up
2016-09-30,20.15,79.85,Down,Up
2016-09-29,18.32,81.68,Down,Down
2016-09-28,17.84,82.16,Down,Up
2016-09-27,15.17,84.83,Down,Down
2016-09-26,14.13,85.87,Down,Down
2016-09-23,13.06,86.94,Down,Down
2016-09-22,11.95,88.05,Down,Up
2016-09-21,11.06,88.94,Down,Up
2016-09-20,10.55,89.45,Down,Down
2016-09-19,10.54,89.46,Down,Up
2016-09-16,11.07,88.93,Down,Up
2016-09-15,10.91,89.09,Down,Up
2016-09-14,11.5,88.5,Down,Up
2016-09-12,13.42,86.58,Down,Down
2016-09-09,12.31,87.69,Down,Down
2016-09-08,12.7,87.3,Down,Up
2016-09-07,11.91,88.09,Down,Down
2016-09-06,12.43,87.57,Down,Up
2016-09-02,11.05,88.95,Down,Up
2016-09-01,11.01,88.99,Down,Down
2016-08-31,12.22,87.78,Down,Up
2016-08-30,13.0,87.0,Down,Up
2016-08-29,12.46,87.54,Down,Up
2016-08-26,12.78,87.22,Down,Down
2016-08-25,11.86,88.14,Down,Down
2016-08-24,12.64,87.36,Down,Up
2016-08-23,12.83,87.17,Down,Up
2016-08-22,12.95,87.05,Down,Down
2016-08-19,14.22,85.78,Down,Down
2016-08-18,15.93,84.07,Down,Up
2016-08-17,15.7,84.3,Down,Down
2016-08-16,15.85,84.15,Down,Down
2016-08-12,15.99,84.01,Down,Up
2016-08-11,16.18,83.82,Down,Up
2016-08-10,16.67,83.33,Down,Down
2016-08-09,19.14,80.86,Down,Down
2016-08-08,21.38,78.62,Down,Up
2016-08-05,20.97,79.03,Down,Up
2016-08-04,20.42,79.58,Down,Up
2016-08-03,19.43,80.57,Down,Down
2016-08-02,17.7,82.3,Down,Down
2016-08-01,19.03,80.97,Down,Down
2016-07-29,19.25,80.75,Down,Down
2016-07-28,19.76,80.24,Down,Up
2016-07-27,20.06,79.94,Down,Up
2016-07-26,23.1,76.9,Down,Down
2016-07-25,25.22,74.78,Down,Up
2016-07-22,27.05,72.95,Down,Up
2016-07-21,25.0,75.0,Down,Down
2016-07-20,27.17,72.83,Down,Up
2016-07-19,21.51,78.49,Down,Up
2016-07-18,20.8,79.2,Down,Down
2016-07-15,24.97,75.03,Down,Down
2016-07-14,24.47,75.53,Down,Up
2016-07-13,25.53,74.47,Down,Down
2016-07-12,24.19,75.81,Down,Up
2016-07-11,21.3,78.7,Down,Up
2016-07-08,18.5,81.5,Down,Down
2016-07-07,18.83,81.17,Down,Up
2016-07-05,18.28,81.72,Down,Down
2016-07-04,20.57,79.43,Down,Up
2016-07-01,22.81,77.19,Down,Up
2016-06-30,24.24,75.76,Down,Up
2016-06-29,22.79,77.21,Down,Up
2016-06-28,21.01,78.99,Down,Up
2016-06-27,20.94,79.06,Down,Up
2016-06-24,22.93,77.07,Down,Down
2016-06-23,25.37,74.63,Down,Up
2016-06-22,22.75,77.25,Down,Down
2016-06-21,21.83,78.17,Down,Down
2016-06-20,25.49,74.51,Down,Up
2016-06-17,30.26,69.74,Down,Up
2016-06-16,27.51,72.49,Down,Down
2016-06-15,31.71,68.29,Down,Up
2016-06-14,36.62,63.38,Down,Down
2016-06-13,35.21,64.79,Down,Down
2016-06-10,31.77,68.23,Down,Down
2016-06-09,31.77,68.23,Down,Down
2016-06-08,27.44,72.56,Down,Up
2016-06-07,28.62,71.38,Down,Up
2016-06-06,20.7,79.3,Down,Down
2016-06-03,22.82,77.18,Down,Up
2016-06-02,22.97,77.03,Down,Up
2016-06-01,24.41,75.59,Down,Up
2016-05-31,22.61,77.39,Down,Down
2016-05-30,23.68,76.32,Down,Up
2016-05-27,30.79,69.21,Down,Up
2016-05-26,29.61,70.39,Down,Up
2016-05-25,31.22,68.78,Down,Up
2016-05-24,31.6,68.4,Down,Up
2016-05-23,28.88,71.12,Down,Down
2016-05-20,30.97,69.03,Down,Down
2016-05-19,27.46,72.54,Down,Down
2016-05-18,20.18,79.82,Down,Down
2016-05-17,21.11,78.89,Down,Up
2016-05-16,18.61,81.39,Down,Up
2016-05-13,17.28,82.72,Down,Down
2016-05-12,16.87,83.13,Down,Up
2016-05-11,19.32,80.68,Down,Down
2016-05-10,22.59,77.41,Down,Up
2016-05-09,18.4,81.6,Down,Up
2016-05-06,18.73,81.27,Down,Down
2016-05-05,20.08,79.92,Down,Up
2016-05-04,20.16,79.84,Down,Down
2016-05-03,19.96,80.04,Down,Down
2016-05-02,18.78,81.22,Down,Down
2016-04-29,21.62,78.38,Down,Up
2016-04-28,23.58,76.42,Down,Down
2016-04-27,28.47,71.53,Down,Up
2016-04-26,24.55,75.45,Down,Up
2016-04-25,24.37,75.63,Down,Down
2016-04-22,24.47,75.53,Down,Down
2016-04-21,22.35,77.65,Down,Down
2016-04-20,21.06,78.94,Down,Up
2016-04-18,20.92,79.08,Down,Up
2016-04-13,44.94,55.06,Down,Up
2016-04-12,48.68,51.32,Down,Up
2016-04-11,46.7,53.3,Down,Up
2016-04-08,44.63,55.37,Down,Up
2016-04-07,50.67,49.33,Up,Down
2016-04-06,46.29,53.71,Down,Up
2016-04-05,43.38,56.62,Down,Down
2016-04-04,46.09,53.91,Down,Up
2016-04-01,44.43,55.57,Down,Down
2016-03-31,44.71,55.29,Down,Up
2016-03-30,53.27,46.73,Up,Up
2016-03-29,58.84,41.16,Up,Down
2016-03-28,53.26,46.74,Up,Down
2016-03-23,54.37,45.63,Up,Up
2016-03-22,57.81,42.19,Up,Up
2016-03-21,62.86,37.14,Up,Up
2016-03-18,61.11,38.89,Up,Up
2016-03-17,60.2,39.8,Up,Up
2016-03-16,59.87,40.13,Up,Up
2016-03-15,60.7,39.3,Up,Down
2016-03-14,54.7,45.3,Up,Up
2016-03-11,59.5,40.5,Up,Up
2016-03-10,61.63,38.37,Up,Down
2016-03-09,61.62,38.38,Up,Up
2016-03-08,66.2,33.8,Up,Down
2016-03-04,68.75,31.25,Up,Up
2016-03-03,77.08,22.92,Up,Up
2016-03-02,79.44,20.56,Up,Up
2016-03-01,81.87,18.13,Up,Up
2016-02-29,74.77,25.23,Up,Down
2016-02-26,75.48,24.52,Up,Up
2016-02-25,80.94,19.06,Up,Down
2016-02-24,83.3,16.7,Up,Down
2016-02-23,83.32,16.68,Up,Down
2016-02-22,89.62,10.38,Up,Up
2016-02-19,89.68,10.32,Up,Up
2016-02-18,90.24,9.76,Up,Up
2016-02-17,91.74,8.26,Up,Up
2016-02-16,91.05,8.95,Up,Down
2016-02-15,93.15,6.85,Up,Up
2016-02-12,96.09,3.91,Up,Up
2016-02-11,97.06,2.94,Up,Down
2016-02-10,96.09,3.91,Up,Down
2016-02-09,97.04,2.96,Up,Down
2016-02-08,95.55,4.45,Up,Down
2016-02-05,96.1,3.9,Up,Up
2016-02-04,94.79,5.21,Up,Up
2016-02-03,91.98,8.02,Up,Down
2016-02-02,91.22,8.78,Up,Down
2016-02-01,92.09,7.91,Up,Down
2016-01-29,93.04,6.96,Up,Up
2016-01-28,93.02,6.98,Up,Down
2016-01-27,91.21,8.79,Up,Up
2016-01-25,91.69,8.31,Up,Up
2016-01-22,91.94,8.06,Up,Up
2016-01-21,88.97,11.03,Up,Down
2016-01-20,84.43,15.57,Up,Down
2016-01-19,87.11,12.89,Up,Up
2016-01-18,85.57,14.43,Up,Down
2016-01-15,85.21,14.79,Up,Down
2016-01-14,85.92,14.08,Up,Down
2016-01-13,89.36,10.64,Up,Up
2016-01-12,91.78,8.22,Up,Down
2016-01-11,91.07,8.93,Up,Down
2016-01-08,91.8,8.2,Up,Up
2016-01-07,92.39,7.61,Up,Down
2016-01-06,90.3,9.7,Up,Down
2016-01-05,92.09,7.91,Up,Down
2016-01-04,92.63,7.37,Up,Down
2016-01-01,95.23,4.77,Up,Up
2015-12-31,97.02,2.98,Up,Up
2015-12-30,98.02,1.98,Up,Down
2015-12-29,98.01,1.99,Up,Up
2015-12-28,96.75,3.25,Up,Up
2015-12-24,95.82,4.18,Up,Down
2015-12-23,96.14,3.86,Up,Up
2015-12-22,97.66,2.34,Up,Down
2015-12-21,95.97,4.03,Up,Up
2015-12-18,97.54,2.46,Up,Down
2015-12-17,97.01,2.99,Up,Up
2015-12-16,95.91,4.09,Up,Up
2015-12-15,94.89,5.11,Up,Up
2015-12-14,89.12,10.88,Up,Up
2015-12-11,88.8,11.2,Up,Down
2015-12-10,91.36,8.64,Up,Up
2015-12-09,91.84,8.16,Up,Down
2015-12-08,94.01,5.99,Up,Down
2015-12-07,93.49,6.51,Up,Down
2015-12-04,94.91,5.09,Up,Down
2015-12-03,96.27,3.73,Up,Down
2015-12-02,95.04,4.96,Up,Down
2015-12-01,93.84,6.16,Up,Up
2015-11-30,91.87,8.13,Up,Down
2015-11-27,90.64,9.36,Up,Up
2015-11-26,91.18,8.82,Up,Up
2015-11-24,94.3,5.7,Up,Down
2015-11-23,92.07,7.93,Up,Down
2015-11-20,93.72,6.28,Up,Up
2015-11-19,95.13,4.87,Up,Up
2015-11-18,95.21,4.79,Up,Down
2015-11-17,95.03,4.97,Up,Up
2015-11-16,97.54,2.46,Up,Up
2015-11-13,98.31,1.69,Up,Down
2015-11-11,97.52,2.48,Up,Up
2015-11-10,98.84,1.16,Up,Down
2015-11-09,98.84,1.16,Up,Down
2015-11-06,98.67,1.33,Up,Down
2015-11-05,98.0,2.0,Up,Down
2015-11-04,98.06,1.94,Up,Down
2015-11-03,98.93,1.07,Up,Up
2015-11-02,98.55,1.45,Up,Down
2015-10-30,98.68,1.32,Up,Down
2015-10-29,99.49,0.51,Up,Down
2015-10-28,99.13,0.87,Up,Down
2015-10-27,98.84,1.16,Up,Down
2015-10-26,97.72,2.28,Up,Down
2015-10-23,97.59,2.41,Up,Up
2015-10-21,97.06,2.94,Up,Down
2015-10-20,95.48,4.52,Up,Down
2015-10-19,89.68,10.32,Up,Up
2015-10-16,94.78,5.22,Up,Up
2015-10-15,96.44,3.56,Up,Up
2015-10-14,94.32,5.68,Up,Down
2015-10-13,89.98,10.02,Up,Down
2015-10-12,93.04,6.96,Up,Down
2015-10-09,96.8,3.2,Up,Up
2015-10-08,99.32,0.68,Up,Down
2015-10-07,99.4,0.6,Up,Up
2015-10-06,99.83,0.17,Up,Up
2015-10-05,99.72,0.28,Up,Up
2015-10-01,96.74,3.26,Up,Up
2015-09-30,94.28,5.72,Up,Up
2015-09-29,89.06,10.94,Up,Up
2015-09-28,92.53,7.47,Up,Down
2015-09-24,94.52,5.48,Up,Up
2015-09-23,88.45,11.55,Up,Up
2015-09-22,85.75,14.25,Up,Down
2015-09-21,77.65,22.35,Up,Down
2015-09-18,78.99,21.01,Up,Up
2015-09-16,88.02,11.98,Up,Up
2015-09-15,77.73,22.27,Up,Down
2015-09-14,73.21,26.79,Up,Up
2015-09-11,73.44,26.56,Up,Up
2015-09-10,62.63,37.37,Up,Down
2015-09-09,56.12,43.88,Up,Up
2015-09-08,57.62,42.38,Up,Up
2015-09-07,61.2,38.8,Up,Down
2015-09-04,54.64,45.36,Up,Down
2015-09-03,48.84,51.16,Down,Up
2015-09-02,46.6,53.4,Down,Down
2015-09-01,48.08,51.92,Down,Down
2015-08-31,43.83,56.17,Down,Down
2015-08-28,42.94,57.06,Down,Up
2015-08-27,52.0,48.0,Up,Up
2015-08-26,53.44,46.56,Up,Down
2015-08-25,50.33,49.67,Up,Up
2015-08-24,50.41,49.59,Up,Down
2015-08-21,43.94,56.06,Down,Down
2015-08-20,41.28,58.72,Down,Down
2015-08-19,36.96,63.04,Down,Up
2015-08-18,36.79,63.21,Down,Down
2015-08-17,36.39,63.61,Down,Down
2015-08-14,41.33,58.67,Down,Up
2015-08-13,37.55,62.45,Down,Up
2015-08-12,35.54,64.46,Down,Down
2015-08-11,41.4,58.6,Down,Down
2015-08-10,40.91,59.09,Down,Down
2015-08-07,46.91,53.09,Down,Down
2015-08-06,43.96,56.04,Down,Up
2015-08-05,42.03,57.97,Down,Up
2015-08-04,42.1,57.9,Down,Down
2015-08-03,42.48,57.52,Down,Up
2015-07-31,44.22,55.78,Down,Up
2015-07-30,38.88,61.12,Down,Up
2015-07-29,40.68,59.32,Down,Up
2015-07-28,39.74,60.26,Down,Down
2015-07-27,38.29,61.71,Down,Down
2015-07-24,34.71,65.29,Down,Down
2015-07-23,33.88,66.12,Down,Down
2015-07-22,31.48,68.52,Down,Up
2015-07-21,34.6,65.4,Down,Down
2015-07-20,34.72,65.28,Down,Down
2015-07-17,34.92,65.08,Down,Up
2015-07-16,35.43,64.57,Down,Up
2015-07-15,39.38,60.62,Down,Up
2015-07-14,39.2,60.8,Down,Down
2015-07-13,42.36,57.64,Down,Up
2015-07-10,43.59,56.41,Down,Up
2015-07-09,49.39,50.61,Down,Down
2015-07-08,42.43,57.57,Down,Down
2015-07-07,42.42,57.58,Down,Down
2015-07-06,36.94,63.06,Down,Up
2015-07-03,34.63,65.37,Down,Up
2015-07-02,43.65,56.35,Down,Down
2015-07-01,46.98,53.02,Down,Up
2015-06-30,49.32,50.68,Down,Up
2015-06-29,55.91,44.09,Up,Down
2015-06-26,61.94,38.06,Up,Down
2015-06-25,59.68,40.32,Up,Up
2015-06-24,51.27,48.73,Up,Down
2015-06-23,50.85,49.15,Up,Up
2015-06-22,45.77,54.23,Down,Up
2015-06-19,45.85,54.15,Down,Up
2015-06-18,53.25,46.75,Up,Up
2015-06-17,51.45,48.55,Up,Up
2015-06-16,52.16,47.84,Up,Up
2015-06-15,56.9,43.1,Up,Up
2015-06-12,49.34,50.66,Down,Up
2015-06-11,58.32,41.68,Up,Down
2015-06-10,51.62,48.38,Up,Up
2015-06-09,47.6,52.4,Down,Down
2015-06-08,40.17,59.83,Down,Down
2015-06-05,42.62,57.38,Down,Down
2015-06-04,45.21,54.79,Down,Down
2015-06-03,41.96,58.04,Down,Down
2015-06-02,38.76,61.24,Down,Down
2015-06-01,33.0,67.0,Down,Down
2015-05-29,30.33,69.67,Down,Up
2015-05-28,28.17,71.83,Down,Down
2015-05-27,31.4,68.6,Down,Down
2015-05-26,33.22,66.78,Down,Down
2015-05-25,32.49,67.51,Down,Down
2015-05-22,33.04,66.96,Down,Up
2015-05-21,35.55,64.45,Down,Down
2015-05-20,33.68,66.32,Down,Up
2015-05-19,29.47,70.53,Down,Down
2015-05-18,27.93,72.07,Down,Up
2015-05-15,30.82,69.18,Down,Up
2015-05-14,26.79,73.21,Down,Down
2015-05-13,26.05,73.95,Down,Up
2015-05-12,22.32,77.68,Down,Down
2015-05-11,23.25,76.75,Down,Up
2015-05-08,21.23,78.77,Down,Up
2015-05-07,22.7,77.3,Down,Down
2015-05-06,22.29,77.71,Down,Down
2015-05-05,20.49,79.51,Down,Down
2015-05-04,18.54,81.46,Down,Up
2015-04-30,16.41,83.59,Down,Down
2015-04-29,16.53,83.47,Down,Down
2015-04-28,15.46,84.54,Down,Up
2015-04-27,15.93,84.07,Down,Down
2015-04-24,17.92,82.08,Down,Down
2015-04-23,19.15,80.85,Down,Down
2015-04-22,17.87,82.13,Down,Up
2015-04-21,18.55,81.45,Down,Down
2015-04-20,16.33,83.67,Down,Down
2015-04-17,15.23,84.77,Down,Down
2015-04-16,15.01,84.99,Down,Down
2015-04-15,14.16,85.84,Down,Down
2015-04-13,13.21,86.79,Down,Up
2015-04-10,14.28,85.72,Down,Up
2015-04-09,13.66,86.34,Down,Up
2015-04-08,15.72,84.28,Down,Up
2015-04-07,15.2,84.8,Down,Up
2015-04-06,17.09,82.91,Down,Up
2015-04-01,16.41,83.59,Down,Up
2015-03-31,15.81,84.19,Down,Down
2015-03-30,15.24,84.76,Down,Up
2015-03-27,16.78,83.22,Down,Down
2015-03-26,18.37,81.63,Down,Down
2015-03-25,18.53,81.47,Down,Down
2015-03-24,20.96,79.04,Down,Down
2015-03-23,22.07,77.93,Down,Down
2015-03-20,21.67,78.33,Down,Down
2015-03-19,22.6,77.4,Down,Down
2015-03-18,21.23,78.77,Down,Down
2015-03-17,24.31,75.69,Down,Up
2015-03-16,20.88,79.12,Down,Down
2015-03-13,21.36,78.64,Down,Down
2015-03-12,21.68,78.32,Down,Up
2015-03-11,21.81,78.19,Down,Down
2015-03-10,16.77,83.23,Down,Down
2015-03-09,19.36,80.64,Down,Down
2015-03-05,19.34,80.66,Down,Up
2015-03-04,18.25,81.75,Down,Down
2015-03-03,25.16,74.84,Down,Up
2015-03-02,26.17,73.83,Down,Up
2015-02-28,27.43,72.57,Down,Up
2015-02-27,28.36,71.64,Down,Up
2015-02-26,21.29,78.71,Down,Down
2015-02-25,27.54,72.46,Down,Up
2015-02-24,20.59,79.41,Down,Up
2015-02-23,20.69,79.31,Down,Down
2015-02-20,22.34,77.66,Down,Down
2015-02-19,23.04,76.96,Down,Up
2015-02-18,19.29,80.71,Down,Up
2015-02-16,20.65,79.35,Down,Up
2015-02-13,18.48,81.52,Down,Up
2015-02-12,12.98,87.02,Down,Up
2015-02-11,11.93,88.07,Down,Up
2015-02-10,12.2,87.8,Down,Up
2015-02-09,12.12,87.88,Down,Down
2015-02-06,13.3,86.7,Down,Down
2015-02-05,14.97,85.03,Down,Down
2015-02-04,13.41,86.59,Down,Down
2015-02-03,14.07,85.93,Down,Down
2015-02-02,11.8,88.2,Down,Down
2015-01-30,11.83,88.17,Down,Down
2015-01-29,11.41,88.59,Down,Up
