Index Name,Date,PE,Close,Earnings
S&p 500,01/12/1927,15.72972973,17.46,1.11
S&p 500,01/01/1928,15.47219771,17.53,1.133
S&p 500,01/02/1928,14.995671,17.32,1.155
S&p 500,01/03/1928,15.50552251,18.25,1.177
S&p 500,01/04/1928,16.16666667,19.4,1.2
S&p 500,01/05/1928,16.36661211,20,1.222
S&p 500,01/06/1928,15.27710843,19.02,1.245
S&p 500,01/07/1928,15.11041009,19.16,1.268
S&p 500,01/08/1928,15.33333333,19.78,1.29
S&p 500,01/09/1928,16.13567073,21.17,1.312
S&p 500,01/10/1928,16.17977528,21.6,1.335
S&p 500,01/11/1928,16.99336772,23.06,1.357
S&p 500,01/12/1928,16.77536232,23.15,1.38
S&p 500,01/01/1929,17.7698356,24.86,1.399
S&p 500,01/02/1929,17.62341326,24.99,1.418
S&p 500,01/03/1929,17.68428373,25.43,1.438
S&p 500,01/04/1929,17.35072066,25.28,1.457
S&p 500,01/05/1929,17.38482385,25.66,1.476
S&p 500,01/06/1929,17.4916388,26.15,1.495
S&p 500,01/07/1929,18.81109643,28.48,1.514
S&p 500,01/08/1929,19.6347032,30.1,1.533
S&p 500,01/09/1929,20.16752577,31.3,1.552
S&p 500,01/10/1929,17.80534351,27.99,1.572
S&p 500,01/11/1929,12.93526084,20.58,1.591
S&p 500,01/12/1929,13.29192547,21.4,1.61
S&p 500,01/01/1930,13.94348105,21.71,1.557
S&p 500,01/02/1930,15.3493014,23.07,1.503
S&p 500,01/03/1930,16.51034483,23.94,1.45
S&p 500,01/04/1930,18.22476736,25.46,1.397
S&p 500,01/05/1930,17.82576322,23.94,1.343
S&p 500,01/06/1930,16.68217054,21.52,1.29
S&p 500,01/07/1930,17.02506063,21.06,1.237
S&p 500,01/08/1930,17.5739645,20.79,1.183
S&p 500,01/09/1930,18.38938053,20.78,1.13
S&p 500,01/10/1930,16.63881151,17.92,1.077
S&p 500,01/11/1930,16.24633431,16.62,1.023
S&p 500,01/12/1930,15.98969072,15.51,0.97
S&p 500,01/01/1931,17,15.98,0.94
S&p 500,01/02/1931,18.9010989,17.2,0.91
S&p 500,01/03/1931,19.92045455,17.53,0.88
S&p 500,01/04/1931,18.65882353,15.86,0.85
S&p 500,01/05/1931,17.47560976,14.33,0.82
S&p 500,01/06/1931,17.55696203,13.87,0.79
S&p 500,01/07/1931,18.85526316,14.33,0.76
S&p 500,01/08/1931,19.04109589,13.9,0.73
S&p 500,01/09/1931,16.9,11.83,0.7
S&p 500,01/10/1931,15.29850746,10.25,0.67
S&p 500,01/11/1931,16.234375,10.39,0.64
S&p 500,01/12/1931,13.83606557,8.44,0.61
S&p 500,01/01/1932,13.98954997,8.3,0.5933
S&p 500,01/02/1932,14.2708514,8.23,0.5767
S&p 500,01/03/1932,14.75,8.26,0.56
S&p 500,01/04/1932,11.55899135,6.28,0.5433
S&p 500,01/05/1932,10.4613632,5.51,0.5267
S&p 500,01/06/1932,9.352941176,4.77,0.51
S&p 500,01/07/1932,10.15609163,5.01,0.4933
S&p 500,01/08/1932,15.79609817,7.53,0.4767
S&p 500,01/09/1932,17.95652174,8.26,0.46
S&p 500,01/10/1932,16.061358,7.12,0.4433
S&p 500,01/11/1932,16.52214671,7.05,0.4267
S&p 500,01/12/1932,16.63414634,6.82,0.41
S&p 500,01/01/1933,17.18787879,7.09,0.4125
S&p 500,01/02/1933,15.06024096,6.25,0.415
S&p 500,01/03/1933,14.92215569,6.23,0.4175
S&p 500,01/04/1933,16.4047619,6.89,0.42
S&p 500,01/05/1933,20.99408284,8.87,0.4225
S&p 500,01/06/1933,24.44705882,10.39,0.425
S&p 500,01/07/1933,26.26900585,11.23,0.4275
S&p 500,01/08/1933,24.81395349,10.67,0.43
S&p 500,01/09/1933,24.46242775,10.58,0.4325
S&p 500,01/10/1933,21.95402299,9.55,0.435
S&p 500,01/11/1933,22.35428571,9.78,0.4375
S&p 500,01/12/1933,22.65909091,9.97,0.44
S&p 500,01/01/1934,23.72805043,10.54,0.4442
S&p 500,01/02/1934,25.25094803,11.32,0.4483
S&p 500,01/03/1934,23.73480663,10.74,0.4525
S&p 500,01/04/1934,23.91066346,10.92,0.4567
S&p 500,01/05/1934,21.2890625,9.81,0.4608
S&p 500,01/06/1934,21.37634409,9.94,0.465
S&p 500,01/07/1934,20.18329071,9.47,0.4692
S&p 500,01/08/1934,19.22670611,9.1,0.4733
S&p 500,01/09/1934,18.59685864,8.88,0.4775
S&p 500,01/10/1934,18.58002906,8.95,0.4817
S&p 500,01/11/1934,18.9378345,9.2,0.4858
S&p 500,01/12/1934,18.89795918,9.26,0.49
S&p 500,01/01/1935,16.24561404,9.26,0.57
S&p 500,01/02/1935,13.81538462,8.98,0.65
S&p 500,01/03/1935,11.52054795,8.41,0.73
S&p 500,01/04/1935,11.9471313,9.04,0.756667
S&p 500,01/05/1935,12.44681381,9.75,0.783333
S&p 500,01/06/1935,12.49382716,10.12,0.81
S&p 500,01/07/1935,13.42437539,10.65,0.793333
S&p 500,01/08/1935,14.6394787,11.37,0.776667
S&p 500,01/09/1935,15.27631579,11.61,0.76
S&p 500,01/10/1935,15.68421053,11.92,0.76
S&p 500,01/11/1935,17.15789474,13.04,0.76
S&p 500,01/12/1935,17.15789474,13.04,0.76
S&p 500,01/01/1936,17.87012987,13.76,0.77
S&p 500,01/02/1936,18.65384615,14.55,0.78
S&p 500,01/03/1936,18.81012658,14.86,0.79
S&p 500,01/04/1936,18.14634146,14.88,0.82
S&p 500,01/05/1936,16.57647059,14.09,0.85
S&p 500,01/06/1936,16.69318182,14.69,0.88
S&p 500,01/07/1936,17.28888889,15.56,0.9
S&p 500,01/08/1936,17.25,15.87,0.92
S&p 500,01/09/1936,17.07446809,16.05,0.94
S&p 500,01/10/1936,17.47240777,16.89,0.966667
S&p 500,01/11/1936,17.47651593,17.36,0.993333
S&p 500,01/12/1936,16.7254902,17.06,1.02
S&p 500,01/01/1937,16.75238095,17.59,1.05
S&p 500,01/02/1937,16.76851852,18.11,1.08
S&p 500,01/03/1937,16.2972973,18.09,1.11
S&p 500,01/04/1937,15.05309735,17.01,1.13
S&p 500,01/05/1937,14.13043478,16.25,1.15
S&p 500,01/06/1937,13.36752137,15.64,1.17
S&p 500,01/07/1937,13.96344392,16.57,1.18667
S&p 500,01/08/1937,13.91139588,16.74,1.20333
S&p 500,01/09/1937,11.77868852,14.37,1.22
S&p 500,01/10/1937,10.31932773,12.28,1.19
S&p 500,01/11/1937,9.655172414,11.2,1.16
S&p 500,01/12/1937,9.752212389,11.02,1.13
S&p 500,01/01/1938,10.50461144,11.31,1.07667
S&p 500,01/02/1938,10.78830876,11.04,1.02333
S&p 500,01/03/1938,10.62886598,10.31,0.97
S&p 500,01/04/1938,10.94834352,9.89,0.903333
S&p 500,01/05/1938,11.9282821,9.98,0.836667
S&p 500,01/06/1938,13.25974026,10.21,0.77
S&p 500,01/07/1938,17,12.24,0.72
S&p 500,01/08/1938,18.37313433,12.31,0.67
S&p 500,01/09/1938,18.9516129,11.75,0.62
S&p 500,01/10/1938,20.84041445,13.06,0.626667
S&p 500,01/11/1938,20.63685297,13.07,0.633333
S&p 500,01/12/1938,19.828125,12.69,0.64
S&p 500,01/01/1939,18.84423057,12.5,0.663333
S&p 500,01/02/1939,18.05824366,12.4,0.686667
S&p 500,01/03/1939,17.45070423,12.39,0.71
S&p 500,01/04/1939,14.90366289,10.83,0.726667
S&p 500,01/05/1939,15.10763009,11.23,0.743333
S&p 500,01/06/1939,15.03947368,11.43,0.76
S&p 500,01/07/1939,15.07724675,11.71,0.776667
S&p 500,01/08/1939,14.5462246,11.54,0.793333
S&p 500,01/09/1939,15.7654321,12.77,0.81
S&p 500,01/10/1939,15.35714286,12.9,0.84
S&p 500,01/11/1939,14.56321839,12.67,0.87
S&p 500,01/12/1939,13.74444444,12.37,0.9
S&p 500,01/01/1940,13.22580645,12.3,0.93
S&p 500,01/02/1940,12.72916667,12.22,0.96
S&p 500,01/03/1940,12.27272727,12.15,0.99
S&p 500,01/04/1940,12.18870136,12.27,1.00667
S&p 500,01/05/1940,10.33879589,10.58,1.02333
S&p 500,01/06/1940,9.298076923,9.67,1.04
S&p 500,01/07/1940,9.484207229,9.99,1.05333
S&p 500,01/08/1940,9.562470117,10.2,1.06667
S&p 500,01/09/1940,9.842592593,10.63,1.08
S&p 500,01/10/1940,10.02803738,10.73,1.07
S&p 500,01/11/1940,10.35849057,10.98,1.06
S&p 500,01/12/1940,10.02857143,10.53,1.05
S&p 500,01/01/1941,10.01585448,10.55,1.05333
S&p 500,01/02/1941,9.359591926,9.89,1.05667
S&p 500,01/03/1941,9.386792453,9.95,1.06
S&p 500,01/04/1941,9.009345794,9.64,1.07
S&p 500,01/05/1941,8.731481481,9.43,1.08
S&p 500,01/06/1941,8.95412844,9.76,1.09
S&p 500,01/07/1941,9.13355826,10.26,1.12333
S&p 500,01/08/1941,8.827063899,10.21,1.15667
S&p 500,01/09/1941,8.605042017,10.24,1.19
S&p 500,01/10/1941,8.330508475,9.83,1.18
S&p 500,01/11/1941,8.008547009,9.37,1.17
S&p 500,01/12/1941,7.551724138,8.76,1.16
S&p 500,01/01/1942,7.973214286,8.93,1.12
S&p 500,01/02/1942,8.009259259,8.65,1.08
S&p 500,01/03/1942,7.865384615,8.18,1.04
S&p 500,01/04/1942,7.68627451,7.84,1.02
S&p 500,01/05/1942,7.93,7.93,1
S&p 500,01/06/1942,8.5,8.33,0.98
S&p 500,01/07/1942,8.937927952,8.64,0.966667
S&p 500,01/08/1942,9.010492661,8.59,0.953333
S&p 500,01/09/1942,9.234042553,8.68,0.94
S&p 500,01/10/1942,9.608247423,9.32,0.97
S&p 500,01/11/1942,9.47,9.47,1
S&p 500,01/12/1942,9.242718447,9.52,1.03
S&p 500,01/01/1943,9.670957415,10.09,1.04333
S&p 500,01/02/1943,10.11668733,10.69,1.05667
S&p 500,01/03/1943,10.34579439,11.07,1.07
S&p 500,01/04/1943,10.59259259,11.44,1.08
S&p 500,01/05/1943,10.90825688,11.89,1.09
S&p 500,01/06/1943,11,12.1,1.1
S&p 500,01/07/1943,11.29576615,12.35,1.09333
S&p 500,01/08/1943,10.80364784,11.74,1.08667
S&p 500,01/09/1943,11.10185185,11.99,1.08
S&p 500,01/10/1943,11.49681128,11.88,1.03333
S&p 500,01/11/1943,11.48310423,11.33,0.986667
S&p 500,01/12/1943,12.21276596,11.48,0.94
S&p 500,01/01/1944,12.65124105,11.85,0.936667
S&p 500,01/02/1944,12.61071879,11.77,0.933333
S&p 500,01/03/1944,13.01075269,12.1,0.93
S&p 500,01/04/1944,12.83093064,11.89,0.926667
S&p 500,01/05/1944,13.10469787,12.1,0.923333
S&p 500,01/06/1944,13.77173913,12.67,0.92
S&p 500,01/07/1944,14.23358184,13,0.913333
S&p 500,01/08/1944,14.12867128,12.81,0.906667
S&p 500,01/09/1944,14,12.6,0.9
S&p 500,01/10/1944,14.18681319,12.91,0.91
S&p 500,01/11/1944,13.93478261,12.82,0.92
S&p 500,01/12/1944,14.08602151,13.1,0.93
S&p 500,01/01/1945,14.35106383,13.49,0.94
S&p 500,01/02/1945,14.67368421,13.94,0.95
S&p 500,01/03/1945,14.51041667,13.93,0.96
S&p 500,01/04/1945,14.6712379,14.28,0.973333
S&p 500,01/05/1945,15.0202652,14.82,0.986667
S&p 500,01/06/1945,15.09,15.09,1
S&p 500,01/07/1945,14.82942648,14.78,0.996667
S&p 500,01/08/1945,14.92953521,14.83,0.993333
S&p 500,01/09/1945,16,15.84,0.99
S&p 500,01/10/1945,16.83673469,16.5,0.98
S&p 500,01/11/1945,17.56701031,17.04,0.97
S&p 500,01/12/1945,18.05208333,17.33,0.96
S&p 500,01/01/1946,19.17021277,18.02,0.94
S&p 500,01/02/1946,19.64130435,18.07,0.92
S&p 500,01/03/1946,19.47777778,17.53,0.9
S&p 500,01/04/1946,21.20454545,18.66,0.88
S&p 500,01/05/1946,21.74418605,18.7,0.86
S&p 500,01/06/1946,22.11904762,18.58,0.84
S&p 500,01/07/1946,21.07003071,18.05,0.856667
S&p 500,01/08/1946,20.26718331,17.7,0.873333
S&p 500,01/09/1946,16.95505618,15.09,0.89
S&p 500,01/10/1946,15.58098043,14.75,0.946667
S&p 500,01/11/1946,14.64124466,14.69,1.00333
S&p 500,01/12/1946,14.27358491,15.13,1.06
S&p 500,01/01/1947,13.46017699,15.21,1.13
S&p 500,01/02/1947,13.16666667,15.8,1.2
S&p 500,01/03/1947,11.93700787,15.16,1.27
S&p 500,01/04/1947,11.00499747,14.6,1.32667
S&p 500,01/05/1947,10.36629004,14.34,1.38333
S&p 500,01/06/1947,10.30555556,14.84,1.44
S&p 500,01/07/1947,10.67943413,15.77,1.47667
S&p 500,01/08/1947,10.21588153,15.46,1.51333
S&p 500,01/09/1947,9.716129032,15.06,1.55
S&p 500,01/10/1947,9.840764331,15.45,1.57
S&p 500,01/11/1947,9.603773585,15.27,1.59
S&p 500,01/12/1947,9.335403727,15.03,1.61
S&p 500,01/01/1948,9.024359076,14.83,1.64333
S&p 500,01/02/1948,8.409526025,14.1,1.67667
S&p 500,01/03/1948,8.362573099,14.3,1.71
S&p 500,01/04/1948,8.75,15.4,1.76
S&p 500,01/05/1948,8.922651934,16.15,1.81
S&p 500,01/06/1948,9.043010753,16.82,1.86
S&p 500,01/07/1948,8.507772021,16.42,1.93
S&p 500,01/08/1948,7.97,15.94,2
S&p 500,01/09/1948,7.61352657,15.76,2.07
S&p 500,01/10/1948,7.553666491,16.19,2.14333
S&p 500,01/11/1948,6.897733988,15.29,2.21667
S&p 500,01/12/1948,6.633187773,15.19,2.29
S&p 500,01/01/1949,6.620689655,15.36,2.32
S&p 500,01/02/1949,6.285106383,14.77,2.35
S&p 500,01/03/1949,6.264705882,14.91,2.38
S&p 500,01/04/1949,6.238818102,14.89,2.38667
S&p 500,01/05/1949,6.175496066,14.78,2.39333
S&p 500,01/06/1949,5.820833333,13.97,2.4
S&p 500,01/07/1949,6.158544981,14.76,2.39667
S&p 500,01/08/1949,6.388588285,15.29,2.39333
S&p 500,01/09/1949,6.481171548,15.49,2.39
S&p 500,01/10/1949,6.714075051,15.89,2.36667
S&p 500,01/11/1949,6.87483197,16.11,2.34333
S&p 500,01/12/1949,7.129310345,16.54,2.32
S&p 500,01/01/1950,7.223955458,16.88,2.33667
S&p 500,01/02/1950,7.31304152,17.21,2.35333
S&p 500,01/03/1950,7.320675105,17.35,2.37
S&p 500,01/04/1950,7.351638253,17.84,2.42667
S&p 500,01/05/1950,7.425513323,18.44,2.48333
S&p 500,01/06/1950,7.377952756,18.74,2.54
S&p 500,01/07/1950,6.684615385,17.38,2.6
S&p 500,01/08/1950,6.928571429,18.43,2.66
S&p 500,01/09/1950,7.014705882,19.08,2.72
S&p 500,01/10/1950,7.199275362,19.87,2.76
S&p 500,01/11/1950,7.082142857,19.83,2.8
S&p 500,01/12/1950,6.954225352,19.75,2.84
S&p 500,01/01/1951,7.477076995,21.21,2.83667
S&p 500,01/02/1951,7.764715017,22,2.83333
S&p 500,01/03/1951,7.643109541,21.63,2.83
S&p 500,01/04/1951,7.847264734,21.92,2.79333
S&p 500,01/05/1951,7.955250356,21.93,2.75667
S&p 500,01/06/1951,7.922794118,21.55,2.72
S&p 500,01/07/1951,8.275471698,21.93,2.65
S&p 500,01/08/1951,8.872093023,22.89,2.58
S&p 500,01/09/1951,9.354581673,23.48,2.51
S&p 500,01/10/1951,9.394089284,23.36,2.48667
S&p 500,01/11/1951,9.219227631,22.71,2.46333
S&p 500,01/12/1951,9.594262295,23.41,2.44
S&p 500,01/01/1952,9.968392901,24.19,2.42667
S&p 500,01/02/1952,9.841173814,23.75,2.41333
S&p 500,01/03/1952,9.920833333,23.81,2.4
S&p 500,01/04/1952,9.974789916,23.74,2.38
S&p 500,01/05/1952,10.05508475,23.73,2.36
S&p 500,01/06/1952,10.41880342,24.38,2.34
S&p 500,01/07/1952,10.68748482,25.08,2.34667
S&p 500,01/08/1952,10.69973187,25.18,2.35333
S&p 500,01/09/1952,10.5,24.78,2.36
S&p 500,01/10/1952,10.22192447,24.26,2.37333
S&p 500,01/11/1952,10.48741552,25.03,2.38667
S&p 500,01/12/1952,10.85,26.04,2.4
S&p 500,01/01/1953,10.86307054,26.18,2.41
S&p 500,01/02/1953,10.68595041,25.86,2.42
S&p 500,01/03/1953,10.69547325,25.99,2.43
S&p 500,01/04/1953,10.05833099,24.71,2.45667
S&p 500,01/05/1953,10.00269799,24.84,2.48333
S&p 500,01/06/1953,9.541832669,23.95,2.51
S&p 500,01/07/1953,9.626168595,24.29,2.52333
S&p 500,01/08/1953,9.614967654,24.39,2.53667
S&p 500,01/09/1953,9.125490196,23.27,2.55
S&p 500,01/10/1953,9.449396256,23.97,2.53667
S&p 500,01/11/1953,9.709391954,24.5,2.52333
S&p 500,01/12/1953,9.892430279,24.83,2.51
S&p 500,01/01/1954,10.0898416,25.46,2.52333
S&p 500,01/02/1954,10.25754237,26.02,2.53667
S&p 500,01/03/1954,10.41960784,26.57,2.55
S&p 500,01/04/1954,10.73706054,27.63,2.57333
S&p 500,01/05/1954,11.06417065,28.73,2.59667
S&p 500,01/06/1954,11.05343511,28.96,2.62
S&p 500,01/07/1954,11.48540214,30.13,2.62333
S&p 500,01/08/1954,11.69922373,30.73,2.62667
S&p 500,01/09/1954,11.9581749,31.45,2.63
S&p 500,01/10/1954,12.02240097,32.18,2.67667
S&p 500,01/11/1954,12.2790848,33.44,2.72333
S&p 500,01/12/1954,12.62454874,34.97,2.77
S&p 500,01/01/1955,12.56472066,35.6,2.83333
S&p 500,01/02/1955,12.70079091,36.79,2.89667
S&p 500,01/03/1955,12.33108108,36.5,2.96
S&p 500,01/04/1955,12.39385953,37.76,3.04667
S&p 500,01/05/1955,12.00001277,37.6,3.13333
S&p 500,01/06/1955,12.35403727,39.78,3.22
S&p 500,01/07/1955,12.96256373,42.69,3.29333
S&p 500,01/08/1955,12.60295782,42.43,3.36667
S&p 500,01/09/1955,12.88953488,44.34,3.44
S&p 500,01/10/1955,12.03142857,42.11,3.5
S&p 500,01/11/1955,12.62640449,44.95,3.56
S&p 500,01/12/1955,12.53314917,45.37,3.62
S&p 500,01/01/1956,12.11803487,44.15,3.64333
S&p 500,01/02/1956,12.11726171,44.43,3.66667
S&p 500,01/03/1956,12.8699187,47.49,3.69
S&p 500,01/04/1956,13.1284153,48.05,3.66
S&p 500,01/05/1956,12.82093664,46.54,3.63
S&p 500,01/06/1956,12.85277778,46.27,3.6
S&p 500,01/07/1956,13.72796785,48.78,3.55333
S&p 500,01/08/1956,13.82793362,48.49,3.50667
S&p 500,01/09/1956,13.53757225,46.84,3.46
S&p 500,01/10/1956,13.42886102,46.24,3.44333
S&p 500,01/11/1956,13.35407261,45.76,3.42667
S&p 500,01/12/1956,13.61876833,46.44,3.41
S&p 500,01/01/1957,13.33560339,45.43,3.40667
S&p 500,01/02/1957,12.7727843,43.47,3.40333
S&p 500,01/03/1957,12.95,44.03,3.4
S&p 500,01/04/1957,13.22405751,45.05,3.40667
S&p 500,01/05/1957,13.70509151,46.78,3.41333
S&p 500,01/06/1957,13.90350877,47.55,3.42
S&p 500,01/07/1957,14.11540823,48.51,3.43667
S&p 500,01/08/1957,13.27414409,45.84,3.45333
S&p 500,01/09/1957,12.67435159,43.98,3.47
S&p 500,01/10/1957,11.99998836,41.24,3.43667
S&p 500,01/11/1957,11.85603512,40.35,3.40333
S&p 500,01/12/1957,11.96735905,40.33,3.37
S&p 500,01/01/1958,12.4858426,41.12,3.29333
S&p 500,01/02/1958,12.82692971,41.26,3.21667
S&p 500,01/03/1958,13.41082803,42.11,3.14
S&p 500,01/04/1958,13.79153094,42.34,3.07
S&p 500,01/05/1958,14.56666667,43.7,3
S&p 500,01/06/1958,15.27303754,44.75,2.93
S&p 500,01/07/1958,15.78262675,45.98,2.91333
S&p 500,01/08/1958,16.46718473,47.7,2.89667
S&p 500,01/09/1958,17,48.96,2.88
S&p 500,01/10/1958,17.67054066,50.95,2.88333
S&p 500,01/11/1958,18.18704597,52.5,2.88667
S&p 500,01/12/1958,18.50865052,53.49,2.89
S&p 500,01/01/1959,18.76942494,55.62,2.96333
S&p 500,01/02/1959,18.03620413,54.77,3.03667
S&p 500,01/03/1959,18.05787781,56.16,3.11
S&p 500,01/04/1959,17.8066343,57.1,3.20667
S&p 500,01/05/1959,17.54593092,57.96,3.30333
S&p 500,01/06/1959,16.9,57.46,3.4
S&p 500,01/07/1959,17.51906158,59.74,3.41
S&p 500,01/08/1959,17.36842105,59.4,3.42
S&p 500,01/09/1959,16.63265306,57.05,3.43
S&p 500,01/10/1959,16.68291055,57,3.41667
S&p 500,01/11/1959,16.81588327,57.23,3.40333
S&p 500,01/12/1959,17.42182891,59.06,3.39
S&p 500,01/01/1960,17.1179941,58.03,3.39
S&p 500,01/02/1960,16.45427729,55.78,3.39
S&p 500,01/03/1960,16.2300885,55.02,3.39
S&p 500,01/04/1960,16.65237385,55.73,3.34667
S&p 500,01/05/1960,16.7164649,55.22,3.30333
S&p 500,01/06/1960,17.56441718,57.26,3.26
S&p 500,01/07/1960,17.11135558,55.84,3.26333
S&p 500,01/08/1960,17.29896194,56.51,3.26667
S&p 500,01/09/1960,16.76146789,54.81,3.27
S&p 500,01/10/1960,16.43119266,53.73,3.27
S&p 500,01/11/1960,16.96330275,55.47,3.27
S&p 500,01/12/1960,17.37003058,56.8,3.27
S&p 500,01/01/1961,18.60436137,59.72,3.21
S&p 500,01/02/1961,19.73650794,62.17,3.15
S&p 500,01/03/1961,20.75080906,64.12,3.09
S&p 500,01/04/1961,21.44299674,65.83,3.07
S&p 500,01/05/1961,21.80327869,66.5,3.05
S&p 500,01/06/1961,21.65676568,65.62,3.03
S&p 500,01/07/1961,21.54992146,65.44,3.03667
S&p 500,01/08/1961,22.27494225,67.79,3.04333
S&p 500,01/09/1961,22.05245902,67.26,3.05
S&p 500,01/10/1961,21.95907216,68,3.09667
S&p 500,01/11/1961,22.61296141,71.08,3.14333
S&p 500,01/12/1961,22.48902821,71.74,3.19
S&p 500,01/01/1962,21.25230769,69.07,3.25
S&p 500,01/02/1962,21.21450151,70.22,3.31
S&p 500,01/03/1962,20.85756677,70.29,3.37
S&p 500,01/04/1962,19.99512242,68.05,3.40333
S&p 500,01/05/1962,18.32878921,62.99,3.43667
S&p 500,01/06/1962,16.03170029,55.63,3.47
S&p 500,01/07/1962,16.32378223,56.97,3.49
S&p 500,01/08/1962,16.67236467,58.52,3.51
S&p 500,01/09/1962,16.4305949,58,3.53
S&p 500,01/10/1962,15.704552,56.17,3.57667
S&p 500,01/11/1962,16.57039243,60.04,3.62333
S&p 500,01/12/1962,17.06811989,62.64,3.67
S&p 500,01/01/1963,17.6633644,65.06,3.68333
S&p 500,01/02/1963,17.83226525,65.92,3.69667
S&p 500,01/03/1963,17.70080863,65.67,3.71
S&p 500,01/04/1963,18.31973208,68.76,3.75333
S&p 500,01/05/1963,18.47408387,70.14,3.79667
S&p 500,01/06/1963,18.2578125,70.11,3.84
S&p 500,01/07/1963,17.80154639,69.07,3.88
S&p 500,01/08/1963,18.10714286,70.98,3.92
S&p 500,01/09/1963,18.39646465,72.85,3.96
S&p 500,01/10/1963,18.34924623,73.03,3.98
S&p 500,01/11/1963,18.155,72.62,4
S&p 500,01/12/1963,18.45024876,74.17,4.02
S&p 500,01/01/1964,18.7684278,76.45,4.07333
S&p 500,01/02/1964,18.75361975,77.39,4.12667
S&p 500,01/03/1964,18.85167464,78.8,4.18
S&p 500,01/04/1964,18.89834515,79.94,4.23
S&p 500,01/05/1964,18.85981308,80.72,4.28
S&p 500,01/06/1964,18.53117783,80.24,4.33
S&p 500,01/07/1964,19.0144562,83.22,4.37667
S&p 500,01/08/1964,18.53806973,82,4.42333
S&p 500,01/09/1964,18.65995526,83.41,4.47
S&p 500,01/10/1964,18.869519,84.85,4.49667
S&p 500,01/11/1964,18.88873905,85.44,4.52333
S&p 500,01/12/1964,18.45274725,83.96,4.55
S&p 500,01/01/1965,18.74892507,86.12,4.59333
S&p 500,01/02/1965,18.70954802,86.75,4.63667
S&p 500,01/03/1965,18.5534188,86.83,4.68
S&p 500,01/04/1965,18.58522436,87.97,4.73333
S&p 500,01/05/1965,18.6517976,89.28,4.78667
S&p 500,01/06/1965,17.57024793,85.04,4.84
S&p 500,01/07/1965,17.37584081,84.91,4.88667
S&p 500,01/08/1965,17.5317686,86.49,4.93333
S&p 500,01/09/1965,17.94779116,89.38,4.98
S&p 500,01/10/1965,18.0970297,91.39,5.05
S&p 500,01/11/1965,17.99804688,92.15,5.12
S&p 500,01/12/1965,17.6743738,91.73,5.19
S&p 500,01/01/1966,17.80916031,93.32,5.24
S&p 500,01/02/1966,17.52173913,92.69,5.29
S&p 500,01/03/1966,16.64419476,88.88,5.34
S&p 500,01/04/1966,17.0260223,91.6,5.38
S&p 500,01/05/1966,16.01107011,86.78,5.42
S&p 500,01/06/1966,15.76190476,86.06,5.46
S&p 500,01/07/1966,15.67375796,85.84,5.47667
S&p 500,01/08/1966,14.68144095,80.65,5.49333
S&p 500,01/09/1966,14.1215971,77.81,5.51
S&p 500,01/10/1966,13.96440191,77.13,5.52333
S&p 500,01/11/1966,14.62792617,80.99,5.53667
S&p 500,01/12/1966,14.65405405,81.33,5.55
S&p 500,01/01/1967,15.30814785,84.45,5.51667
S&p 500,01/02/1967,15.93192458,87.36,5.48333
S&p 500,01/03/1967,16.40733945,89.42,5.45
S&p 500,01/04/1967,16.81330869,90.96,5.41
S&p 500,01/05/1967,17.24208566,92.59,5.37
S&p 500,01/06/1967,17.15384615,91.43,5.33
S&p 500,01/07/1967,17.48308271,93.01,5.32
S&p 500,01/08/1967,17.79472693,94.49,5.31
S&p 500,01/09/1967,18.07735849,95.81,5.3
S&p 500,01/10/1967,18.01506591,95.66,5.31
S&p 500,01/11/1967,17.41729323,92.66,5.32
S&p 500,01/12/1967,17.87992495,95.3,5.33
S&p 500,01/01/1968,17.70930577,95.04,5.36667
S&p 500,01/02/1968,16.79519852,90.75,5.40333
S&p 500,01/03/1968,16.37683824,89.09,5.44
S&p 500,01/04/1968,17.44742702,95.67,5.48333
S&p 500,01/05/1968,17.70867448,97.87,5.52667
S&p 500,01/06/1968,18.04308797,100.5,5.57
S&p 500,01/07/1968,17.91071429,100.3,5.6
S&p 500,01/08/1968,17.42628774,98.11,5.63
S&p 500,01/09/1968,17.8975265,101.3,5.66
S&p 500,01/10/1968,18.23186079,103.8,5.69333
S&p 500,01/11/1968,18.40511152,105.4,5.72667
S&p 500,01/12/1968,18.48958333,106.5,5.76
S&p 500,01/01/1969,17.64705882,102,5.78
S&p 500,01/02/1969,17.5,101.5,5.8
S&p 500,01/03/1969,17.06185567,99.3,5.82
S&p 500,01/04/1969,17.38557358,101.3,5.82667
S&p 500,01/05/1969,17.93143882,104.6,5.83333
S&p 500,01/06/1969,16.9760274,99.14,5.84
S&p 500,01/07/1969,16.17130554,94.71,5.85667
S&p 500,01/08/1969,16.03519639,94.18,5.87333
S&p 500,01/09/1969,16.04584041,94.51,5.89
S&p 500,01/10/1969,16.3189159,95.52,5.85333
S&p 500,01/11/1969,16.54039167,96.21,5.81667
S&p 500,01/12/1969,15.76297578,91.11,5.78
S&p 500,01/01/1970,15.7609075,90.31,5.73
S&p 500,01/02/1970,15.34507042,87.16,5.68
S&p 500,01/03/1970,15.74600355,88.65,5.63
S&p 500,01/04/1970,15.3665169,85.95,5.59333
S&p 500,01/05/1970,13.68805418,76.06,5.55667
S&p 500,01/06/1970,13.69384058,75.59,5.52
S&p 500,01/07/1970,13.85121107,75.72,5.46667
S&p 500,01/08/1970,14.39409753,77.92,5.41333
S&p 500,01/09/1970,15.40671642,82.58,5.36
S&p 500,01/10/1970,15.96909525,84.37,5.28333
S&p 500,01/11/1970,16.18692946,84.28,5.20667
S&p 500,01/12/1970,17.55360624,90.05,5.13
S&p 500,01/01/1971,18.11821705,93.49,5.16
S&p 500,01/02/1971,18.71098266,97.11,5.19
S&p 500,01/03/1971,19.08045977,99.6,5.22
S&p 500,01/04/1971,19.60661143,103,5.25333
S&p 500,01/05/1971,19.21814677,101.6,5.28667
S&p 500,01/06/1971,18.7443609,99.72,5.32
S&p 500,01/07/1971,18.48163131,99,5.35667
S&p 500,01/08/1971,18.0296774,97.24,5.39333
S&p 500,01/09/1971,18.30570902,99.4,5.43
S&p 500,01/10/1971,17.625,97.29,5.52
S&p 500,01/11/1971,16.53832442,92.78,5.61
S&p 500,01/12/1971,17.39824561,99.17,5.7
S&p 500,01/01/1972,18.00696223,103.3,5.73667
S&p 500,01/02/1972,18.22171953,105.2,5.77333
S&p 500,01/03/1972,18.53700516,107.7,5.81
S&p 500,01/04/1972,18.55600828,108.8,5.86333
S&p 500,01/05/1972,18.20280665,107.7,5.91667
S&p 500,01/06/1972,18.09045226,108,5.97
S&p 500,01/07/1972,17.78760078,107.2,6.02667
S&p 500,01/08/1972,18.24658534,111,6.08333
S&p 500,01/09/1972,17.81758958,109.4,6.14
S&p 500,01/10/1972,17.5828971,109.6,6.23333
S&p 500,01/11/1972,18.19282498,115.1,6.32667
S&p 500,01/12/1972,18.30218069,117.5,6.42
S&p 500,01/01/1973,18.08553051,118.4,6.54667
S&p 500,01/02/1973,17.11289566,114.2,6.67333
S&p 500,01/03/1973,16.52941176,112.4,6.8
S&p 500,01/04/1973,15.88574935,110.3,6.94333
S&p 500,01/05/1973,15.12699194,107.2,7.08667
S&p 500,01/06/1973,14.49515906,104.8,7.23
S&p 500,01/07/1973,14.32957758,105.8,7.38333
S&p 500,01/08/1973,13.77266087,103.8,7.53667
S&p 500,01/09/1973,13.73211964,105.6,7.69
S&p 500,01/10/1973,13.99319711,109.8,7.84667
S&p 500,01/11/1973,12.74469502,102,8.00333
S&p 500,01/12/1973,11.61519608,94.78,8.16
S&p 500,01/01/1974,11.68273433,96.11,8.22667
S&p 500,01/02/1974,11.26809135,93.45,8.29333
S&p 500,01/03/1974,11.65550239,97.44,8.36
S&p 500,01/04/1974,10.89473256,92.46,8.48667
S&p 500,01/05/1974,10.41060774,89.67,8.61333
S&p 500,01/06/1974,10.27345538,89.79,8.74
S&p 500,01/07/1974,8.948104155,79.31,8.86333
S&p 500,01/08/1974,8.460308435,76.03,8.98667
S&p 500,01/09/1974,7.477497256,68.12,9.11
S&p 500,01/10/1974,7.68424652,69.44,9.03667
S&p 500,01/11/1974,8.003721831,71.74,8.96333
S&p 500,01/12/1974,7.544431946,67.07,8.89
S&p 500,01/01/1975,8.29889756,72.56,8.74333
S&p 500,01/02/1975,9.317561335,80.1,8.59667
S&p 500,01/03/1975,9.914792899,83.78,8.45
S&p 500,01/04/1975,10.22364834,84.72,8.28667
S&p 500,01/05/1975,11.0915105,90.1,8.12333
S&p 500,01/06/1975,11.6080402,92.4,7.96
S&p 500,01/07/1975,11.71748806,92.49,7.89333
S&p 500,01/08/1975,10.95101748,85.71,7.82667
S&p 500,01/09/1975,10.91108247,84.67,7.76
S&p 500,01/10/1975,11.3164347,88.57,7.82667
S&p 500,01/11/1975,11.41090009,90.07,7.89333
S&p 500,01/12/1975,11.14321608,88.7,7.96
S&p 500,01/01/1976,11.82181116,96.86,8.19333
S&p 500,01/02/1976,11.93828642,100.6,8.42667
S&p 500,01/03/1976,11.6743649,101.1,8.66
S&p 500,01/04/1976,11.50545295,101.9,8.85667
S&p 500,01/05/1976,11.17820736,101.2,9.05333
S&p 500,01/06/1976,11.00540541,101.8,9.25
S&p 500,01/07/1976,11.14438503,104.2,9.35
S&p 500,01/08/1976,10.93121693,103.3,9.45
S&p 500,01/09/1976,11.04712042,105.5,9.55
S&p 500,01/10/1976,10.5377456,101.9,9.67
S&p 500,01/11/1976,10.33707865,101.2,9.79
S&p 500,01/12/1976,10.56508577,104.7,9.91
S&p 500,01/01/1977,10.41471224,103.8,9.96667
S&p 500,01/02/1977,10.0765217,101,10.0233
S&p 500,01/03/1977,9.98015873,100.6,10.08
S&p 500,01/04/1977,9.717167159,99.05,10.1933
S&p 500,01/05/1977,9.582116487,98.76,10.3067
S&p 500,01/06/1977,9.528790787,99.29,10.42
S&p 500,01/07/1977,9.527703557,100.2,10.5167
S&p 500,01/08/1977,9.210141992,97.75,10.6133
S&p 500,01/09/1977,8.985060691,96.23,10.71
S&p 500,01/10/1977,8.703806871,93.74,10.77
S&p 500,01/11/1977,8.70544783,94.28,10.83
S&p 500,01/12/1977,8.615243343,93.82,10.89
S&p 500,01/01/1978,8.279816514,90.25,10.9
S&p 500,01/02/1978,8.155820348,88.98,10.91
S&p 500,01/03/1978,8.133699634,88.82,10.92
S&p 500,01/04/1978,8.410367131,92.71,11.0233
S&p 500,01/05/1978,8.754617272,97.41,11.1267
S&p 500,01/06/1978,8.696349065,97.66,11.23
S&p 500,01/07/1978,8.568053388,97.19,11.3433
S&p 500,01/08/1978,9.068929098,103.9,11.4567
S&p 500,01/09/1978,8.980121003,103.9,11.57
S&p 500,01/10/1978,8.508622804,100.6,11.8233
S&p 500,01/11/1978,7.842374159,94.71,12.0767
S&p 500,01/12/1978,7.794809408,96.11,12.33
S&p 500,01/01/1979,7.880157745,99.71,12.6533
S&p 500,01/02/1979,7.569721116,98.23,12.9767
S&p 500,01/03/1979,7.526315789,100.1,13.3
S&p 500,01/04/1979,7.548034628,102.1,13.5267
S&p 500,01/05/1979,7.251350585,99.73,13.7533
S&p 500,01/06/1979,7.274678112,101.7,13.98
S&p 500,01/07/1979,7.234075525,102.7,14.1967
S&p 500,01/08/1979,7.45145109,107.4,14.4133
S&p 500,01/09/1979,7.423103213,108.6,14.63
S&p 500,01/10/1979,7.105604928,104.5,14.7067
S&p 500,01/11/1979,7.014671961,103.7,14.7833
S&p 500,01/12/1979,7.254374159,107.8,14.86
S&p 500,01/01/1980,7.391707158,110.9,15.0033
S&p 500,01/02/1980,7.612219163,115.3,15.1467
S&p 500,01/03/1980,6.847612819,104.7,15.29
S&p 500,01/04/1980,6.788239869,103,15.1733
S&p 500,01/05/1980,7.152961804,107.7,15.0567
S&p 500,01/06/1980,7.670682731,114.6,14.94
S&p 500,01/07/1980,8.07277628,119.8,14.84
S&p 500,01/08/1980,8.378561737,123.5,14.74
S&p 500,01/09/1980,8.640710383,126.5,14.64
S&p 500,01/10/1980,8.857142857,130.2,14.7
S&p 500,01/11/1980,9.193766938,135.7,14.76
S&p 500,01/12/1980,9.008097166,133.5,14.82
S&p 500,01/01/1981,9.023066486,133,14.74
S&p 500,01/02/1981,8.758526603,128.4,14.66
S&p 500,01/03/1981,9.135802469,133.2,14.58
S&p 500,01/04/1981,9.128388337,134.4,14.7233
S&p 500,01/05/1981,8.858724532,131.7,14.8667
S&p 500,01/06/1981,8.814123917,132.3,15.01
S&p 500,01/07/1981,8.551537753,129.1,15.0967
S&p 500,01/08/1981,8.535693822,129.6,15.1833
S&p 500,01/09/1981,7.747216765,118.3,15.27
S&p 500,01/10/1981,7.830065359,119.8,15.3
S&p 500,01/11/1981,8.016960209,122.9,15.33
S&p 500,01/12/1981,8.059895833,123.8,15.36
S&p 500,01/01/1982,7.728952934,117.3,15.1767
S&p 500,01/02/1982,7.636744413,114.5,14.9933
S&p 500,01/03/1982,7.481431465,110.8,14.81
S&p 500,01/04/1982,7.96755431,116.3,14.5967
S&p 500,01/05/1982,8.092718639,116.4,14.3833
S&p 500,01/06/1982,7.741707833,109.7,14.17
S&p 500,01/07/1982,7.832916867,109.4,13.9667
S&p 500,01/08/1982,7.970472198,109.7,13.7633
S&p 500,01/09/1982,9.026548673,122.4,13.56
S&p 500,01/10/1982,10.01260064,132.7,13.2533
S&p 500,01/11/1982,10.66681085,138.1,12.9467
S&p 500,01/12/1982,11.02848101,139.4,12.64
S&p 500,01/01/1983,11.48272816,144.3,12.5667
S&p 500,01/02/1983,11.75029816,146.8,12.4933
S&p 500,01/03/1983,12.23027375,151.9,12.42
S&p 500,01/04/1983,12.63956014,157.7,12.4767
S&p 500,01/05/1983,13.09311993,164.1,12.5333
S&p 500,01/06/1983,13.21683876,166.4,12.59
S&p 500,01/07/1983,13.01971668,167,12.8267
S&p 500,01/08/1983,12.43177451,162.4,13.0633
S&p 500,01/09/1983,12.57142857,167.2,13.3
S&p 500,01/10/1983,12.38250648,167.7,13.5433
S&p 500,01/11/1983,11.9825629,165.2,13.7867
S&p 500,01/12/1983,11.71774768,164.4,14.03
S&p 500,01/01/1984,11.52354571,166.4,14.44
S&p 500,01/02/1984,10.59259259,157.3,14.85
S&p 500,01/03/1984,10.31454784,157.4,15.26
S&p 500,01/04/1984,10.11988467,157.6,15.5733
S&p 500,01/05/1984,9.85730202,156.6,15.8867
S&p 500,01/06/1984,9.450617284,153.1,16.2
S&p 500,01/07/1984,9.258578431,151.1,16.32
S&p 500,01/08/1984,10,164.4,16.44
S&p 500,01/09/1984,10.03019324,166.1,16.56
S&p 500,01/10/1984,9.935671351,164.8,16.5867
S&p 500,01/11/1984,10.01005219,166.3,16.6133
S&p 500,01/12/1984,9.885817308,164.5,16.64
S&p 500,01/01/1985,10.36438421,171.6,16.5567
S&p 500,01/02/1985,10.98140628,180.9,16.4733
S&p 500,01/03/1985,10.9456986,179.4,16.39
S&p 500,01/04/1985,11.19652821,180.6,16.13
S&p 500,01/05/1985,11.65091367,184.9,15.87
S&p 500,01/06/1985,12.10121717,188.9,15.61
S&p 500,01/07/1985,12.43275012,192.5,15.4833
S&p 500,01/08/1985,12.26174894,188.3,15.3567
S&p 500,01/09/1985,12.08798424,184.1,15.23
S&p 500,01/10/1985,12.39408119,186.2,15.0233
S&p 500,01/11/1985,13.32955381,197.5,14.8167
S&p 500,01/12/1985,14.1889117,207.3,14.61
S&p 500,01/01/1986,14.27983539,208.2,14.58
S&p 500,01/02/1986,15.0790378,219.4,14.55
S&p 500,01/03/1986,15.99862259,232.3,14.52
S&p 500,01/04/1986,16.3200373,238,14.5833
S&p 500,01/05/1986,16.28353144,238.5,14.6467
S&p 500,01/06/1986,16.6757308,245.3,14.71
S&p 500,01/07/1986,16.27735198,240.2,14.7567
S&p 500,01/08/1986,16.55036377,245,14.8033
S&p 500,01/09/1986,16.04713805,238.3,14.85
S&p 500,01/10/1986,16.12037999,237.4,14.7267
S&p 500,01/11/1986,16.78387762,245.1,14.6033
S&p 500,01/12/1986,17.16850829,248.6,14.48
S&p 500,01/01/1987,18.00949158,264.5,14.6867
S&p 500,01/02/1987,18.86083004,280.9,14.8933
S&p 500,01/03/1987,19.37086093,292.5,15.1
S&p 500,01/04/1987,19.45096246,289.3,14.8733
S&p 500,01/05/1987,19.73823455,289.1,14.6467
S&p 500,01/06/1987,20.90152566,301.4,14.42
S&p 500,01/07/1987,20.81208054,310.1,14.9
S&p 500,01/08/1987,21.41742523,329.4,15.38
S&p 500,01/09/1987,20.09457755,318.7,15.86
S&p 500,01/10/1987,17.07838871,280.2,16.4067
S&p 500,01/11/1987,14.45146373,245,16.9533
S&p 500,01/12/1987,13.77142857,241,17.5
S&p 500,01/01/1988,14.02316481,250.5,17.8633
S&p 500,01/02/1988,14.1605447,258.1,18.2267
S&p 500,01/03/1988,14.29263045,265.7,18.59
S&p 500,01/04/1988,13.38655329,262.6,19.6167
S&p 500,01/05/1988,12.40596223,256.1,20.6433
S&p 500,01/06/1988,12.49192432,270.7,21.67
S&p 500,01/07/1988,12.21887728,269.1,22.0233
S&p 500,01/08/1988,11.7845795,263.7,22.3767
S&p 500,01/09/1988,11.79058513,268,22.73
S&p 500,01/10/1988,12.02255421,277.4,23.0733
S&p 500,01/11/1988,11.57293726,271,23.4167
S&p 500,01/12/1988,11.64210526,276.5,23.75
S&p 500,01/01/1989,11.81291391,285.4,24.16
S&p 500,01/02/1989,11.97068404,294,24.56
S&p 500,01/03/1989,11.72676282,292.7,24.96
S&p 500,01/04/1989,12.06945426,302.3,25.0467
S&p 500,01/05/1989,12.48940648,313.9,25.1333
S&p 500,01/06/1989,12.83505155,323.7,25.22
S&p 500,01/07/1989,13.43180898,331.9,24.71
S&p 500,01/08/1989,14.32231405,346.6,24.2
S&p 500,01/09/1989,14.66019417,347.3,23.69
S&p 500,01/10/1989,14.82923331,347.4,23.4267
S&p 500,01/11/1989,14.68702646,340.2,23.1633
S&p 500,01/12/1989,15.24267599,348.6,22.87
S&p 500,01/01/1990,15.11649622,339.97,22.49
S&p 500,01/02/1990,14.96603261,330.45,22.08
S&p 500,01/03/1990,15.61882787,338.46,21.67
S&p 500,01/04/1990,15.70497787,338.18,21.5333
S&p 500,01/05/1990,16.36934667,350.25,21.3967
S&p 500,01/06/1990,16.95155221,360.39,21.26
S&p 500,01/07/1990,16.80812325,360.03,21.42
S&p 500,01/08/1990,15.32669138,330.75,21.58
S&p 500,01/09/1990,14.50827967,315.41,21.74
S&p 500,01/10/1990,14.21410951,307.12,21.6067
S&p 500,01/11/1990,14.68288526,315.29,21.4733
S&p 500,01/12/1990,15.40534208,328.75,21.34
S&p 500,01/01/1991,15.36540577,325.49,21.1833
S&p 500,01/02/1991,17.22857129,362.26,21.0267
S&p 500,01/03/1991,17.77841452,372.28,20.94
S&p 500,01/04/1991,18.64530798,379.68,20.3633
S&p 500,01/05/1991,19.03589217,377.99,19.8567
S&p 500,01/06/1991,19.48943843,378.29,19.41
S&p 500,01/07/1991,20.18205945,380.23,18.84
S&p 500,01/08/1991,21.24386252,389.4,18.33
S&p 500,01/09/1991,21.72839506,387.2,17.82
S&p 500,01/10/1991,22.48870856,386.88,17.2033
S&p 500,01/11/1991,23.26683427,385.92,16.5867
S&p 500,01/12/1991,24.32748904,388.51,15.97
S&p 500,01/01/1992,25.9293188,416.08,16.0467
S&p 500,01/02/1992,25.58781391,412.56,16.1233
S&p 500,01/03/1992,25.16121062,407.36,16.19
S&p 500,01/04/1992,24.71653128,407.41,16.4833
S&p 500,01/05/1992,24.74010986,414.81,16.7667
S&p 500,01/06/1992,23.94545455,408.27,17.05
S&p 500,01/07/1992,23.88089758,415.05,17.38
S&p 500,01/08/1992,23.5985319,417.93,17.71
S&p 500,01/09/1992,23.19733925,418.48,18.04
S&p 500,01/10/1992,22.43066884,412.5,18.39
S&p 500,01/11/1992,22.56350053,422.84,18.74
S&p 500,01/12/1992,22.82032478,435.64,19.09
S&p 500,01/01/1993,22.5041365,435.23,19.34
S&p 500,01/02/1993,22.54721797,441.7,19.59
S&p 500,01/03/1993,22.68951613,450.16,19.84
S&p 500,01/04/1993,22.52567361,443.08,19.67
S&p 500,01/05/1993,22.83333333,445.25,19.5
S&p 500,01/06/1993,23.17951371,448.06,19.33
S&p 500,01/07/1993,22.71660741,447.29,19.69
S&p 500,01/08/1993,22.64987531,454.13,20.05
S&p 500,01/09/1993,22.50073493,459.24,20.41
S&p 500,01/10/1993,22.19617225,463.9,20.9
S&p 500,01/11/1993,21.64048621,462.89,21.39
S&p 500,01/12/1993,21.28597533,465.95,21.89
S&p 500,01/01/1994,21.34749308,472.99,22.1567
S&p 500,01/02/1994,21.02142797,471.58,22.4333
S&p 500,01/03/1994,20.4231616,463.81,22.71
S&p 500,01/04/1994,18.99872557,447.23,23.54
S&p 500,01/05/1994,18.50225687,450.9,24.37
S&p 500,01/06/1994,18.04880952,454.83,25.2
S&p 500,01/07/1994,17.42184485,451.4,25.91
S&p 500,01/08/1994,17.43951916,464.24,26.62
S&p 500,01/09/1994,17.0859861,466.96,27.33
S&p 500,01/10/1994,16.31984518,463.81,28.42
S&p 500,01/11/1994,15.62216198,461.01,29.51
S&p 500,01/12/1994,14.8754902,455.19,30.6
S&p 500,01/01/1995,14.888,465.25,31.25
S&p 500,01/02/1995,15.10721003,481.92,31.9
S&p 500,01/03/1995,15.15053763,493.15,32.55
S&p 500,01/04/1995,15.30923811,507.91,33.1767
S&p 500,01/05/1995,15.49582437,523.81,33.8033
S&p 500,01/06/1995,15.66511763,539.35,34.43
S&p 500,01/07/1995,16.07179931,557.37,34.68
S&p 500,01/08/1995,16.0065846,559.11,34.93
S&p 500,01/09/1995,16.45167709,578.77,35.18
S&p 500,01/10/1995,16.76343631,582.92,34.7733
S&p 500,01/11/1995,17.32869318,595.53,34.3667
S&p 500,01/12/1995,18.09687868,614.57,33.96
S&p 500,01/01/1996,18.07824826,614.42,33.9867
S&p 500,01/02/1996,19.09664749,649.54,34.0133
S&p 500,01/03/1996,19.00910693,647.07,34.04
S&p 500,01/04/1996,18.85144189,647.17,34.33
S&p 500,01/05/1996,19.09965338,661.23,34.62
S&p 500,01/06/1996,19.14924091,668.5,34.91
S&p 500,01/07/1996,18.25942001,644.07,35.2733
S&p 500,01/08/1996,18.59543673,662.68,35.6367
S&p 500,01/09/1996,18.74666667,674.88,36
S&p 500,01/10/1996,19.0046058,701.46,36.91
S&p 500,01/11/1996,19.45187731,735.67,37.82
S&p 500,01/12/1996,19.19054996,743.25,38.73
S&p 500,01/01/1997,19.52983817,766.22,39.2333
S&p 500,01/02/1997,20.09200563,798.39,39.7367
S&p 500,01/03/1997,19.68588469,792.16,40.24
S&p 500,01/04/1997,18.93573406,763.93,40.3433
S&p 500,01/05/1997,20.59723043,833.09,40.4467
S&p 500,01/06/1997,21.61011097,876.29,40.55
S&p 500,01/07/1997,22.80162642,925.29,40.58
S&p 500,01/08/1997,22.8327998,927.24,40.61
S&p 500,01/09/1997,23.05659449,937.02,40.64
S&p 500,01/10/1997,23.58249883,951.16,40.3333
S&p 500,01/11/1997,23.45734222,938.92,40.0267
S&p 500,01/12/1997,24.22885196,962.37,39.72
S&p 500,01/01/1998,24.29046899,963.36,39.66
S&p 500,01/02/1998,25.8520202,1023.74,39.6
S&p 500,01/03/1998,27.23394031,1076.83,39.54
S&p 500,01/04/1998,28.26429479,1112.2,39.35
S&p 500,01/05/1998,28.30490296,1108.42,39.16
S&p 500,01/06/1998,28.44213498,1108.39,38.97
S&p 500,01/07/1998,29.90379221,1156.58,38.6767
S&p 500,01/08/1998,27.99707164,1074.62,38.3833
S&p 500,01/09/1998,26.79548438,1020.64,38.09
S&p 500,01/10/1998,27.19652928,1032.47,37.9633
S&p 500,01/11/1998,30.24655956,1144.43,37.8367
S&p 500,01/12/1998,31.55794219,1190.05,37.71
S&p 500,01/01/1999,32.92012303,1248.77,37.93333333
S&p 500,01/02/1999,32.67004455,1246.58,38.15666667
S&p 500,01/03/1999,33.39395518,1281.66,38.38
S&p 500,01/04/1999,33.9979623,1334.76,39.26
S&p 500,01/05/1999,33.1856004,1332.07,40.14
S&p 500,01/06/1999,32.24158947,1322.55,41.02
S&p 500,01/07/1999,32.88071429,1380.99,42
S&p 500,01/08/1999,30.88622615,1327.49,42.98
S&p 500,01/09/1999,29.98566879,1318.17,43.96
S&p 500,01/10/1999,28.6577265,1300.01,45.36333333
S&p 500,01/11/1999,29.74340699,1391,46.76666667
S&p 500,01/12/1999,29.65912394,1428.68,48.17
S&p 500,01/01/2000,29.03639079,1425.59,49.09666667
S&p 500,01/02/2000,27.76444326,1388.87,50.02333333
S&p 500,01/03/2000,28.3063788,1442.21,50.95
S&p 500,01/04/2000,28.50136523,1461.36,51.27333333
S&p 500,01/05/2000,27.49169843,1418.48,51.59666667
S&p 500,01/06/2000,28.15793529,1461.96,51.92
S&p 500,01/07/2000,28.05001904,1473,52.51333333
S&p 500,01/08/2000,27.97125282,1485.46,53.10666667
S&p 500,01/09/2000,27.33798883,1468.05,53.7
S&p 500,01/10/2000,26.4956798,1390.14,52.46666667
S&p 500,01/11/2000,26.89733247,1378.04,51.23333333
S&p 500,01/12/2000,26.6186,1330.93,50
S&p 500,01/01/2001,27.55012376,1335.63,48.48
S&p 500,01/02/2001,27.80557922,1305.75,46.96
S&p 500,01/03/2001,26.09705106,1185.85,45.44
S&p 500,01/04/2001,27.95895669,1189.84,42.55666667
S&p 500,01/05/2001,32.02075281,1270.37,39.67333333
S&p 500,01/06/2001,33.66974721,1238.71,36.79
S&p 500,01/07/2001,35.46324468,1204.45,33.96333333
S&p 500,01/08/2001,37.84926667,1178.5,31.13666667
S&p 500,01/09/2001,36.90003532,1044.64,28.31
S&p 500,01/10/2001,39.72168245,1076.59,27.10333333
S&p 500,01/11/2001,43.62260265,1129.68,25.89666667
S&p 500,01/12/2001,46.37221547,1144.93,24.69
S&p 500,01/01/2002,46.17481102,1140.21,24.69333333
S&p 500,01/02/2002,44.56755298,1100.67,24.69666667
S&p 500,01/03/2002,46.71214575,1153.79,24.7
S&p 500,01/04/2002,43.81126872,1111.93,25.38
S&p 500,01/05/2002,41.41404451,1079.25,26.06
S&p 500,01/06/2002,37.92146597,1014.02,26.74
S&p 500,01/07/2002,32.45653736,903.59,27.84
S&p 500,01/08/2002,31.532481,912.55,28.94
S&p 500,01/09/2002,28.88848202,867.81,30.04
S&p 500,01/10/2002,29.24478157,854.63,29.22333333
S&p 500,01/11/2002,32.03226942,909.93,28.40666667
S&p 500,01/12/2002,32.59079377,899.18,27.59
S&p 500,01/01/2003,31.43298246,895.84,28.5
S&p 500,01/02/2003,28.46072764,837.03,29.41
S&p 500,01/03/2003,27.92315303,846.63,30.32
S&p 500,01/04/2003,28.05011031,890.03,31.73
S&p 500,01/05/2003,28.24260712,935.96,33.14
S&p 500,01/06/2003,28.59623734,988,34.55
S&p 500,01/07/2003,27.65248886,992.54,35.89333333
S&p 500,01/08/2003,26.57407573,989.53,37.23666667
S&p 500,01/09/2003,26.42405391,1019.44,38.58
S&p 500,01/10/2003,24.75131056,1038.73,41.96666667
S&p 500,01/11/2003,23.14934588,1049.9,45.35333333
S&p 500,01/12/2003,22.17152236,1080.64,48.74
S&p 500,01/01/2004,22.72919454,1132.52,49.82666667
S&p 500,01/02/2004,22.45698573,1143.36,50.91333333
S&p 500,01/03/2004,21.615,1123.98,52
S&p 500,01/04/2004,21.23059632,1133.36,53.38333333
S&p 500,01/05/2004,20.13597079,1102.78,54.76666667
S&p 500,01/06/2004,20.17382012,1132.76,56.15
S&p 500,01/07/2004,19.50696772,1105.85,56.69
S&p 500,01/08/2004,19.02743316,1088.94,57.23
S&p 500,01/09/2004,19.34671975,1117.66,57.77
S&p 500,01/10/2004,19.2522833,1117.21,58.03
S&p 500,01/11/2004,20.05386859,1168.94,58.29
S&p 500,01/12/2004,20.48181042,1199.21,58.55
S&p 500,01/01/2005,19.98776224,1181.41,59.10666667
S&p 500,01/02/2005,20.106654,1199.63,59.66333333
S&p 500,01/03/2005,19.8422451,1194.9,60.22
S&p 500,01/04/2005,19.01627654,1164.43,61.23333333
S&p 500,01/05/2005,18.92920638,1178.28,62.24666667
S&p 500,01/06/2005,19.00490041,1202.25,63.26
S&p 500,01/07/2005,18.99953365,1222.24,64.33
S&p 500,01/08/2005,18.71972477,1224.27,65.4
S&p 500,01/09/2005,18.44320746,1225.92,66.47
S&p 500,01/10/2005,17.63515313,1191.96,67.59
S&p 500,01/11/2005,18.00858681,1237.37,68.71
S&p 500,01/12/2005,18.07346413,1262.07,69.83
S&p 500,01/01/2006,18.06711251,1278.73,70.77666667
S&p 500,01/02/2006,17.79964679,1276.65,71.72333333
S&p 500,01/03/2006,17.80294482,1293.74,72.67
S&p 500,01/04/2006,17.77059546,1302.17,73.27666667
S&p 500,01/05/2006,17.46009474,1290.01,73.88333333
S&p 500,01/06/2006,16.82333199,1253.17,74.49
S&p 500,01/07/2006,16.61489782,1260.24,75.85
S&p 500,01/08/2006,16.67076804,1287.15,77.21
S&p 500,01/09/2006,16.7715413,1317.74,78.57
S&p 500,01/10/2006,17.13865493,1363.38,79.55
S&p 500,01/11/2006,17.24376009,1388.64,80.53
S&p 500,01/12/2006,17.37725432,1416.42,81.51
S&p 500,01/01/2007,17.35581102,1424.16,82.05666667
S&p 500,01/02/2007,17.49081958,1444.8,82.60333333
S&p 500,01/03/2007,16.92062538,1406.95,83.15
S&p 500,01/04/2007,17.47838548,1463.64,83.74
S&p 500,01/05/2007,17.9193644,1511.14,84.33
S&p 500,01/06/2007,17.83078191,1514.19,84.92
S&p 500,01/07/2007,18.36310578,1520.71,82.81333333
S&p 500,01/08/2007,18.02354205,1454.62,80.70666667
S&p 500,01/09/2007,19.04732824,1497.12,78.6
S&p 500,01/10/2007,20.67767929,1539.66,74.46
S&p 500,01/11/2007,20.810438,1463.39,70.32
S&p 500,01/12/2007,22.3514657,1479.22,66.18
S&p 500,01/01/2008,21.45929961,1378.76,64.25
S&p 500,01/02/2008,21.74053273,1354.87,62.32
S&p 500,01/03/2008,21.80725286,1316.94,60.39
S&p 500,01/04/2008,23.88271856,1370.47,57.38333333
S&p 500,01/05/2008,25.80555385,1403.22,54.37666667
S&p 500,01/06/2008,26.10959704,1341.25,51.37
S&p 500,01/07/2008,25.3681485,1257.33,49.56333333
S&p 500,01/08/2008,26.8333217,1281.47,47.75666667
S&p 500,01/09/2008,26.48422198,1216.95,45.95
S&p 500,01/10/2008,27.21858026,968.8,35.59333333
S&p 500,01/11/2008,34.99035794,883.04,25.23666667
S&p 500,01/12/2008,58.97580645,877.56,14.88
S&p 500,01/01/2009,70.91043146,865.58,12.20666667
S&p 500,01/02/2009,84.46468531,805.23,9.533333333
S&p 500,01/03/2009,110.3688047,757.13,6.86
S&p 500,01/04/2009,119.8516251,848.15,7.076666667
S&p 500,01/05/2009,123.7308044,902.41,7.293333333
S&p 500,01/06/2009,123.3182423,926.12,7.51
S&p 500,01/07/2009,101.8671988,935.82,9.186666667
S&p 500,01/08/2009,92.94845044,1009.73,10.86333333
S&p 500,01/09/2009,83.29744817,1044.55,12.54
S&p 500,01/10/2009,42.11676529,1067.66,25.35
S&p 500,01/11/2009,28.51336478,1088.07,38.16
S&p 500,01/12/2009,21.78497155,1110.38,50.97
S&p 500,01/01/2010,20.69589243,1123.58,54.29
S&p 500,01/02/2010,18.90574553,1089.16,57.61
S&p 500,01/03/2010,18.90776301,1152.05,60.93
S&p 500,01/04/2010,19.00910246,1197.32,62.98666667
S&p 500,01/05/2010,17.297084,1125.06,65.04333333
S&p 500,01/06/2010,16.14545455,1083.36,67.1
S&p 500,01/07/2010,15.72066388,1079.8,68.68666667
S&p 500,01/08/2010,15.47215634,1087.28,70.27333333
S&p 500,01/09/2010,15.61480657,1122.08,71.86
S&p 500,01/10/2010,15.8987651,1171.58,73.69
S&p 500,01/11/2010,15.87513242,1198.89,75.52
S&p 500,01/12/2010,16.05080802,1241.53,77.35
S&p 500,01/01/2011,16.30380069,1282.62,78.67
S&p 500,01/02/2011,16.51606451,1321.12,79.99
S&p 500,01/03/2011,16.04341409,1304.49,81.31
S&p 500,01/04/2011,16.20564729,1331.51,82.16333333
S&p 500,01/05/2011,16.12097972,1338.31,83.01666667
S&p 500,01/06/2011,15.34863479,1287.29,83.87
S&p 500,01/07/2011,15.60760835,1325.19,84.90666667
S&p 500,01/08/2011,13.79176201,1185.31,85.94333333
S&p 500,01/09/2011,13.49597609,1173.88,86.98
S&p 500,01/10/2011,13.88087846,1207.22,86.97
S&p 500,01/11/2011,14.10326587,1226.42,86.96
S&p 500,01/12/2011,14.29925244,1243.32,86.95
S&p 500,01/01/2012,14.86716964,1300.58,87.48
S&p 500,01/02/2012,15.36745824,1352.49,88.01
S&p 500,01/03/2012,15.69053535,1389.24,88.54
S&p 500,01/04/2012,15.69543396,1386.43,88.33333333
S&p 500,01/05/2012,15.21979726,1341.27,88.12666667
S&p 500,01/06/2012,15.05323021,1323.48,87.92
S&p 500,01/07/2012,15.54982084,1359.78,87.44666667
S&p 500,01/08/2012,16.13655527,1403.45,86.97333333
S&p 500,01/09/2012,16.68693642,1443.42,86.5
S&p 500,01/10/2012,16.62155601,1437.82,86.50333333
S&p 500,01/11/2012,16.12026048,1394.51,86.50666667
S&p 500,01/12/2012,16.44075829,1422.29,86.51
S&p 500,01/01/2013,17.03436637,1480.4,86.90666667
S&p 500,01/02/2013,17.32247719,1512.31,87.30333333
S&p 500,01/03/2013,17.68335234,1550.83,87.7
S&p 500,01/04/2013,17.69138352,1570.7,88.78333333
S&p 500,01/05/2013,18.24747774,1639.84,89.86666667
S&p 500,01/06/2013,17.79846069,1618.77,90.95
S&p 500,01/07/2013,18.1200999,1668.68,92.09
S&p 500,01/08/2013,17.9136544,1670.09,93.23
S&p 500,01/09/2013,17.87824521,1687.17,94.37
S&p 500,01/10/2013,17.85869039,1720.03,96.31333333
S&p 500,01/11/2013,18.1518472,1783.54,98.25666667
S&p 500,01/12/2013,18.04171657,1807.78,100.2
S&p 500,01/01/2014,18.1479834,1822.36,100.4166667
S&p 500,01/02/2014,18.05604505,1817.04,100.6333333
S&p 500,01/03/2014,18.47813585,1863.52,100.85
S&p 500,01/04/2014,18.34781182,1864.26,101.6066667
S&p 500,01/05/2014,18.46139568,1889.77,102.3633333
S&p 500,01/06/2014,18.88178821,1947.09,103.12
S&p 500,01/07/2014,18.95996156,1973.1,104.0666667
S&p 500,01/08/2014,18.67886618,1961.53,105.0133333
S&p 500,01/09/2014,18.81115515,1993.23,105.96
S&p 500,01/10/2014,18.49540146,1937.27,104.7433333
S&p 500,01/11/2014,19.74921115,2044.57,103.5266667
S&p 500,01/12/2014,20.07887792,2054.27,102.31
S&p 500,01/01/2015,20.02349689,2028.18,101.29
S&p 500,01/02/2015,20.76593198,2082.2,100.27
S&p 500,01/03/2015,20.95707809,2079.99,99.25
S&p 500,01/04/2015,21.41910637,2094.86,97.80333333
S&p 500,01/05/2015,21.91794375,2111.94,96.35666667
S&p 500,01/06/2015,22.11874407,2099.29,94.91
S&p 500,01/07/2015,22.39881631,2094.14,93.49333333
S&p 500,01/08/2015,22.1540383,2039.87,92.07666667
S&p 500,01/09/2015,21.44727553,1944.41,90.66
S&p 500,01/10/2015,22.67847676,2024.81,89.28333333
S&p 500,01/11/2015,23.66851206,2080.62,87.90666667
S&p 500,01/12/2015,23.73835664,2054.08,86.53
S&p 500,01/01/2016,22.18034682,1918.6,86.5
S&p 500,01/02/2016,22.02405459,1904.42,86.47
S&p 500,01/03/2016,23.39136974,2021.95,86.44
S&p 500,01/04/2016,23.9669746,2075.54,86.6
S&p 500,01/05/2016,23.80763024,2065.55,86.76
S&p 500,01/06/2016,23.97480442,2083.89,86.92
S&p 500,01/07/2016,24.51869319,2148.9,87.64333333
S&p 500,01/08/2016,24.56752169,2170.95,88.36666667
S&p 500,01/09/2016,24.21921652,2157.69,89.09
S&p 500,01/10/2016,23.57298427,2143.02,90.91
S&p 500,01/11/2016,23.34724469,2164.99,92.73
S&p 500,01/12/2016,23.76129032,2246.63,94.55
S&p 500,01/01/2017,23.58533467,2275.12,96.46333333
S&p 500,01/02/2017,23.68356318,2329.91,98.37666667
S&p 500,01/03/2017,23.59976069,2366.82,100.29
S&p 500,01/04/2017,23.23680236,2359.31,101.5333333
S&p 500,01/05/2017,23.30636007,2395.35,102.7766667
S&p 500,01/06/2017,23.39925014,2433.99,104.02
S&p 500,01/07/2017,23.36348058,2454.1,105.04
S&p 500,01/08/2017,23.15877805,2456.22,106.06
S&p 500,01/09/2017,23.28016436,2492.84,107.08
S&p 500,01/10/2017,23.67300333,2557,108.0133333
S&p 500,01/11/2017,23.80623547,2593.61,108.9466667
S&p 500,01/12/2017,24.24772479,2664.34,109.88
S&p 500,01/01/2018,24.96837709,2789.8,111.7333333
S&p 500,01/02/2018,23.81582345,2705.16,113.5866667
S&p 500,01/03/2018,23.41276854,2702.77,115.44
S&p 500,01/04/2018,22.52912044,2653.63,117.7866667
S&p 500,01/05/2018,22.48743063,2701.49,120.1333333
S&p 500,01/06/2018,22.48816133,2754.35,122.48
S&p 500,01/07/2018,22.32828027,2793.64,125.1166667
S&p 500,01/08/2018,22.36982727,2857.82,127.7533333
S&p 500,01/09/2018,22.25247335,2901.5,130.39
S&p 500,01/10/2018,21.25385965,2785.46,131.0566667
S&p 500,01/11/2018,20.67386188,2723.23,131.7233333
S&p 500,01/12/2018,19.39202357,2567.31,132.39
S&p 500,01/01/2019,19.59608688,2607.39,133.0566667
S&p 500,01/02/2019,20.60119151,2754.86,133.7233333
S&p 500,01/03/2019,20.86449885,2803.98,134.39
S&p 500,01/04/2019,21.56020295,2903.8,134.6833333
S&p 500,01/05/2019,21.1496555,2854.71,134.9766667
S&p 500,01/06/2019,21.3659348,2890.17,135.27
S&p 500,01/07/2019,22.27925072,2996.113636,134.48
S&p 500,01/08/2019,21.67326039,2897.498182,133.69
S&p 500,01/09/2019,22.43909707,2982.156,132.9
S&p 500,01/10/2019,22.04219409,2977.68,135.09
S&p 500,01/11/2019,22.61731133,3104.9045,137.28
S&p 500,01/12/2019,22.77729636,3176.749524,139.47
S&p 500,01/01/2020,24.88073613,3278.202857,131.7566667
S&p 500,01/02/2020,26.42072026,3277.314211,124.0433333
S&p 500,01/03/2020,22.80059861,2652.393636,116.33
S&p 500,01/04/2020,24.9658794,2761.975238,110.63
S&p 500,01/05/2020,27.82440675,2919.615,104.93
S&p 500,01/06/2020,31.28752302,3104.660909,99.23
S&p 500,01/07/2020,32.43513979,3207.619091,98.89333333
S&p 500,01/08/2020,34.41380593,3391.71,98.55666667
S&p 500,01/09/2020,34.26508518,3365.516667,98.22
S&p 500,01/10/2020,35.2965003,3418.701364,96.85666667
S&p 500,01/11/2020,37.16481953,3548.9925,95.49333333
S&p 500,01/12/2020,39.2575162,3695.31,94.13
S&p 500,01/01/2021,35.96424592,3793.748421,105.4866667
S&p 500,01/02/2021,33.23623175,3883.432105,116.8433333
S&p 500,01/03/2021,30.50318456,3910.508261,128.2
S&p 500,01/04/2021,29.9246762,4141.17619,138.3866667
S&p 500,01/05/2021,28.05247353,4167.8495,148.5733333
S&p 500,01/06/2021,26.69746501,4238.489545,158.76
S&p 500,01/07/2021,26.55672699,4363.712857,164.3166667
S&p 500,01/08/2021,26.22075093,4454.206364,169.8733333
S&p 500,01/09/2021,25.3408387,4445.543333,175.43
S&p 500,01/10/2021,24.38744269,4460.707143,182.91
S&p 500,01/11/2021,24.51487298,4667.386667,190.39
S&p 500,01/12/2021,23.62547494,4674.772727,197.87
S&p 500,01/01/2022,23.11369746,4573.8155,197.8833333
S&p 500,01/02/2022,22.41564045,4435.980526,197.8966667
S&p 500,01/03/2022,22.1881927,4391.265217,197.91
S&p 500,01/04/2022,22.4015236,4391.296,196.0266667
S&p 500,01/05/2022,20.81122195,4040.36,194.1433333
S&p 500,01/06/2022,20.279552,3898.946667,192.26
S&p 500,01/07/2022,20.52503454,3911.7295,190.5833333
S&p 500,01/08/2022,22.0138501,4158.563043,188.9066667
S&p 500,01/09/2022,20.56572385,3850.520476,187.23
S&p 500,01/10/2022,20.42753761,3726.050952,182.4033333
S&p 500,01/11/2022,22.06082953,3917.488571,177.5766667
S&p 500,01/12/2022,22.64764661,3912.380952,172.75
S&p 500,01/01/2023,22.82053796,3960.6565,173.5566667
S&p 500,01/02/2023,23.39760693,4079.684737,174.3633333
S&p 500,01/03/2023,22.65547257,3968.55913,175.17
S&p 500,01/04/2023,23.26978847,4121.467368,177.1166667
S&p 500,01/05/2023,23.1547861,4146.173182,179.0633333
S&p 500,01/06/2023,24.00625853,4345.372857,181.01
S&p 500,01/07/2023,24.75740293,4508.0755,182.09
S&p 500,01/08/2023,24.33454548,4457.358696,183.17
S&p 500,01/09/2023,23.92995929,4409.095,184.25
S&p 500,01/10/2023,22.83387005,4269.400909,186.9766667
S&p 500,01/11/2023,23.51072728,4460.063333,189.7033333
S&p 500,01/12/2023,24.34678325,4685.0515,192.43
S&p 500,01/01/2024,25.0704412,4815.613913,192.0833333
S&p 500,01/02/2024,26.13981763,5011.9615,191.7366667
S&p 500,01/03/2024,27.01589686,5170.5725,191.39
S&p 500,01/04/2024,26.46491732,5112.492727,193.18
S&p 500,01/05/2024,26.85144101,5235.225455,194.97
S&p 500,01/06/2024,27.52155177,5415.140526,196.76
S&p 500,01/07/2024,27.97961171,5538.004545,197.93
S&p 500,01/08/2024,27.51488973,5478.214545,199.1
S&p 500,01/09/2024,28.06841015,5621.2605,200.27
