IndexName,Date,P/E,P/B,Div Yield %,Close,Earnings
NIFTY MICROCAP 250,03/03/2025,26.4,2.76,0.65,19319.95,731.8162879
NIFTY MICROCAP 250,28/02/2025,26.62,2.78,0.64,19479.15,731.7486852
NIFTY MICROCAP 250,27/02/2025,27.82,2.83,0.63,19876.55,714.4698059
NIFTY MICROCAP 250,25/02/2025,28.47,2.9,0.62,20341.9,714.5029856
NIFTY MICROCAP 250,24/02/2025,28.69,2.92,0.62,20499.05,714.5015685
NIFTY MICROCAP 250,21/02/2025,29.05,2.96,0.61,20758.1,714.5645439
NIFTY MICROCAP 250,20/02/2025,29.2,2.98,0.6,20864.85,714.5496575
NIFTY MICROCAP 250,19/02/2025,28.84,2.94,0.61,20618.3,714.9202497
NIFTY MICROCAP 250,18/02/2025,28.17,2.87,0.63,20141.65,715.0035499
NIFTY MICROCAP 250,17/02/2025,26.12,2.93,0.61,20551.3,786.8032159
NIFTY MICROCAP 250,14/02/2025,25.65,2.96,0.62,20736,808.4210526
NIFTY MICROCAP 250,13/02/2025,26.58,3.06,0.59,21470.5,807.7689992
NIFTY MICROCAP 250,12/02/2025,26.77,3.08,0.59,21589.85,806.4942099
NIFTY MICROCAP 250,11/02/2025,26.98,3.08,0.59,21565.85,799.3272795
NIFTY MICROCAP 250,10/02/2025,28.01,3.19,0.56,22380.3,799.0110675
NIFTY MICROCAP 250,07/02/2025,28.73,3.27,0.56,22947.7,798.7365124
NIFTY MICROCAP 250,06/02/2025,29.46,3.33,0.54,23172.9,786.5885947
NIFTY MICROCAP 250,05/02/2025,29.33,3.32,0.55,23099.45,787.5707467
NIFTY MICROCAP 250,04/02/2025,27.64,3.27,0.56,22760.35,823.4569465
NIFTY MICROCAP 250,03/02/2025,27.05,3.22,0.56,22416.85,828.7190388
NIFTY MICROCAP 250,01/02/2025,27.56,3.28,0.55,22790.45,826.9394049
NIFTY MICROCAP 250,31/01/2025,27.55,3.27,0.56,22733.6,825.1760436
NIFTY MICROCAP 250,30/01/2025,27.02,3.2,0.57,22289.55,824.9278312
NIFTY MICROCAP 250,29/01/2025,27,3.2,0.58,22281.45,825.2388889
NIFTY MICROCAP 250,28/01/2025,26.14,3.09,0.6,21534.65,823.8198164
NIFTY MICROCAP 250,27/01/2025,26.6,3.15,0.58,21950.25,825.1973684
NIFTY MICROCAP 250,24/01/2025,27.3,3.26,0.56,22725.35,832.4304029
NIFTY MICROCAP 250,23/01/2025,27.93,3.34,0.55,23228.5,831.6684569
NIFTY MICROCAP 250,22/01/2025,27.84,3.32,0.55,23136.35,831.0470546
NIFTY MICROCAP 250,21/01/2025,28.3,3.37,0.54,23488.65,829.9876325
NIFTY MICROCAP 250,20/01/2025,28.91,3.44,0.53,23952.2,828.5091664
NIFTY MICROCAP 250,17/01/2025,28.69,3.41,0.53,23752,827.8842802
NIFTY MICROCAP 250,16/01/2025,28.68,3.41,0.53,23749.4,828.0822873
NIFTY MICROCAP 250,15/01/2025,28.21,3.36,0.54,23357.1,827.9723502
NIFTY MICROCAP 250,14/01/2025,28.17,3.36,0.54,23328.5,828.1327654
NIFTY MICROCAP 250,13/01/2025,27.76,3.3,0.55,22942.75,826.4679395
NIFTY MICROCAP 250,10/01/2025,29.02,3.45,0.53,23983.3,826.4403859
NIFTY MICROCAP 250,09/01/2025,29.75,3.54,0.52,24589.1,826.5243697
NIFTY MICROCAP 250,08/01/2025,30.13,3.59,0.51,24905.25,826.5930966
NIFTY MICROCAP 250,07/01/2025,30.41,3.62,0.5,25133.15,826.476488
NIFTY MICROCAP 250,06/01/2025,29.75,3.54,0.52,24587.45,826.4689076
NIFTY MICROCAP 250,03/01/2025,30.9,3.68,0.5,25539,826.5048544
NIFTY MICROCAP 250,02/01/2025,30.87,3.67,0.5,25514.5,826.5144153
NIFTY MICROCAP 250,01/01/2025,30.66,3.65,0.5,25339,826.4514025
NIFTY MICROCAP 250,31/12/2024,30.29,3.6,0.51,25036.95,826.5747772
NIFTY MICROCAP 250,30/12/2024,29.93,3.55,0.52,24816.95,829.1663882
NIFTY MICROCAP 250,27/12/2024,30.24,3.58,0.51,25066.15,828.9070767
NIFTY MICROCAP 250,26/12/2024,30.13,3.57,0.51,24978.9,829.0375041
NIFTY MICROCAP 250,24/12/2024,30.35,3.6,0.51,25160.7,829.0181219
NIFTY MICROCAP 250,23/12/2024,30.16,3.57,0.51,25003.8,829.0384615
NIFTY MICROCAP 250,20/12/2024,30.43,3.61,0.51,25227.1,829.0207033
NIFTY MICROCAP 250,19/12/2024,31.14,3.69,0.5,25813.85,828.9611432
NIFTY MICROCAP 250,18/12/2024,31.19,3.7,0.5,25857,829.0157102
NIFTY MICROCAP 250,17/12/2024,31.5,3.73,0.49,26112.3,828.9619048
NIFTY MICROCAP 250,16/12/2024,31.62,3.75,0.49,26214.7,829.054396
NIFTY MICROCAP 250,13/12/2024,31.38,3.72,0.49,26014.55,829.0168897
NIFTY MICROCAP 250,12/12/2024,31.48,3.73,0.49,26100.1,829.1010165
NIFTY MICROCAP 250,11/12/2024,31.86,3.77,0.49,26411.6,828.9893283
NIFTY MICROCAP 250,10/12/2024,31.73,3.76,0.49,26301.5,828.9158525
NIFTY MICROCAP 250,09/12/2024,31.52,3.73,0.49,26128.8,828.9593909
NIFTY MICROCAP 250,06/12/2024,31.37,3.72,0.49,26005.8,829.0022314
NIFTY MICROCAP 250,05/12/2024,31.17,3.69,0.5,25843,829.0984921
NIFTY MICROCAP 250,04/12/2024,31.12,3.69,0.5,25796.75,828.9444087
NIFTY MICROCAP 250,03/12/2024,30.91,3.66,0.5,25632.1,829.2494338
NIFTY MICROCAP 250,02/12/2024,30.53,3.62,0.51,25321.45,829.3956764
NIFTY MICROCAP 250,29/11/2024,30.28,3.59,0.51,25115.75,829.4501321
NIFTY MICROCAP 250,28/11/2024,29.97,3.56,0.51,24906.3,831.041041
NIFTY MICROCAP 250,27/11/2024,29.77,3.61,0.51,24741.75,831.0967417
NIFTY MICROCAP 250,26/11/2024,29.28,3.55,0.51,24332.7,831.0348361
NIFTY MICROCAP 250,25/11/2024,29.04,3.53,0.51,24133.45,831.0416667
NIFTY MICROCAP 250,22/11/2024,28.54,3.46,0.52,23716.3,830.984583
NIFTY MICROCAP 250,21/11/2024,28.3,3.44,0.53,23517.1,830.9929329
NIFTY MICROCAP 250,19/11/2024,32.29,3.47,0.53,23716.8,734.4936513
NIFTY MICROCAP 250,18/11/2024,32.14,3.43,0.53,23469.85,730.2380212
NIFTY MICROCAP 250,14/11/2024,32.98,3.45,0.54,23626.5,716.3887204
NIFTY MICROCAP 250,13/11/2024,32.97,3.42,0.54,23394.75,709.5768881
NIFTY MICROCAP 250,12/11/2024,34.1,3.53,0.52,24142.15,707.9809384
NIFTY MICROCAP 250,11/11/2024,34.67,3.57,0.52,24454.4,705.3475627
NIFTY MICROCAP 250,08/11/2024,35.12,3.62,0.51,24799.45,706.1346811
NIFTY MICROCAP 250,07/11/2024,35.48,3.68,0.51,25206.7,710.4481398
NIFTY MICROCAP 250,06/11/2024,35.66,3.7,0.5,25331.45,710.3603477
NIFTY MICROCAP 250,05/11/2024,34.85,3.63,0.51,24833.1,712.5710187
NIFTY MICROCAP 250,04/11/2024,34.68,3.61,0.52,24681.9,711.7041522
NIFTY MICROCAP 250,01/11/2024,35.56,3.67,0.51,25145.25,707.121766
NIFTY MICROCAP 250,31/10/2024,35.15,3.63,0.52,24854.6,707.1009957
NIFTY MICROCAP 250,30/10/2024,34.19,3.55,0.52,24332.8,711.6934776
NIFTY MICROCAP 250,29/10/2024,33.54,3.48,0.53,23867.5,711.6129994
NIFTY MICROCAP 250,28/10/2024,33.44,3.47,0.54,23767.15,710.7401316
NIFTY MICROCAP 250,25/10/2024,33.28,3.42,0.54,23443.9,704.4441106
NIFTY MICROCAP 250,24/10/2024,34.2,3.5,0.52,24014.35,702.1739766
NIFTY MICROCAP 250,23/10/2024,34.67,3.54,0.52,24280.5,700.3316989
NIFTY MICROCAP 250,22/10/2024,34.29,3.5,0.52,24009.1,700.1778944
NIFTY MICROCAP 250,21/10/2024,35.84,3.65,0.5,25046.8,698.8504464
NIFTY MICROCAP 250,18/10/2024,36.55,3.72,0.49,25541.5,698.8098495
NIFTY MICROCAP 250,17/10/2024,36.74,3.73,0.49,25611.6,697.1039739
NIFTY MICROCAP 250,16/10/2024,37.28,3.79,0.49,25989.45,697.1418991
NIFTY MICROCAP 250,15/10/2024,37,3.76,0.49,25793.45,697.1202703
NIFTY MICROCAP 250,14/10/2024,36.66,3.73,0.5,25550.45,696.957174
NIFTY MICROCAP 250,11/10/2024,36.62,3.72,0.5,25519.2,696.865101
NIFTY MICROCAP 250,10/10/2024,36.34,3.69,0.5,25327.6,696.9620253
NIFTY MICROCAP 250,09/10/2024,36.15,3.67,0.51,25198.3,697.0484094
NIFTY MICROCAP 250,08/10/2024,35.7,3.63,0.51,24878.4,696.8739496
NIFTY MICROCAP 250,07/10/2024,34.7,3.53,0.53,24185.45,696.9870317
NIFTY MICROCAP 250,04/10/2024,36.09,3.67,0.51,25151.95,696.9229704
NIFTY MICROCAP 250,03/10/2024,36.44,3.7,0.5,25396.2,696.9319429
NIFTY MICROCAP 250,01/10/2024,37.11,3.77,0.49,25862.45,696.9132309
NIFTY MICROCAP 250,30/09/2024,36.9,3.75,0.5,25715.2,696.8888889
NIFTY MICROCAP 250,27/09/2024,31.75,3.61,0.48,25759.75,811.3307087
NIFTY MICROCAP 250,26/09/2024,31.68,3.61,0.48,25698.4,811.1868687
NIFTY MICROCAP 250,25/09/2024,31.8,3.62,0.48,25798.3,811.2672956
NIFTY MICROCAP 250,24/09/2024,31.86,3.63,0.47,25843.45,811.1566227
NIFTY MICROCAP 250,23/09/2024,31.81,3.62,0.48,25804.05,811.1930211
NIFTY MICROCAP 250,20/09/2024,31.55,3.59,0.48,25591.7,811.1473851
NIFTY MICROCAP 250,19/09/2024,31.04,3.53,0.52,25183.6,811.3273196
NIFTY MICROCAP 250,18/09/2024,31.46,3.58,0.48,25510.2,810.8773045
NIFTY MICROCAP 250,17/09/2024,31.61,3.6,0.5,25631.3,810.8604872
NIFTY MICROCAP 250,16/09/2024,31.5,3.59,0.48,25537.4,810.7111111
NIFTY MICROCAP 250,13/09/2024,31.36,3.57,0.48,25429.45,810.888074
NIFTY MICROCAP 250,12/09/2024,30.99,3.53,0.48,25127,810.8099387
NIFTY MICROCAP 250,11/09/2024,30.76,3.5,0.49,24940.85,810.8208713
NIFTY MICROCAP 250,10/09/2024,31.09,3.61,0.48,25209.85,810.8668382
NIFTY MICROCAP 250,09/09/2024,30.57,3.82,0.49,24783,810.6967615
NIFTY MICROCAP 250,06/09/2024,30.78,3.85,0.49,24957.35,810.8300845
NIFTY MICROCAP 250,05/09/2024,31.15,3.89,0.48,25254.35,810.7335474
NIFTY MICROCAP 250,04/09/2024,30.95,3.87,0.48,25097.85,810.9159935
NIFTY MICROCAP 250,03/09/2024,30.87,3.86,0.49,25030.6,810.8390023
NIFTY MICROCAP 250,02/09/2024,30.92,3.85,0.46,24906.25,805.5061449
NIFTY MICROCAP 250,30/08/2024,31.17,3.88,0.46,25108.8,805.5437921
NIFTY MICROCAP 250,29/08/2024,30.76,3.83,0.46,24831.2,807.2561769
NIFTY MICROCAP 250,28/08/2024,31.1,3.87,0.46,25104.9,807.2315113
NIFTY MICROCAP 250,27/08/2024,31.19,3.88,0.45,25179.55,807.2956076
NIFTY MICROCAP 250,26/08/2024,31.07,3.86,0.46,25082.1,807.2771162
NIFTY MICROCAP 250,23/08/2024,31.14,3.87,0.46,25143.85,807.4454078
NIFTY MICROCAP 250,22/08/2024,31.13,3.87,0.46,25131.3,807.3016383
NIFTY MICROCAP 250,21/08/2024,30.97,3.85,0.48,25002.85,807.3248305
NIFTY MICROCAP 250,20/08/2024,30.63,3.81,0.47,24732.15,807.4485798
NIFTY MICROCAP 250,19/08/2024,31.01,3.79,0.46,24601.05,793.3263463
NIFTY MICROCAP 250,16/08/2024,30.65,3.74,0.47,24246.95,791.091354
NIFTY MICROCAP 250,14/08/2024,30.32,3.66,0.48,23754.35,783.4548153
NIFTY MICROCAP 250,13/08/2024,30.77,3.68,0.48,23869.85,775.7507312
NIFTY MICROCAP 250,12/08/2024,31.36,3.74,0.47,24305.35,775.0430485
NIFTY MICROCAP 250,09/08/2024,31.38,3.73,0.48,24185.85,770.7409178
NIFTY MICROCAP 250,08/08/2024,30.96,3.69,0.48,23928.45,772.8827519
NIFTY MICROCAP 250,07/08/2024,30.88,3.69,0.48,23934.3,775.0744819
NIFTY MICROCAP 250,06/08/2024,30.03,3.59,0.49,23274.6,775.044955
NIFTY MICROCAP 250,05/08/2024,30.29,3.62,0.48,23487.8,775.4308353
NIFTY MICROCAP 250,02/08/2024,32.03,3.79,0.47,24591,767.7489853
NIFTY MICROCAP 250,01/08/2024,32.26,3.79,0.48,24628.6,763.4407936
NIFTY MICROCAP 250,31/07/2024,32.55,3.82,0.46,24818.6,762.4761905
NIFTY MICROCAP 250,30/07/2024,32.49,3.82,0.47,24787.05,762.9132041
NIFTY MICROCAP 250,29/07/2024,32.56,3.79,0.48,24626.45,756.340602
NIFTY MICROCAP 250,26/07/2024,32.33,3.76,0.48,24439.35,755.9341169
NIFTY MICROCAP 250,25/07/2024,32.12,3.72,0.46,24180.25,752.8097758
NIFTY MICROCAP 250,24/07/2024,32.07,3.71,0.46,24131.5,752.4633614
NIFTY MICROCAP 250,23/07/2024,31.22,3.62,0.48,23502.25,752.7946829
NIFTY MICROCAP 250,22/07/2024,31.32,3.63,0.49,23455.15,748.8872925
NIFTY MICROCAP 250,19/07/2024,31.05,3.6,0.5,23246.6,748.6827697
NIFTY MICROCAP 250,18/07/2024,31.78,3.68,0.47,23783.35,748.374764
NIFTY MICROCAP 250,16/07/2024,32.1,3.72,0.47,24032.15,748.665109
NIFTY MICROCAP 250,15/07/2024,32.02,3.71,0.47,23975.4,748.763273
NIFTY MICROCAP 250,12/07/2024,32.01,3.71,0.47,23967.15,748.7394564
NIFTY MICROCAP 250,11/07/2024,32.13,3.73,0.46,24067.9,749.0787426
NIFTY MICROCAP 250,10/07/2024,31.8,3.69,0.47,23826.55,749.2625786
NIFTY MICROCAP 250,09/07/2024,32.06,3.73,0.47,24048.25,750.1013724
NIFTY MICROCAP 250,08/07/2024,31.97,3.72,0.46,23984.65,750.2236472
NIFTY MICROCAP 250,05/07/2024,32.09,3.73,0.47,24072.1,750.1433468
NIFTY MICROCAP 250,04/07/2024,31.81,3.7,0.47,23866.65,750.2876454
NIFTY MICROCAP 250,03/07/2024,31.73,3.69,0.47,23804.55,750.2221872
NIFTY MICROCAP 250,02/07/2024,31.49,3.66,0.48,23622.4,750.155605
NIFTY MICROCAP 250,01/07/2024,31.43,3.65,0.48,23578.1,750.1781737
NIFTY MICROCAP 250,28/06/2024,30.71,3.57,0.48,23036.85,750.1416477
NIFTY MICROCAP 250,27/06/2024,30.5,3.5,0.49,22902.7,750.9081967
NIFTY MICROCAP 250,26/06/2024,30.83,3.53,0.48,23153.45,751.0038923
NIFTY MICROCAP 250,25/06/2024,30.67,3.52,0.49,23028.65,750.8526247
NIFTY MICROCAP 250,24/06/2024,30.67,3.52,0.49,23026.85,750.7939354
NIFTY MICROCAP 250,21/06/2024,30.58,3.51,0.51,22963.3,750.9254415
NIFTY MICROCAP 250,20/06/2024,30.59,3.51,0.5,22969.95,750.8973521
NIFTY MICROCAP 250,19/06/2024,30.16,3.45,0.51,22648,750.928382
NIFTY MICROCAP 250,18/06/2024,30.27,3.47,0.51,22733.3,751.0175091
NIFTY MICROCAP 250,14/06/2024,29.99,3.44,0.52,22523.4,751.0303434
NIFTY MICROCAP 250,13/06/2024,29.75,3.41,0.52,22338.8,750.8840336
NIFTY MICROCAP 250,12/06/2024,29.51,3.39,0.53,22189.25,751.9230769
NIFTY MICROCAP 250,11/06/2024,29.13,3.34,0.53,21903.95,751.9378647
NIFTY MICROCAP 250,10/06/2024,28.67,3.29,0.54,21553,751.7614231
NIFTY MICROCAP 250,07/06/2024,28.27,3.25,0.57,21254.95,751.8553237
NIFTY MICROCAP 250,06/06/2024,27.62,3.17,0.59,20765.85,751.8410572
NIFTY MICROCAP 250,05/06/2024,26.77,3.07,0.61,20130.25,751.9704894
NIFTY MICROCAP 250,04/06/2024,26.08,2.98,0.63,19512.95,748.1959356
NIFTY MICROCAP 250,03/06/2024,30.38,3.21,0.58,21040.3,692.5707702
NIFTY MICROCAP 250,31/05/2024,30,3.15,0.58,20648.9,688.2966667
NIFTY MICROCAP 250,30/05/2024,29.24,3.12,0.59,20433.25,698.8115595
NIFTY MICROCAP 250,29/05/2024,29.75,3.17,0.58,20767.4,698.0638655
NIFTY MICROCAP 250,28/05/2024,29.26,3.16,0.59,20712.8,707.8879016
NIFTY MICROCAP 250,27/05/2024,28.89,3.2,0.57,20930.2,724.4790585
NIFTY MICROCAP 250,24/05/2024,29.53,3.22,0.57,21114.45,715.0169319
NIFTY MICROCAP 250,23/05/2024,40.88,3.24,0.56,21205,518.7133072
NIFTY MICROCAP 250,22/05/2024,40.92,3.24,0.56,21229.3,518.8000978
NIFTY MICROCAP 250,21/05/2024,34.09,3.24,0.56,21194.15,621.7116456
NIFTY MICROCAP 250,18/05/2024,34.22,3.24,0.57,21230,620.3974284
NIFTY MICROCAP 250,17/05/2024,33.99,3.22,0.57,21086,620.3589291
NIFTY MICROCAP 250,16/05/2024,33.76,3.18,0.57,20849.25,617.5725711
NIFTY MICROCAP 250,15/05/2024,33.6,3.16,0.58,20723.75,616.7782738
NIFTY MICROCAP 250,14/05/2024,33.32,3.13,0.59,20488.1,614.8889556
NIFTY MICROCAP 250,13/05/2024,32.6,3.06,0.6,20065.15,615.4953988
NIFTY MICROCAP 250,10/05/2024,32.48,3.07,0.6,20119.6,619.4458128
NIFTY MICROCAP 250,09/05/2024,32.18,3.04,0.6,19908.9,618.6730889
NIFTY MICROCAP 250,08/05/2024,33.35,3.12,0.58,20445.5,613.0584708
NIFTY MICROCAP 250,07/05/2024,32.95,3.1,0.59,20288.55,615.737481
NIFTY MICROCAP 250,06/05/2024,33.46,3.14,0.58,20599.6,615.6485356
NIFTY MICROCAP 250,03/05/2024,33.81,3.19,0.57,20886.65,617.765454
NIFTY MICROCAP 250,02/05/2024,32.27,3.16,0.57,21020.05,651.3805392
NIFTY MICROCAP 250,30/04/2024,32.41,3.15,0.57,20964.75,646.8605369
NIFTY MICROCAP 250,29/04/2024,33.36,3.15,0.57,20944.05,627.8192446
NIFTY MICROCAP 250,26/04/2024,33.19,3.13,0.58,20827.3,627.5173245
NIFTY MICROCAP 250,25/04/2024,31.41,3.06,0.57,20874.1,664.5686087
NIFTY MICROCAP 250,24/04/2024,31.24,3.13,0.57,20766.45,664.7391165
NIFTY MICROCAP 250,23/04/2024,30.82,3.11,0.57,20626.5,669.256976
NIFTY MICROCAP 250,22/04/2024,30.55,3.08,0.58,20435,668.903437
NIFTY MICROCAP 250,19/04/2024,29.94,3.02,0.59,20033.45,669.1199065
NIFTY MICROCAP 250,18/04/2024,29.98,3.02,0.59,20058.35,669.0577051
NIFTY MICROCAP 250,16/04/2024,29.97,3.02,0.59,20051.85,669.0640641
NIFTY MICROCAP 250,15/04/2024,29.65,2.99,0.6,19837,669.0387858
NIFTY MICROCAP 250,12/04/2024,30.16,3.04,0.59,20183.35,669.2092175
NIFTY MICROCAP 250,10/04/2024,30.44,3.24,0.58,20365.55,669.0390933
NIFTY MICROCAP 250,09/04/2024,30.42,3.24,0.58,20355.8,669.1584484
NIFTY MICROCAP 250,08/04/2024,30.48,3.25,0.58,20370.25,668.3152887
NIFTY MICROCAP 250,05/04/2024,30.6,3.26,0.58,20450.2,668.3071895
NIFTY MICROCAP 250,04/04/2024,30.46,3.24,0.58,20358.95,668.3831254
NIFTY MICROCAP 250,03/04/2024,30.3,3.23,0.58,20252,668.3828383
NIFTY MICROCAP 250,02/04/2024,29.83,3.18,0.59,19939.55,668.4394904
NIFTY MICROCAP 250,01/04/2024,29.33,3.12,0.59,19604.3,668.4043641
NIFTY MICROCAP 250,28/03/2024,28.37,3.02,0.61,18958.85,668.271061
NIFTY MICROCAP 250,27/03/2024,26.81,3.25,0.63,18925.2,705.9007833
NIFTY MICROCAP 250,26/03/2024,26.63,3.23,0.63,18803.8,706.1134059
NIFTY MICROCAP 250,22/03/2024,26.84,3.25,0.64,18948.5,705.9798808
NIFTY MICROCAP 250,21/03/2024,26.48,3.21,0.65,18692.9,705.9252266
NIFTY MICROCAP 250,20/03/2024,25.88,3.13,0.66,18268.45,705.8906491
NIFTY MICROCAP 250,19/03/2024,25.92,3.14,0.67,18303.5,706.1535494
NIFTY MICROCAP 250,18/03/2024,26.27,3.18,0.66,18546.4,705.9916254
NIFTY MICROCAP 250,15/03/2024,26.21,3.17,0.66,18502,705.9137734
NIFTY MICROCAP 250,14/03/2024,25.95,3.14,0.67,18333.3,706.4855491
NIFTY MICROCAP 250,13/03/2024,24.95,3.02,0.69,17620.95,706.250501
NIFTY MICROCAP 250,12/03/2024,26.59,3.22,0.65,18779.85,706.2749154
NIFTY MICROCAP 250,11/03/2024,27.28,3.3,0.63,19270.35,706.391129
NIFTY MICROCAP 250,07/03/2024,27.94,3.39,0.62,19750.3,706.8826056
NIFTY MICROCAP 250,06/03/2024,27.83,3.37,0.62,19676,707.0068272
NIFTY MICROCAP 250,05/03/2024,28.56,3.46,0.61,20187.7,706.8522409
NIFTY MICROCAP 250,04/03/2024,28.75,3.48,0.6,20321.8,706.8452174
NIFTY MICROCAP 250,02/03/2024,29.17,3.52,0.6,20506.6,703.0030854
NIFTY MICROCAP 250,01/03/2024,28.92,3.49,0.6,20332.15,703.0480636
NIFTY MICROCAP 250,29/02/2024,28.76,3.47,0.61,20216.55,702.939847
NIFTY MICROCAP 250,28/02/2024,28.47,3.42,0.61,19971.55,701.4945557
NIFTY MICROCAP 250,27/02/2024,29.14,3.5,0.62,20441.75,701.5013727
NIFTY MICROCAP 250,26/02/2024,29.25,3.51,0.62,20561.4,702.9538462
NIFTY MICROCAP 250,23/02/2024,29.24,3.51,0.62,20553.75,702.9326265
NIFTY MICROCAP 250,22/02/2024,29.07,3.49,0.62,20430.55,702.8052976
NIFTY MICROCAP 250,21/02/2024,28.94,3.47,0.63,20344.3,702.9820318
NIFTY MICROCAP 250,20/02/2024,29.34,3.52,0.61,20622,702.8629857
NIFTY MICROCAP 250,19/02/2024,29.35,3.52,0.61,20629.55,702.8807496
NIFTY MICROCAP 250,16/02/2024,28.94,3.48,0.62,20400.15,704.9118867
NIFTY MICROCAP 250,15/02/2024,28.72,3.46,0.61,20257.75,705.3534123
NIFTY MICROCAP 250,14/02/2024,28.68,3.42,0.62,20023.75,698.1781729
NIFTY MICROCAP 250,13/02/2024,28.24,3.36,0.63,19694.85,697.4097025
NIFTY MICROCAP 250,12/02/2024,28.08,3.36,0.64,19651.6,699.8433048
NIFTY MICROCAP 250,09/02/2024,32.39,3.49,0.61,20444.75,631.205619
NIFTY MICROCAP 250,08/02/2024,32.9,3.55,0.6,20775.3,631.4680851
NIFTY MICROCAP 250,07/02/2024,33.11,3.55,0.6,20805.2,628.3660526
NIFTY MICROCAP 250,06/02/2024,32.99,3.53,0.61,20699.05,627.4340709
NIFTY MICROCAP 250,05/02/2024,31.25,3.48,0.61,20417.05,653.3456
NIFTY MICROCAP 250,02/02/2024,31.16,3.49,0.61,20493.1,657.6732991
NIFTY MICROCAP 250,01/02/2024,31.52,3.48,0.62,20422.1,647.909264
NIFTY MICROCAP 250,31/01/2024,31.68,3.49,0.61,20501,647.1275253
NIFTY MICROCAP 250,30/01/2024,31.6,3.43,0.63,20136.75,637.2389241
NIFTY MICROCAP 250,29/01/2024,31.74,3.42,0.63,20088.45,632.9064272
NIFTY MICROCAP 250,25/01/2024,31.42,3.38,0.63,19859.95,632.0798854
NIFTY MICROCAP 250,24/01/2024,30.99,3.34,0.64,19609,632.7525008
NIFTY MICROCAP 250,23/01/2024,30.65,3.28,0.65,19263.7,628.5057096
NIFTY MICROCAP 250,20/01/2024,31.61,3.38,0.63,19862.2,628.3517874
NIFTY MICROCAP 250,19/01/2024,31.7,3.35,0.64,19699.4,621.4321767
NIFTY MICROCAP 250,18/01/2024,31.87,3.33,0.64,19510.5,612.1901475
NIFTY MICROCAP 250,17/01/2024,31.81,3.32,0.65,19443.35,611.2338887
NIFTY MICROCAP 250,16/01/2024,32.16,3.35,0.64,19643.05,610.7913557
NIFTY MICROCAP 250,15/01/2024,32.29,3.37,0.64,19725.9,610.8981109
NIFTY MICROCAP 250,12/01/2024,32.27,3.36,0.64,19701.9,610.5330028
NIFTY MICROCAP 250,11/01/2024,32.22,3.36,0.64,19672.5,610.5679702
NIFTY MICROCAP 250,10/01/2024,31.91,3.32,0.65,19483.05,610.5625196
NIFTY MICROCAP 250,09/01/2024,31.76,3.31,0.66,19390.4,610.5289673
NIFTY MICROCAP 250,08/01/2024,31.69,3.3,0.66,19348.2,610.5459135
NIFTY MICROCAP 250,05/01/2024,31.78,3.31,0.66,19400,610.4468219
NIFTY MICROCAP 250,04/01/2024,31.65,3.3,0.66,19321.85,610.4849921
NIFTY MICROCAP 250,03/01/2024,31.24,3.25,0.67,19070.4,610.4481434
NIFTY MICROCAP 250,02/01/2024,31.03,3.23,0.67,18944.2,610.5124073
NIFTY MICROCAP 250,01/01/2024,30.93,3.22,0.67,18885.4,610.5851924
NIFTY MICROCAP 250,29/12/2023,30.56,3.18,0.68,18656.75,610.4957461
NIFTY MICROCAP 250,28/12/2023,30.04,3.12,0.69,18517.4,616.424767
NIFTY MICROCAP 250,27/12/2023,30.15,3.13,0.69,18585.65,616.4394693
NIFTY MICROCAP 250,26/12/2023,30.13,3.12,0.69,18574.7,616.4852307
NIFTY MICROCAP 250,22/12/2023,29.89,3.1,0.7,18429.75,616.5858147
NIFTY MICROCAP 250,21/12/2023,29.65,3.08,0.7,18279.85,616.5210793
NIFTY MICROCAP 250,20/12/2023,29.03,3.01,0.72,17898.8,616.5621771
NIFTY MICROCAP 250,19/12/2023,30.31,3.14,0.69,18683.9,616.4269218
NIFTY MICROCAP 250,18/12/2023,30.19,3.13,0.69,18614.15,616.566744
NIFTY MICROCAP 250,15/12/2023,30.04,3.12,0.69,18522.4,616.5912117
NIFTY MICROCAP 250,14/12/2023,29.98,3.11,0.72,18480.4,616.4242829
NIFTY MICROCAP 250,13/12/2023,29.89,3.1,0.72,18425.4,616.440281
NIFTY MICROCAP 250,12/12/2023,29.47,3.06,0.73,18168.15,616.4964371
NIFTY MICROCAP 250,11/12/2023,29.58,3.07,0.73,18234.55,616.4486139
NIFTY MICROCAP 250,08/12/2023,29.26,3.03,0.74,18039.2,616.5140123
NIFTY MICROCAP 250,07/12/2023,29.32,3.04,0.74,18078.8,616.6030014
NIFTY MICROCAP 250,06/12/2023,29.34,3.04,0.74,18090,616.5644172
NIFTY MICROCAP 250,05/12/2023,29.34,3.04,0.74,18086.35,616.4400136
NIFTY MICROCAP 250,04/12/2023,29.36,3.04,0.74,18099.35,616.4628747
NIFTY MICROCAP 250,01/12/2023,29.01,3.01,0.75,17886.7,616.5701482
NIFTY MICROCAP 250,30/11/2023,29.01,3.01,0.75,17888.25,616.6235781
NIFTY MICROCAP 250,29/11/2023,28.59,2.96,0.76,17684,618.5379503
NIFTY MICROCAP 250,28/11/2023,28.56,2.96,0.76,17664.7,618.5119048
NIFTY MICROCAP 250,24/11/2023,28.51,2.96,0.76,17631.7,618.4391442
NIFTY MICROCAP 250,23/11/2023,28.46,2.95,0.76,17603.55,618.5365425
NIFTY MICROCAP 250,22/11/2023,28.4,2.94,0.76,17561.55,618.3644366
NIFTY MICROCAP 250,21/11/2023,28.52,2.96,0.75,17640.05,618.5150771
NIFTY MICROCAP 250,20/11/2023,28.47,2.95,0.76,17608.15,618.480857
NIFTY MICROCAP 250,17/11/2023,28.29,2.93,0.77,17495.6,618.4376105
NIFTY MICROCAP 250,16/11/2023,27.75,2.9,0.77,17413.7,627.5207207
NIFTY MICROCAP 250,15/11/2023,27.69,2.89,0.77,17370.25,627.3113037
NIFTY MICROCAP 250,13/11/2023,27.27,2.86,0.78,17148.6,628.8448845
NIFTY MICROCAP 250,12/11/2023,27.15,2.84,0.78,17072.6,628.825046
NIFTY MICROCAP 250,10/11/2023,26.8,2.81,0.8,16855.95,628.9533582
NIFTY MICROCAP 250,09/11/2023,26.47,2.79,0.79,16768.8,633.5020778
NIFTY MICROCAP 250,08/11/2023,26.49,2.8,0.79,16788.8,633.7787844
NIFTY MICROCAP 250,07/11/2023,26.47,2.79,0.79,16742.25,632.4990555
NIFTY MICROCAP 250,06/11/2023,26.32,2.77,0.79,16648.5,632.5417933
NIFTY MICROCAP 250,03/11/2023,26.25,2.74,0.81,16446.85,626.5466667
NIFTY MICROCAP 250,02/11/2023,25.99,2.58,0.81,16285.4,626.6025394
NIFTY MICROCAP 250,01/11/2023,25.81,2.56,0.82,16156.2,625.9666796
NIFTY MICROCAP 250,31/10/2023,25.76,2.56,0.82,16167.45,627.6184006
NIFTY MICROCAP 250,30/10/2023,25.68,2.55,0.82,16134.2,628.2788162
NIFTY MICROCAP 250,27/10/2023,26.21,2.54,0.82,16082.25,613.5921404
NIFTY MICROCAP 250,26/10/2023,25.62,2.48,0.84,15706.65,613.0620609
NIFTY MICROCAP 250,25/10/2023,25.4,2.47,0.84,15683.95,617.4783465
NIFTY MICROCAP 250,23/10/2023,25.77,2.5,0.83,15839.2,614.637175
NIFTY MICROCAP 250,20/10/2023,27.26,2.63,0.79,16691.6,612.3110785
NIFTY MICROCAP 250,19/10/2023,27.46,2.65,0.79,16811.85,612.2305171
NIFTY MICROCAP 250,18/10/2023,27.54,2.65,0.79,16791.75,609.7222222
NIFTY MICROCAP 250,17/10/2023,27.59,2.65,0.79,16805.4,609.1119971
NIFTY MICROCAP 250,16/10/2023,27.31,2.61,0.8,16630.35,608.9472721
NIFTY MICROCAP 250,13/10/2023,27.16,2.59,0.8,16530.65,608.6395434
NIFTY MICROCAP 250,12/10/2023,27.13,2.62,0.8,16512.1,608.6288242
NIFTY MICROCAP 250,11/10/2023,26.89,2.59,0.81,16369.4,608.7541837
NIFTY MICROCAP 250,10/10/2023,26.61,2.57,0.82,16198.85,608.7504697
NIFTY MICROCAP 250,09/10/2023,26.25,2.53,0.83,15981.5,608.8190476
NIFTY MICROCAP 250,06/10/2023,26.85,2.59,0.81,16342.5,608.6592179
NIFTY MICROCAP 250,05/10/2023,26.65,2.57,0.82,16224.45,608.7973734
NIFTY MICROCAP 250,04/10/2023,26.4,2.55,0.82,16071.4,608.7651515
NIFTY MICROCAP 250,03/10/2023,26.67,2.57,0.82,16235.3,608.7476565
NIFTY MICROCAP 250,29/09/2023,26.6,2.56,0.82,16194,608.7969925
NIFTY MICROCAP 250,28/09/2023,31.4,2.79,0.92,16079.35,512.0812102
NIFTY MICROCAP 250,27/09/2023,31.49,2.8,0.9,16127.05,512.132423
NIFTY MICROCAP 250,26/09/2023,31.27,2.83,0.91,16012.05,512.057883
NIFTY MICROCAP 250,25/09/2023,31.16,2.82,0.91,15958.55,512.1485879
NIFTY MICROCAP 250,22/09/2023,31.03,2.81,0.92,15892.5,512.1656461
NIFTY MICROCAP 250,21/09/2023,30.97,2.8,0.91,15856.95,512.0100097
NIFTY MICROCAP 250,20/09/2023,31.26,2.83,0.9,16005.9,512.024952
NIFTY MICROCAP 250,18/09/2023,31.43,2.84,0.86,16079.9,511.6099268
NIFTY MICROCAP 250,15/09/2023,31.58,2.86,0.84,16157.15,511.6260291
NIFTY MICROCAP 250,14/09/2023,31.39,2.84,0.86,16060,511.627907
NIFTY MICROCAP 250,13/09/2023,31.02,2.81,0.87,15873.8,511.7279175
NIFTY MICROCAP 250,12/09/2023,30.62,2.77,0.89,15665.4,511.6067929
NIFTY MICROCAP 250,11/09/2023,32.28,2.92,0.84,16518.2,511.716233
NIFTY MICROCAP 250,08/09/2023,32.04,2.9,0.85,16394.15,511.6775905
NIFTY MICROCAP 250,07/09/2023,31.91,2.89,0.86,16328.3,511.6985271
NIFTY MICROCAP 250,06/09/2023,31.7,2.87,0.87,16220.3,511.681388
NIFTY MICROCAP 250,05/09/2023,31.76,2.87,0.87,16252.5,511.7285894
NIFTY MICROCAP 250,04/09/2023,31.6,2.86,0.87,16170.5,511.7246835
NIFTY MICROCAP 250,01/09/2023,31.24,2.83,0.87,15985.25,511.6917414
NIFTY MICROCAP 250,31/08/2023,31.06,2.81,0.86,15890.2,511.5969092
NIFTY MICROCAP 250,30/08/2023,30.84,2.79,0.87,15778.5,511.6245136
NIFTY MICROCAP 250,29/08/2023,30.56,2.76,0.88,15637.65,511.7032068
NIFTY MICROCAP 250,28/08/2023,30.27,2.74,0.89,15486,511.5956392
NIFTY MICROCAP 250,25/08/2023,30,2.72,0.9,15354.75,511.825
NIFTY MICROCAP 250,24/08/2023,30.08,2.73,0.91,15384.8,511.462766
NIFTY MICROCAP 250,23/08/2023,29.97,2.73,0.91,15330,511.5115115
NIFTY MICROCAP 250,22/08/2023,29.69,2.7,0.91,15181.55,511.3354665
NIFTY MICROCAP 250,21/08/2023,28.87,2.72,0.89,15004.3,519.7194319
NIFTY MICROCAP 250,18/08/2023,28.63,2.7,0.89,14879.4,519.7135871
NIFTY MICROCAP 250,17/08/2023,28.72,2.71,0.92,14922.65,519.5908774
NIFTY MICROCAP 250,16/08/2023,28.64,2.7,0.91,14886.3,519.7730447
NIFTY MICROCAP 250,14/08/2023,26.99,2.68,0.91,14785.3,547.806595
NIFTY MICROCAP 250,11/08/2023,27.11,2.69,0.89,14848.65,547.718554
NIFTY MICROCAP 250,10/08/2023,27.42,2.69,0.89,14847.65,541.4897885
NIFTY MICROCAP 250,09/08/2023,27.94,2.69,0.89,14833.3,530.8983536
NIFTY MICROCAP 250,08/08/2023,27.62,2.66,0.89,14667.15,531.0336713
NIFTY MICROCAP 250,07/08/2023,28.11,2.65,0.9,14634.45,520.6136606
NIFTY MICROCAP 250,04/08/2023,29.12,2.64,0.9,14564.9,500.1682692
NIFTY MICROCAP 250,03/08/2023,29.19,2.63,0.85,14470.05,495.7194245
NIFTY MICROCAP 250,02/08/2023,29.01,2.6,0.85,14345.15,494.4898311
NIFTY MICROCAP 250,01/08/2023,29.39,2.64,0.83,14559.95,495.4048996
NIFTY MICROCAP 250,31/07/2023,29.03,2.62,0.85,14443.85,497.5490872
NIFTY MICROCAP 250,28/07/2023,28.47,2.58,0.86,14205.1,498.9497717
NIFTY MICROCAP 250,27/07/2023,28.35,2.58,0.85,14213.5,501.3580247
NIFTY MICROCAP 250,26/07/2023,28.25,2.57,0.84,14162.95,501.3433628
NIFTY MICROCAP 250,25/07/2023,27.31,2.56,0.84,14109.85,516.6550714
NIFTY MICROCAP 250,24/07/2023,27.23,2.58,0.84,14044.95,515.7895703
NIFTY MICROCAP 250,21/07/2023,27.3,2.57,0.86,13995.45,512.6538462
NIFTY MICROCAP 250,20/07/2023,27.22,2.56,0.85,13966.85,513.1098457
NIFTY MICROCAP 250,19/07/2023,27.22,2.56,0.87,13941.6,512.182219
NIFTY MICROCAP 250,18/07/2023,26.96,2.54,0.88,13825.75,512.8245549
NIFTY MICROCAP 250,17/07/2023,27.07,2.54,0.88,13846.05,511.49058
NIFTY MICROCAP 250,14/07/2023,26.81,2.52,0.89,13708.8,511.3315927
NIFTY MICROCAP 250,13/07/2023,26.51,2.49,0.88,13551.3,511.1769144
NIFTY MICROCAP 250,12/07/2023,26.81,2.51,0.89,13693.45,510.7590451
NIFTY MICROCAP 250,11/07/2023,26.6,2.49,0.89,13584,510.6766917
NIFTY MICROCAP 250,10/07/2023,26.34,2.47,0.9,13453.05,510.7460137
NIFTY MICROCAP 250,07/07/2023,26.35,2.47,0.9,13461,510.8538899
NIFTY MICROCAP 250,06/07/2023,26.39,2.48,0.89,13477.6,510.7086017
NIFTY MICROCAP 250,05/07/2023,26.2,2.46,0.9,13378.8,510.6412214
NIFTY MICROCAP 250,04/07/2023,25.88,2.43,0.91,13217.6,510.7264297
NIFTY MICROCAP 250,03/07/2023,25.94,2.43,0.9,13248.7,510.7440247
NIFTY MICROCAP 250,30/06/2023,25.74,2.41,0.91,13145.6,510.7070707
NIFTY MICROCAP 250,28/06/2023,25.28,2.39,0.93,13056.6,516.4794304
NIFTY MICROCAP 250,27/06/2023,25.28,2.38,0.93,13052.2,516.3053797
NIFTY MICROCAP 250,26/06/2023,25.07,2.37,0.92,12945.35,516.3681691
NIFTY MICROCAP 250,23/06/2023,24.89,2.35,0.93,12853.6,516.4162314
NIFTY MICROCAP 250,22/06/2023,25.19,2.38,0.92,13003.7,516.2246923
NIFTY MICROCAP 250,21/06/2023,25.3,2.39,0.92,13059.3,516.1778656
NIFTY MICROCAP 250,20/06/2023,25.24,2.38,0.92,13030.25,516.253962
NIFTY MICROCAP 250,19/06/2023,25.05,2.36,0.92,12929.2,516.1357285
NIFTY MICROCAP 250,16/06/2023,24.96,2.35,0.93,12884.75,516.2159455
NIFTY MICROCAP 250,15/06/2023,24.8,2.34,0.93,12801.75,516.1995968
NIFTY MICROCAP 250,14/06/2023,24.81,2.34,0.93,12807.85,516.2374043
NIFTY MICROCAP 250,13/06/2023,24.7,2.33,0.94,12747.55,516.0951417
NIFTY MICROCAP 250,12/06/2023,24.49,2.31,0.94,12642.2,516.2188648
NIFTY MICROCAP 250,09/06/2023,24.24,2.29,0.95,12510.1,516.0932343
NIFTY MICROCAP 250,08/06/2023,24.21,2.28,0.9,12494.4,516.0842627
NIFTY MICROCAP 250,07/06/2023,24.33,2.3,0.9,12576.8,516.9256062
NIFTY MICROCAP 250,06/06/2023,24.04,2.27,0.9,12427,516.9301165
NIFTY MICROCAP 250,05/06/2023,23.88,2.26,0.93,12336.3,516.5954774
NIFTY MICROCAP 250,02/06/2023,21.47,2.24,0.94,12265.6,571.2901723
NIFTY MICROCAP 250,01/06/2023,20.94,2.22,0.95,12160.85,580.7473734
NIFTY MICROCAP 250,31/05/2023,20.71,2.21,0.95,12085,583.5345244
NIFTY MICROCAP 250,30/05/2023,20.52,2.19,0.96,11965.75,583.1262183
NIFTY MICROCAP 250,29/05/2023,20.87,2.18,0.97,11913.7,570.8528989
NIFTY MICROCAP 250,26/05/2023,20.87,2.17,0.97,11861.35,568.3445137
NIFTY MICROCAP 250,25/05/2023,20.7,2.16,0.97,11811.65,570.6111111
NIFTY MICROCAP 250,24/05/2023,20.47,2.15,0.97,11769.5,574.963361
NIFTY MICROCAP 250,23/05/2023,20.39,2.14,0.98,11742.2,575.8803335
NIFTY MICROCAP 250,22/05/2023,20.32,2.14,0.98,11726.1,577.0718504
NIFTY MICROCAP 250,19/05/2023,20.68,2.14,0.98,11698.7,565.7011605
NIFTY MICROCAP 250,18/05/2023,20.72,2.14,0.98,11700.45,564.6935328
NIFTY MICROCAP 250,17/05/2023,20.71,2.14,0.98,11690.3,564.4760985
NIFTY MICROCAP 250,16/05/2023,20.58,2.13,0.98,11661.45,566.6399417
NIFTY MICROCAP 250,15/05/2023,26.68,2.13,0.98,11639.05,436.2462519
NIFTY MICROCAP 250,12/05/2023,26.63,2.12,0.98,11616.95,436.2354487
NIFTY MICROCAP 250,11/05/2023,26.64,2.11,0.99,11577.35,434.5852102
NIFTY MICROCAP 250,10/05/2023,26.41,2.1,1.01,11478.3,434.6194623
NIFTY MICROCAP 250,09/05/2023,26.28,2.09,1.01,11422.95,434.663242
NIFTY MICROCAP 250,08/05/2023,26.73,2.1,1.01,11496.75,430.1066218
NIFTY MICROCAP 250,05/05/2023,27.75,2.09,1.01,11428.2,411.827027
NIFTY MICROCAP 250,04/05/2023,27.87,2.1,1.01,11482.25,411.9931826
NIFTY MICROCAP 250,03/05/2023,27.63,2.07,1.03,11353.8,410.9229099
NIFTY MICROCAP 250,02/05/2023,27.64,2.07,1.04,11321.95,409.6219247
NIFTY MICROCAP 250,28/04/2023,27.41,2.05,1.05,11222.1,409.4162714
NIFTY MICROCAP 250,27/04/2023,28.81,2.04,1.07,11143.6,386.7962513
NIFTY MICROCAP 250,26/04/2023,28.59,2.02,1.08,11046,386.3588667
NIFTY MICROCAP 250,25/04/2023,28.5,2.01,1.08,11010.15,386.3210526
NIFTY MICROCAP 250,24/04/2023,28.41,2.01,1.09,10981.85,386.5487504
NIFTY MICROCAP 250,21/04/2023,28.1,2,1.09,10931.9,389.0355872
NIFTY MICROCAP 250,20/04/2023,28.24,2.01,1.08,10985.25,388.9961048
NIFTY MICROCAP 250,19/04/2023,28.21,2.01,1.08,10967.75,388.7894364
NIFTY MICROCAP 250,18/04/2023,28.09,2,1.08,10931.45,389.1580634
NIFTY MICROCAP 250,17/04/2023,28.08,2,1.08,10910.5,388.5505698
NIFTY MICROCAP 250,13/04/2023,28.07,2,1.08,10903.75,388.4485216
NIFTY MICROCAP 250,12/04/2023,27.9,1.98,1.09,10836.7,388.4121864
NIFTY MICROCAP 250,11/04/2023,27.82,1.98,1.09,10803.1,388.3213515
NIFTY MICROCAP 250,10/04/2023,27.59,1.96,1.1,10715.8,388.3943458
NIFTY MICROCAP 250,06/04/2023,27.64,1.96,1.11,10733.8,388.3429812
NIFTY MICROCAP 250,05/04/2023,27.34,1.94,1.12,10620.1,388.4455011
NIFTY MICROCAP 250,03/04/2023,26.97,1.92,1.13,10475.3,388.4056359
NIFTY MICROCAP 250,31/03/2023,26.37,1.87,1.16,10241.55,388.3788396
NIFTY MICROCAP 250,29/03/2023,27,1.87,1.11,10133.65,375.3203704
NIFTY MICROCAP 250,28/03/2023,26.44,1.84,1.13,9922.2,375.2723147
NIFTY MICROCAP 250,27/03/2023,26.66,1.85,1.12,10004.05,375.2456864
NIFTY MICROCAP 250,24/03/2023,27.17,1.89,1.1,10195.1,375.2337137
NIFTY MICROCAP 250,23/03/2023,27.61,1.92,1.05,10358.5,375.1720391
NIFTY MICROCAP 250,22/03/2023,27.65,1.92,1.04,10372.85,375.1482821
NIFTY MICROCAP 250,21/03/2023,27.46,1.91,1.05,10302.05,375.1656956
NIFTY MICROCAP 250,20/03/2023,27.27,1.89,1.06,10229.25,375.110011
NIFTY MICROCAP 250,17/03/2023,27.6,1.92,1.05,10355,375.1811594
NIFTY MICROCAP 250,16/03/2023,27.42,1.9,1.06,10286.15,375.1331145
NIFTY MICROCAP 250,15/03/2023,27.64,1.92,1.05,10371.05,375.2188857
NIFTY MICROCAP 250,14/03/2023,27.66,1.92,1.05,10377.65,375.1861894
NIFTY MICROCAP 250,13/03/2023,27.86,1.93,1.04,10453.1,375.201005
NIFTY MICROCAP 250,10/03/2023,28.65,1.99,1.01,10749,375.1832461
NIFTY MICROCAP 250,09/03/2023,28.8,2,1,10804.6,375.1597222
NIFTY MICROCAP 250,08/03/2023,28.73,2,1.01,10779.8,375.2105813
NIFTY MICROCAP 250,06/03/2023,28.45,1.98,1.02,10673,375.1493849
NIFTY MICROCAP 250,03/03/2023,28.2,1.96,1.03,10580.95,375.2109929
NIFTY MICROCAP 250,02/03/2023,27.87,1.94,1.04,10455.75,375.1614639
NIFTY MICROCAP 250,01/03/2023,27.97,1.94,1.03,10487.35,374.9499464
NIFTY MICROCAP 250,28/02/2023,27.55,1.91,1.04,10327.25,374.8548094
NIFTY MICROCAP 250,27/02/2023,27.49,1.9,1,10286.95,374.2069844
NIFTY MICROCAP 250,24/02/2023,28.03,1.94,0.99,10482.75,373.9832323
NIFTY MICROCAP 250,23/02/2023,28.05,1.94,0.98,10491.1,374.0142602
NIFTY MICROCAP 250,22/02/2023,27.98,1.94,0.98,10465.95,374.0511079
NIFTY MICROCAP 250,21/02/2023,28.45,1.97,0.98,10638.7,373.943761
NIFTY MICROCAP 250,20/02/2023,28.54,1.98,0.98,10674.25,374.0101612
NIFTY MICROCAP 250,17/02/2023,28.72,1.99,0.97,10739.55,373.9397632
NIFTY MICROCAP 250,16/02/2023,28.59,1.96,0.94,10747.7,375.9251487
NIFTY MICROCAP 250,15/02/2023,27.28,1.94,0.95,10659.6,390.7478006
NIFTY MICROCAP 250,14/02/2023,28.27,1.94,0.95,10622,375.7339936
NIFTY MICROCAP 250,13/02/2023,28.22,1.95,0.94,10700.15,379.1690291
NIFTY MICROCAP 250,10/02/2023,28.71,1.97,0.87,10811.5,376.5761059
NIFTY MICROCAP 250,09/02/2023,27.75,1.96,0.89,10757.4,387.6540541
NIFTY MICROCAP 250,08/02/2023,27.8,1.96,0.9,10748.4,386.6330935
NIFTY MICROCAP 250,07/02/2023,27.61,1.95,0.9,10687.4,387.0843897
NIFTY MICROCAP 250,06/02/2023,27.23,1.95,0.9,10671.85,391.9151671
NIFTY MICROCAP 250,03/02/2023,27.11,1.94,0.9,10628,392.0324603
NIFTY MICROCAP 250,02/02/2023,27.36,1.95,0.9,10711.75,391.5113304
NIFTY MICROCAP 250,01/02/2023,27.92,1.95,0.91,10682.6,382.6146132
NIFTY MICROCAP 250,31/01/2023,28.39,1.98,0.89,10862.95,382.6329694
NIFTY MICROCAP 250,30/01/2023,27.03,1.93,0.91,10595.15,391.9774325
NIFTY MICROCAP 250,27/01/2023,26.91,1.94,0.91,10616.75,394.5280565
NIFTY MICROCAP 250,25/01/2023,27.76,1.99,0.89,10917.7,393.2889049
NIFTY MICROCAP 250,24/01/2023,28.66,2.01,0.88,11031.15,384.8970691
NIFTY MICROCAP 250,23/01/2023,28.83,2.02,0.87,11094.55,384.8265695
NIFTY MICROCAP 250,20/01/2023,28.95,2.04,0.87,11166.95,385.7322971
NIFTY MICROCAP 250,19/01/2023,29.12,2.05,0.87,11219.3,385.2781593
NIFTY MICROCAP 250,18/01/2023,29.23,2.05,0.87,11247.15,384.7810469
NIFTY MICROCAP 250,17/01/2023,29.09,2.04,0.87,11203.75,385.1409419
NIFTY MICROCAP 250,16/01/2023,29.05,2.05,0.87,11238.35,386.8623064
NIFTY MICROCAP 250,13/01/2023,29.1,2.05,0.87,11255.95,386.8024055
NIFTY MICROCAP 250,12/01/2023,28.97,2.04,0.87,11203.7,386.734553
NIFTY MICROCAP 250,11/01/2023,29.08,2.05,0.87,11244.45,386.6729711
NIFTY MICROCAP 250,10/01/2023,29.02,2.05,0.85,11221,386.6643694
NIFTY MICROCAP 250,09/01/2023,29.15,2.05,0.85,11271.75,386.6809605
NIFTY MICROCAP 250,06/01/2023,29.04,2.05,0.85,11225.9,386.5668044
NIFTY MICROCAP 250,05/01/2023,29.28,2.06,0.84,11320.1,386.6154372
NIFTY MICROCAP 250,04/01/2023,29.25,2.06,0.85,11308.35,386.6102564
NIFTY MICROCAP 250,03/01/2023,29.53,2.08,0.84,11417.55,386.6423976
NIFTY MICROCAP 250,02/01/2023,29.37,2.07,0.84,11356.85,386.6819884
NIFTY MICROCAP 250,30/12/2022,28.99,2.04,0.85,11209.15,386.6557434
NIFTY MICROCAP 250,29/12/2022,28.4,2.03,0.85,11099.6,390.8309859
NIFTY MICROCAP 250,28/12/2022,28.29,2.03,0.85,11057.5,390.8624956
NIFTY MICROCAP 250,27/12/2022,28.12,2.01,0.86,10990.35,390.8374822
NIFTY MICROCAP 250,26/12/2022,27.56,1.97,0.88,10772.15,390.8617562
NIFTY MICROCAP 250,23/12/2022,26.58,1.9,0.91,10390.45,390.9123401
NIFTY MICROCAP 250,22/12/2022,27.78,1.99,0.87,10859.25,390.9017279
NIFTY MICROCAP 250,21/12/2022,28.48,2.04,0.85,11131.75,390.8620084
NIFTY MICROCAP 250,20/12/2022,29.42,2.11,0.82,11499.2,390.8633583
NIFTY MICROCAP 250,19/12/2022,29.39,2.11,0.82,11488.05,390.8829534
NIFTY MICROCAP 250,16/12/2022,29.19,2.09,0.83,11410.8,390.9146968
NIFTY MICROCAP 250,15/12/2022,29.52,2.11,0.82,11536.7,390.8096206
NIFTY MICROCAP 250,14/12/2022,29.74,2.13,0.81,11625.9,390.9179556
NIFTY MICROCAP 250,13/12/2022,29.55,2.12,0.82,11548.7,390.8189509
NIFTY MICROCAP 250,12/12/2022,29.42,2.11,0.82,11499,390.8565602
NIFTY MICROCAP 250,09/12/2022,29.17,2.09,0.83,11400.85,390.8416181
NIFTY MICROCAP 250,08/12/2022,29.53,2.12,0.82,11540.2,390.7958009
NIFTY MICROCAP 250,07/12/2022,29.37,2.11,0.82,11500.6,391.5764385
NIFTY MICROCAP 250,06/12/2022,29.54,2.12,0.82,11566.95,391.5690589
NIFTY MICROCAP 250,05/12/2022,29.63,2.11,0.81,11599.55,391.479919
NIFTY MICROCAP 250,02/12/2022,29.42,2.09,0.82,11520.55,391.5890551
NIFTY MICROCAP 250,01/12/2022,29.16,2.07,0.83,11415.05,391.46262
NIFTY MICROCAP 250,30/11/2022,28.96,2.06,0.83,11337.15,391.476174
NIFTY MICROCAP 250,29/11/2022,28.7,2.04,0.84,11236.65,391.5209059
NIFTY MICROCAP 250,28/11/2022,28.77,2.05,0.84,11263.85,391.5137296
NIFTY MICROCAP 250,25/11/2022,28.64,2.04,0.84,11214.5,391.5677374
NIFTY MICROCAP 250,24/11/2022,28.42,2.02,0.85,11126.9,391.5165376
NIFTY MICROCAP 250,23/11/2022,28.33,2.01,0.86,11092.15,391.5337098
NIFTY MICROCAP 250,22/11/2022,28.12,2,0.86,11010.35,391.5487198
NIFTY MICROCAP 250,21/11/2022,28.18,2,0.87,11033.35,391.5312278
NIFTY MICROCAP 250,18/11/2022,28.32,2.01,0.86,11078.25,391.1811441
NIFTY MICROCAP 250,17/11/2022,28.43,2.02,0.85,11122.6,391.2275765
NIFTY MICROCAP 250,16/11/2022,28.35,2.02,0.85,11144.6,393.1075838
NIFTY MICROCAP 250,15/11/2022,28.62,2.03,0.85,11152.75,389.6837876
NIFTY MICROCAP 250,14/11/2022,29.79,2.02,0.85,11115.7,373.1352803
NIFTY MICROCAP 250,11/11/2022,29.39,2.02,0.85,11099,377.6454576
NIFTY MICROCAP 250,10/11/2022,29.42,2.01,0.86,11064.55,376.089395
NIFTY MICROCAP 250,09/11/2022,30.17,2.03,0.85,11175.2,370.4076898
NIFTY MICROCAP 250,07/11/2022,30.41,2.04,0.85,11229.2,369.2601118
NIFTY MICROCAP 250,04/11/2022,30.79,2.03,0.85,11164.2,362.5917506
NIFTY MICROCAP 250,03/11/2022,30.54,2.01,0.86,11045.8,361.6830386
NIFTY MICROCAP 250,02/11/2022,30.28,2,0.86,10997.45,363.1918758
NIFTY MICROCAP 250,01/11/2022,30.95,1.99,0.86,10938.75,353.4329564
NIFTY MICROCAP 250,31/10/2022,30.83,1.98,0.87,10908.2,353.81771
NIFTY MICROCAP 250,28/10/2022,30.48,1.97,0.87,10867.4,356.5419948
NIFTY MICROCAP 250,27/10/2022,28.38,1.98,0.87,10928.9,385.0916138
NIFTY MICROCAP 250,25/10/2022,28.29,1.98,0.87,10894.75,385.1095794
NIFTY MICROCAP 250,24/10/2022,38.99,1.94,0.88,10907.35,279.7473711
NIFTY MICROCAP 250,21/10/2022,38.5,1.91,0.93,10771.2,279.7714286
NIFTY MICROCAP 250,20/10/2022,38.96,1.94,0.93,10897.85,279.7189425
NIFTY MICROCAP 250,19/10/2022,39.01,1.95,0.92,10907.65,279.611638
NIFTY MICROCAP 250,18/10/2022,38.51,1.95,0.92,10904.8,283.1680083
NIFTY MICROCAP 250,17/10/2022,38.16,1.93,0.93,10802.75,283.0909329
NIFTY MICROCAP 250,14/10/2022,38.2,1.93,0.93,10807.2,282.9109948
NIFTY MICROCAP 250,13/10/2022,38.24,1.94,0.93,10816.35,282.854341
NIFTY MICROCAP 250,12/10/2022,38.33,1.94,0.93,10843.05,282.8867728
NIFTY MICROCAP 250,11/10/2022,38.49,1.95,0.93,10887.25,282.8591842
NIFTY MICROCAP 250,10/10/2022,39.07,1.98,0.92,11053.2,282.9076017
NIFTY MICROCAP 250,07/10/2022,39.16,1.98,0.91,11078.1,282.8932584
NIFTY MICROCAP 250,06/10/2022,38.83,1.97,0.92,10982.95,282.8470255
NIFTY MICROCAP 250,04/10/2022,38.18,1.93,0.93,10799.8,282.8653745
NIFTY MICROCAP 250,03/10/2022,37.45,1.9,0.95,10593.55,282.8718291
NIFTY MICROCAP 250,30/09/2022,37.72,1.91,0.94,10670.7,282.8923648
NIFTY MICROCAP 250,29/09/2022,33.71,1.93,0.97,10510.95,311.8051023
NIFTY MICROCAP 250,28/09/2022,33.52,1.92,0.97,10450.6,311.7720764
NIFTY MICROCAP 250,27/09/2022,33.78,1.93,0.96,10532.4,311.7939609
NIFTY MICROCAP 250,26/09/2022,33.61,1.92,0.98,10478.3,311.7613805
NIFTY MICROCAP 250,23/09/2022,34.94,2,0.94,10893.15,311.7673154
NIFTY MICROCAP 250,22/09/2022,35.65,2.04,0.93,11115.15,311.7854137
NIFTY MICROCAP 250,21/09/2022,35.44,2.03,0.91,11048.65,311.7564898
NIFTY MICROCAP 250,20/09/2022,35.78,2.05,0.9,11153.5,311.7244271
NIFTY MICROCAP 250,19/09/2022,35.61,2.04,0.91,11101.25,311.7452963
NIFTY MICROCAP 250,16/09/2022,35.49,2.03,0.91,11062.5,311.7075232
NIFTY MICROCAP 250,15/09/2022,36.28,2.07,0.9,11309,311.7144432
NIFTY MICROCAP 250,14/09/2022,36.13,2.07,0.89,11262.2,311.7132577
NIFTY MICROCAP 250,13/09/2022,36.08,2.06,0.89,11247.2,311.72949
NIFTY MICROCAP 250,12/09/2022,35.95,2.06,0.89,11204.5,311.6689847
NIFTY MICROCAP 250,09/09/2022,35.58,2.03,0.89,11089.45,311.6765037
NIFTY MICROCAP 250,08/09/2022,35.72,2.04,0.88,11134.95,311.7287234
NIFTY MICROCAP 250,07/09/2022,35.49,2.03,0.93,11063.1,311.7244294
NIFTY MICROCAP 250,06/09/2022,35.18,2.01,0.93,10964.85,311.6785105
NIFTY MICROCAP 250,05/09/2022,35.28,2.02,0.93,10995.1,311.6524943
NIFTY MICROCAP 250,02/09/2022,34.81,1.99,0.95,10851.35,311.7308245
NIFTY MICROCAP 250,01/09/2022,34.8,1.99,0.95,10837.5,311.4224138
NIFTY MICROCAP 250,30/08/2022,34.32,1.96,0.96,10688.2,311.4277389
NIFTY MICROCAP 250,29/08/2022,33.84,1.96,0.96,10539.4,311.4479905
NIFTY MICROCAP 250,26/08/2022,34,1.97,0.95,10587.7,311.4029412
NIFTY MICROCAP 250,25/08/2022,33.76,1.96,0.96,10514.75,311.4558649
NIFTY MICROCAP 250,24/08/2022,33.65,1.95,0.94,10479.5,311.4264487
NIFTY MICROCAP 250,23/08/2022,33.33,1.93,0.95,10379.3,311.410141
NIFTY MICROCAP 250,22/08/2022,32.98,1.91,0.96,10269.05,311.3720437
NIFTY MICROCAP 250,19/08/2022,33.33,1.93,0.95,10379.6,311.4191419
NIFTY MICROCAP 250,18/08/2022,33.49,1.94,0.94,10428.95,311.404897
NIFTY MICROCAP 250,17/08/2022,33.35,1.93,0.94,10369.15,310.9190405
NIFTY MICROCAP 250,16/08/2022,33.38,1.92,0.96,10283.35,308.0692031
NIFTY MICROCAP 250,12/08/2022,33.22,1.9,0.97,10218.9,307.6128838
NIFTY MICROCAP 250,11/08/2022,35.21,1.9,0.97,10177.1,289.0400454
NIFTY MICROCAP 250,10/08/2022,36.05,1.94,0.96,10183.35,282.4785021
NIFTY MICROCAP 250,08/08/2022,36.43,1.94,0.95,10189.2,279.6925611
NIFTY MICROCAP 250,05/08/2022,34.97,1.93,0.94,10156.95,290.4475265
NIFTY MICROCAP 250,04/08/2022,34.99,1.93,0.96,10136.35,289.6927694
NIFTY MICROCAP 250,03/08/2022,35.49,1.93,0.97,10152.95,286.0791772
NIFTY MICROCAP 250,02/08/2022,36,1.94,0.97,10198.3,283.2861111
NIFTY MICROCAP 250,01/08/2022,37.18,1.92,0.97,10131.95,272.5107585
NIFTY MICROCAP 250,29/07/2022,37.77,1.9,0.96,9978.15,264.1818904
NIFTY MICROCAP 250,28/07/2022,37.67,1.88,0.97,9892.05,262.5975577
NIFTY MICROCAP 250,27/07/2022,38.71,1.87,0.96,9858.05,254.6641695
NIFTY MICROCAP 250,26/07/2022,44.69,1.86,0.97,9811.9,219.5547102
NIFTY MICROCAP 250,25/07/2022,45.65,1.9,0.95,9932.25,217.5739321
NIFTY MICROCAP 250,22/07/2022,45.94,1.91,0.94,9966.25,216.9405747
NIFTY MICROCAP 250,21/07/2022,45.13,1.9,0.92,9952.4,220.5273654
NIFTY MICROCAP 250,20/07/2022,44.86,1.89,0.9,9882.75,220.3020508
NIFTY MICROCAP 250,19/07/2022,44.65,1.89,0.88,9863.8,220.9137738
NIFTY MICROCAP 250,18/07/2022,44.22,1.87,0.91,9768.7,220.9113523
NIFTY MICROCAP 250,15/07/2022,43.54,1.84,0.94,9630.05,221.1770785
NIFTY MICROCAP 250,14/07/2022,43.36,1.84,0.97,9593.55,221.2534594
NIFTY MICROCAP 250,13/07/2022,43.32,1.84,0.96,9640.95,222.5519391
NIFTY MICROCAP 250,12/07/2022,43.55,1.85,0.93,9696.35,222.6486797
NIFTY MICROCAP 250,11/07/2022,43.66,1.86,0.93,9720.8,222.6477325
NIFTY MICROCAP 250,08/07/2022,43.1,1.85,0.94,9597.5,222.6798144
NIFTY MICROCAP 250,07/07/2022,42.84,1.87,0.96,9538.1,222.6447246
NIFTY MICROCAP 250,06/07/2022,42.22,1.84,0.97,9401.45,222.6776409
NIFTY MICROCAP 250,05/07/2022,41.96,1.83,0.98,9343.25,222.6704004
NIFTY MICROCAP 250,04/07/2022,41.87,1.83,0.98,9321.85,222.6379269
NIFTY MICROCAP 250,01/07/2022,41.5,1.81,0.99,9240.7,222.6674699
NIFTY MICROCAP 250,30/06/2022,41.44,1.81,1,9226.15,222.6387548
NIFTY MICROCAP 250,29/06/2022,38.85,1.8,0.96,9289.95,239.1235521
NIFTY MICROCAP 250,28/06/2022,38.93,1.8,0.96,9296.35,238.7965579
NIFTY MICROCAP 250,27/06/2022,38.66,1.79,0.96,9233.8,238.8463528
NIFTY MICROCAP 250,24/06/2022,38.13,1.76,0.98,9105.6,238.8040913
NIFTY MICROCAP 250,23/06/2022,37.43,1.73,1,8938.6,238.8084424
NIFTY MICROCAP 250,22/06/2022,37.08,1.72,1.01,8856.6,238.8511327
NIFTY MICROCAP 250,21/06/2022,37.46,1.73,0.95,8945.4,238.7987186
NIFTY MICROCAP 250,20/06/2022,36.17,1.67,0.98,8639.25,238.8512579
NIFTY MICROCAP 250,17/06/2022,37.56,1.74,0.94,8971.35,238.8538339
NIFTY MICROCAP 250,16/06/2022,37.94,1.76,0.93,9061.45,238.8363205
NIFTY MICROCAP 250,15/06/2022,39.25,1.82,0.9,9374.35,238.8369427
NIFTY MICROCAP 250,14/06/2022,39.11,1.81,0.89,9341.4,238.8493991
NIFTY MICROCAP 250,13/06/2022,39.47,1.82,0.87,9376.65,237.5639726
NIFTY MICROCAP 250,10/06/2022,40.83,1.88,0.86,9700.5,237.5826598
NIFTY MICROCAP 250,09/06/2022,41.21,1.9,0.86,9784.2,237.4229556
NIFTY MICROCAP 250,08/06/2022,41.09,1.89,0.87,9755.05,237.4069117
NIFTY MICROCAP 250,07/06/2022,41.24,1.9,0.86,9792.7,237.4563531
NIFTY MICROCAP 250,06/06/2022,41.54,1.91,0.86,9839.55,236.8692826
NIFTY MICROCAP 250,03/06/2022,41.85,1.91,0.84,9880.35,236.0896057
NIFTY MICROCAP 250,02/06/2022,39.37,1.94,0.83,9988.65,253.7122174
NIFTY MICROCAP 250,01/06/2022,35.52,1.91,0.84,9834.4,276.8693694
NIFTY MICROCAP 250,31/05/2022,34.85,1.88,0.85,9714.75,278.758967
NIFTY MICROCAP 250,30/05/2022,36.26,1.86,0.85,9626.15,265.4757308
NIFTY MICROCAP 250,27/05/2022,36,1.82,0.86,9444.55,262.3486111
NIFTY MICROCAP 250,26/05/2022,34.18,1.8,0.88,9345.85,273.4303686
NIFTY MICROCAP 250,25/05/2022,34.18,1.8,0.88,9307.85,272.3186074
NIFTY MICROCAP 250,24/05/2022,35.29,1.86,0.85,9625.95,272.7670728
NIFTY MICROCAP 250,23/05/2022,35.53,1.88,0.84,9766.5,274.8803828
NIFTY MICROCAP 250,20/05/2022,35.83,1.9,0.83,9841.05,274.6595032
NIFTY MICROCAP 250,19/05/2022,35.94,1.85,0.85,9583.15,266.6430161
NIFTY MICROCAP 250,18/05/2022,39.4,1.89,0.83,9790.2,248.4822335
NIFTY MICROCAP 250,17/05/2022,40.53,1.88,0.84,9764,240.9079694
NIFTY MICROCAP 250,16/05/2022,34.24,1.83,0.86,9461.5,276.3288551
NIFTY MICROCAP 250,13/05/2022,33.62,1.8,0.87,9350.25,278.1157049
NIFTY MICROCAP 250,12/05/2022,32.78,1.78,0.89,9203.3,280.7596095
NIFTY MICROCAP 250,11/05/2022,33.91,1.82,0.87,9437.65,278.3146564
NIFTY MICROCAP 250,10/05/2022,35.22,1.87,0.84,9709.15,275.6714935
NIFTY MICROCAP 250,09/05/2022,36.38,1.93,0.82,9979.45,274.3114349
NIFTY MICROCAP 250,06/05/2022,36.99,1.96,0.81,10143.4,274.2200595
NIFTY MICROCAP 250,05/05/2022,37.8,2,0.79,10363.9,274.1772487
NIFTY MICROCAP 250,04/05/2022,38.12,2,0.78,10379.8,272.2927597
NIFTY MICROCAP 250,02/05/2022,39.78,2.04,0.77,10595.8,266.3599799
NIFTY MICROCAP 250,29/04/2022,40.01,2.05,0.77,10652.85,266.2546863
NIFTY MICROCAP 250,28/04/2022,42.22,2.07,0.76,10731.95,254.1911416
NIFTY MICROCAP 250,27/04/2022,42.33,2.07,0.75,10752.75,254.0219702
NIFTY MICROCAP 250,26/04/2022,45.93,2.09,0.74,10837.05,235.9470934
NIFTY MICROCAP 250,25/04/2022,45,2.08,0.75,10778.15,239.5144444
NIFTY MICROCAP 250,22/04/2022,45.91,2.12,0.73,10998.4,239.5643651
NIFTY MICROCAP 250,21/04/2022,45.88,2.12,0.73,10990.6,239.5510026
NIFTY MICROCAP 250,20/04/2022,45.2,2.09,0.75,10828.3,239.5641593
NIFTY MICROCAP 250,19/04/2022,44.95,2.08,0.75,10768.8,239.5728587
NIFTY MICROCAP 250,18/04/2022,45.47,2.1,0.74,10886.85,239.429294
NIFTY MICROCAP 250,13/04/2022,45.86,2.11,0.74,10952.8,238.8312255
NIFTY MICROCAP 250,12/04/2022,45.52,2.1,0.75,10873.35,238.8697276
NIFTY MICROCAP 250,11/04/2022,46.55,2.13,0.71,11019.95,236.7336198
NIFTY MICROCAP 250,08/04/2022,46.21,2.11,0.72,10941.35,236.7745077
NIFTY MICROCAP 250,07/04/2022,45.51,2.08,0.73,10775,236.7611514
NIFTY MICROCAP 250,06/04/2022,46.2,2.13,0.73,10846.75,234.7781385
NIFTY MICROCAP 250,05/04/2022,45.66,2.1,0.74,10719.3,234.7634691
NIFTY MICROCAP 250,04/04/2022,44.91,2.07,0.75,10543.55,234.7706524
NIFTY MICROCAP 250,01/04/2022,43.96,2.03,0.76,10321.95,234.8032302
NIFTY MICROCAP 250,31/03/2022,42.79,1.97,0.79,10045.85,234.7709745
NIFTY MICROCAP 250,30/03/2022,33.58,1.9,0.83,10014.5,298.228112
NIFTY MICROCAP 250,29/03/2022,33.08,1.87,0.84,9866.65,298.2663241
NIFTY MICROCAP 250,28/03/2022,32.9,1.86,0.83,9811.1,298.2097264
NIFTY MICROCAP 250,25/03/2022,33.35,1.88,0.82,9946.4,298.2428786
NIFTY MICROCAP 250,24/03/2022,33.59,1.9,0.82,10019.5,298.288181
NIFTY MICROCAP 250,23/03/2022,33.68,1.9,0.81,10043.95,298.2170428
NIFTY MICROCAP 250,22/03/2022,33.75,1.91,0.81,10067.4,298.2933333
NIFTY MICROCAP 250,21/03/2022,33.67,1.9,0.81,10040.7,298.2090882
NIFTY MICROCAP 250,17/03/2022,33.58,1.9,0.82,10016.5,298.2876712
NIFTY MICROCAP 250,16/03/2022,33.28,1.88,0.83,9924.85,298.2226563
NIFTY MICROCAP 250,15/03/2022,32.79,1.85,0.85,9780.2,298.2677646
NIFTY MICROCAP 250,14/03/2022,33.25,1.88,0.84,9917.3,298.2646617
NIFTY MICROCAP 250,11/03/2022,33.13,1.87,0.84,9880.7,298.2402656
NIFTY MICROCAP 250,10/03/2022,32.73,1.85,0.85,9761.3,298.2370914
NIFTY MICROCAP 250,09/03/2022,32.34,1.83,0.86,9646.35,298.2792208
NIFTY MICROCAP 250,08/03/2022,31.48,1.78,0.89,9389.3,298.2623888
NIFTY MICROCAP 250,07/03/2022,31,1.75,0.9,9245.35,298.2370968
NIFTY MICROCAP 250,04/03/2022,31.87,1.8,0.88,9505.25,298.250706
NIFTY MICROCAP 250,03/03/2022,32.3,1.83,0.86,9633.6,298.25387
NIFTY MICROCAP 250,02/03/2022,32.11,1.82,0.87,9584,298.4739956
NIFTY MICROCAP 250,28/02/2022,32.01,1.81,0.87,9555.35,298.5114027
NIFTY MICROCAP 250,25/02/2022,31.73,1.79,0.88,9451.8,297.8821305
NIFTY MICROCAP 250,24/02/2022,30.41,1.71,0.92,9058.8,297.8888524
NIFTY MICROCAP 250,23/02/2022,32.6,1.84,0.86,9711.45,297.8972393
NIFTY MICROCAP 250,22/02/2022,32,1.8,0.88,9533.45,297.9203125
NIFTY MICROCAP 250,21/02/2022,32.8,1.85,0.85,9782.7,298.2530488
NIFTY MICROCAP 250,18/02/2022,33.81,1.91,0.81,10084.8,298.2786158
NIFTY MICROCAP 250,17/02/2022,34.08,1.92,0.83,10165.45,298.2819836
NIFTY MICROCAP 250,16/02/2022,34.18,1.94,0.83,10240.55,299.606495
NIFTY MICROCAP 250,15/02/2022,33.48,1.91,0.85,10120.65,302.2894265
NIFTY MICROCAP 250,14/02/2022,32.87,1.89,0.86,9975.6,303.4864618
NIFTY MICROCAP 250,11/02/2022,33.87,1.98,0.81,10452.6,308.6093888
NIFTY MICROCAP 250,10/02/2022,34.09,2.01,0.82,10629.45,311.8055148
NIFTY MICROCAP 250,09/02/2022,34.18,2.01,0.82,10627,310.9128145
NIFTY MICROCAP 250,08/02/2022,34.39,2,0.82,10578.15,307.5937773
NIFTY MICROCAP 250,07/02/2022,35.06,2.04,0.8,10761.8,306.9537935
NIFTY MICROCAP 250,04/02/2022,35.52,2.05,0.8,10823.15,304.7057995
NIFTY MICROCAP 250,03/02/2022,35.56,2.05,0.81,10827.8,304.4938133
NIFTY MICROCAP 250,02/02/2022,35.35,2.04,0.79,10795.7,305.3946252
NIFTY MICROCAP 250,01/02/2022,35.13,2.01,0.8,10615.25,302.1705095
NIFTY MICROCAP 250,31/01/2022,35,1.99,0.8,10530.3,300.8657143
NIFTY MICROCAP 250,28/01/2022,35.46,1.98,0.8,10491.1,295.857304
NIFTY MICROCAP 250,27/01/2022,35.55,1.97,0.8,10421.1,293.1392405
NIFTY MICROCAP 250,25/01/2022,36.81,1.97,0.8,10391.7,282.3064385
NIFTY MICROCAP 250,24/01/2022,35.3,1.94,0.81,10252.35,290.4348442
NIFTY MICROCAP 250,21/01/2022,37.62,2.04,0.77,10805.6,287.2301967
NIFTY MICROCAP 250,20/01/2022,38.23,2.09,0.75,11038.25,288.7326707
NIFTY MICROCAP 250,19/01/2022,38.05,2.07,0.76,10957.95,287.9881735
NIFTY MICROCAP 250,18/01/2022,37.92,2.07,0.76,10961.7,289.0743671
NIFTY MICROCAP 250,17/01/2022,38.69,2.11,0.75,11160.85,288.4685965
NIFTY MICROCAP 250,14/01/2022,38.22,2.09,0.75,11045.7,289.0031397
NIFTY MICROCAP 250,13/01/2022,37.82,2.07,0.76,10929.95,288.9992068
NIFTY MICROCAP 250,12/01/2022,37.67,2.06,0.76,10885.7,288.9753119
NIFTY MICROCAP 250,11/01/2022,37.55,2.05,0.77,10851.85,288.9973369
NIFTY MICROCAP 250,10/01/2022,37.55,2.05,0.77,10853.05,289.0292943
NIFTY MICROCAP 250,07/01/2022,36.91,2.02,0.78,10667.75,289.0205906
NIFTY MICROCAP 250,06/01/2022,36.7,2.01,0.78,10605.53,288.9790191
NIFTY MICROCAP 250,05/01/2022,36.5,2,0.79,10549.14,289.0175342
NIFTY MICROCAP 250,04/01/2022,36.46,1.99,0.79,10538.67,289.0474493
NIFTY MICROCAP 250,03/01/2022,36.25,1.98,0.79,10477.84,289.0438621
NIFTY MICROCAP 250,31/12/2021,35.65,1.95,0.81,10304.28,289.0401122
NIFTY MICROCAP 250,30/12/2021,35.19,1.92,0.82,10195.83,289.7365729
NIFTY MICROCAP 250,29/12/2021,35.24,1.93,0.82,10209.53,289.7142452
NIFTY MICROCAP 250,28/12/2021,35.19,1.92,0.82,10195.5,289.7271952
NIFTY MICROCAP 250,27/12/2021,34.63,1.89,0.83,10032.19,289.6965059
NIFTY MICROCAP 250,24/12/2021,34.43,1.88,0.84,9975.72,289.7391809
NIFTY MICROCAP 250,23/12/2021,34.66,1.89,0.83,10040.76,289.6930179
NIFTY MICROCAP 250,22/12/2021,34.48,1.88,0.84,9990.57,289.74971
NIFTY MICROCAP 250,21/12/2021,33.88,1.85,0.86,9815.99,289.7281582
NIFTY MICROCAP 250,20/12/2021,33.55,1.83,0.87,9719.52,289.7025335
NIFTY MICROCAP 250,17/12/2021,34.91,1.9,0.83,10114.45,289.7293039
NIFTY MICROCAP 250,16/12/2021,35.87,1.95,0.81,10390.95,289.6835796
NIFTY MICROCAP 250,15/12/2021,36.22,1.97,0.8,10492.82,289.6968526
NIFTY MICROCAP 250,14/12/2021,36.35,1.98,0.8,10529.94,289.6819807
NIFTY MICROCAP 250,13/12/2021,36.24,1.97,0.82,10498.31,289.6884658
NIFTY MICROCAP 250,10/12/2021,36.15,1.97,0.82,10473.03,289.7103734
NIFTY MICROCAP 250,09/12/2021,35.74,1.94,0.83,10354.87,289.727756
NIFTY MICROCAP 250,08/12/2021,35.41,1.93,0.84,10259.84,289.7441401
NIFTY MICROCAP 250,07/12/2021,34.86,1.9,0.85,10099.92,289.7280551
NIFTY MICROCAP 250,06/12/2021,34.41,1.87,0.86,9967.96,289.6820692
NIFTY MICROCAP 250,03/12/2021,34.87,1.9,0.85,10101.06,289.6776599
NIFTY MICROCAP 250,02/12/2021,34.59,1.88,0.87,10021.83,289.7320035
NIFTY MICROCAP 250,01/12/2021,34.08,1.85,0.88,9872.17,289.6763498
NIFTY MICROCAP 250,30/11/2021,33.95,1.85,0.88,9834.57,289.678056
NIFTY MICROCAP 250,29/11/2021,33.81,1.83,0.89,9784.52,289.3972198
NIFTY MICROCAP 250,26/11/2021,34.77,1.89,0.87,10061.87,289.3836641
NIFTY MICROCAP 250,25/11/2021,35.86,1.95,0.84,10377.48,289.388734
NIFTY MICROCAP 250,24/11/2021,35.35,1.92,0.83,10232.07,289.4503536
NIFTY MICROCAP 250,23/11/2021,34.99,1.9,0.85,10126.14,289.4009717
NIFTY MICROCAP 250,22/11/2021,34.11,1.85,0.87,9872.94,289.4441513
NIFTY MICROCAP 250,18/11/2021,35.35,1.92,0.86,10229.43,289.3756719
NIFTY MICROCAP 250,17/11/2021,35.96,1.95,0.85,10408.27,289.4402113
NIFTY MICROCAP 250,16/11/2021,36.26,1.95,0.85,10405.62,286.9724214
NIFTY MICROCAP 250,15/11/2021,37.15,1.94,0.85,10350.61,278.6166891
NIFTY MICROCAP 250,12/11/2021,39.8,1.97,0.84,10497.79,263.7635678
NIFTY MICROCAP 250,11/11/2021,40.23,1.96,0.84,10531.22,261.7752921
NIFTY MICROCAP 250,10/11/2021,40.17,1.97,0.83,10569.54,263.120239
NIFTY MICROCAP 250,09/11/2021,40.28,1.97,0.83,10575.8,262.5571003
NIFTY MICROCAP 250,08/11/2021,40.01,1.95,0.83,10490.01,262.1847038
NIFTY MICROCAP 250,04/11/2021,40.22,1.94,0.84,10418.12,259.0283441
NIFTY MICROCAP 250,03/11/2021,39.55,1.91,0.85,10244.21,259.0192162
NIFTY MICROCAP 250,02/11/2021,40.51,1.92,0.85,10298.82,254.2290792
NIFTY MICROCAP 250,01/11/2021,41.03,1.89,0.86,10154.12,247.4803802
NIFTY MICROCAP 250,29/10/2021,40.18,1.87,0.87,10034.61,249.7414136
NIFTY MICROCAP 250,28/10/2021,40.96,1.87,0.88,10090.86,246.3588867
NIFTY MICROCAP 250,27/10/2021,42.65,1.91,0.86,10308.82,241.7073857
NIFTY MICROCAP 250,26/10/2021,43.53,1.91,0.86,10297.53,236.5616816
NIFTY MICROCAP 250,25/10/2021,42.18,1.86,0.88,10050.46,238.275486
NIFTY MICROCAP 250,22/10/2021,41.28,1.9,0.87,10263.2,248.624031
NIFTY MICROCAP 250,21/10/2021,42.07,1.93,0.82,10399.95,247.2058474
NIFTY MICROCAP 250,20/10/2021,41.03,1.92,0.82,10354.69,252.3687546
NIFTY MICROCAP 250,19/10/2021,41.91,1.96,0.8,10572.29,252.2617514
NIFTY MICROCAP 250,18/10/2021,42.9,2.02,0.79,10813.33,252.0589744
NIFTY MICROCAP 250,14/10/2021,42.61,2.01,0.79,10740.42,252.0633654
NIFTY MICROCAP 250,13/10/2021,42.82,2,0.79,10723.55,250.4332088
NIFTY MICROCAP 250,12/10/2021,42.5,1.99,0.8,10619.07,249.8604706
NIFTY MICROCAP 250,11/10/2021,42.37,1.98,0.8,10586.6,249.8607505
NIFTY MICROCAP 250,08/10/2021,42.11,1.97,0.8,10522.18,249.8736642
NIFTY MICROCAP 250,07/10/2021,41.8,1.95,0.81,10443.67,249.8485646
NIFTY MICROCAP 250,06/10/2021,41.36,1.93,0.82,10334.32,249.8626692
NIFTY MICROCAP 250,05/10/2021,41.77,1.95,0.82,10437.14,249.8716782
NIFTY MICROCAP 250,04/10/2021,41.43,1.94,0.82,10352.51,249.8795559
NIFTY MICROCAP 250,01/10/2021,40.59,1.9,0.84,10141.08,249.841833
NIFTY MICROCAP 250,30/09/2021,40.41,1.89,0.84,10095.67,249.8309824
NIFTY MICROCAP 250,29/09/2021,35.53,2.05,1.75,10048.1,282.8060794
NIFTY MICROCAP 250,28/09/2021,35.16,2.03,1.77,9943.15,282.7972127
NIFTY MICROCAP 250,27/09/2021,35.18,2.03,1.77,9949,282.8027288
NIFTY MICROCAP 250,24/09/2021,35.16,2.03,1.76,9944.17,282.826223
NIFTY MICROCAP 250,23/09/2021,35.2,2.05,1.76,9955.25,282.8196023
NIFTY MICROCAP 250,22/09/2021,34.93,2.03,1.76,9878.87,282.8190667
NIFTY MICROCAP 250,21/09/2021,34.42,2,1.78,9734.82,282.8245206
NIFTY MICROCAP 250,20/09/2021,34.34,2,1.79,9712.82,282.842749
NIFTY MICROCAP 250,17/09/2021,35.16,2.04,1.73,9945.16,282.85438
NIFTY MICROCAP 250,16/09/2021,35.2,2.05,1.73,9956.27,282.8485795
NIFTY MICROCAP 250,15/09/2021,35.21,2.05,1.73,9959.39,282.8568588
NIFTY MICROCAP 250,14/09/2021,34.76,2.02,1.73,9832.3,282.8624856
NIFTY MICROCAP 250,13/09/2021,34.55,2.01,1.79,9772.18,282.8416787
NIFTY MICROCAP 250,09/09/2021,34.25,1.99,1.81,9686.25,282.810219
NIFTY MICROCAP 250,08/09/2021,33.93,1.97,1.83,9596.48,282.8317123
NIFTY MICROCAP 250,07/09/2021,33.48,1.95,1.79,9470.58,282.8727599
NIFTY MICROCAP 250,06/09/2021,33.61,1.95,1.79,9507.14,282.8664088
NIFTY MICROCAP 250,03/09/2021,33.58,1.95,1.78,9489.46,282.5926147
NIFTY MICROCAP 250,02/09/2021,33.48,1.94,1.8,9461.25,282.594086
NIFTY MICROCAP 250,01/09/2021,33.1,1.92,1.81,9353.53,282.5839879
NIFTY MICROCAP 250,31/08/2021,33.14,1.92,1.81,9365.46,282.6028968
NIFTY MICROCAP 250,30/08/2021,33.24,1.95,1.81,9393.47,282.595367
NIFTY MICROCAP 250,27/08/2021,32.79,1.92,1.83,9265.9,282.5831046
NIFTY MICROCAP 250,26/08/2021,32.52,1.9,1.85,9189.78,282.5885609
NIFTY MICROCAP 250,25/08/2021,32.48,1.9,1.84,9176.29,282.5212438
NIFTY MICROCAP 250,24/08/2021,32.22,1.89,1.84,9104.88,282.58473
NIFTY MICROCAP 250,23/08/2021,31.43,1.84,1.89,8856.24,281.7766465
NIFTY MICROCAP 250,20/08/2021,33.35,1.89,1.83,9148.55,274.3193403
NIFTY MICROCAP 250,18/08/2021,34.36,1.95,1.79,9426.12,274.3341094
NIFTY MICROCAP 250,17/08/2021,34.73,1.97,1.72,9518.4,274.0685286
NIFTY MICROCAP 250,16/08/2021,36.45,1.99,1.69,9602.32,263.4381344
NIFTY MICROCAP 250,13/08/2021,39.84,2,1.67,9711.73,243.7683233
NIFTY MICROCAP 250,12/08/2021,42.28,2.02,1.66,9781.63,231.3535951
NIFTY MICROCAP 250,11/08/2021,44.75,1.96,1.71,9491.45,212.0994413
NIFTY MICROCAP 250,10/08/2021,45.66,1.97,1.71,9525.55,208.6191415
NIFTY MICROCAP 250,09/08/2021,49.85,2.07,1.64,9893.16,198.4585757
NIFTY MICROCAP 250,06/08/2021,51.06,2.07,1.62,10028.22,196.4007051
NIFTY MICROCAP 250,05/08/2021,51.83,2.07,1.63,9999.98,192.9380668
NIFTY MICROCAP 250,04/08/2021,52.54,2.09,1.6,10123.88,192.6889989
NIFTY MICROCAP 250,03/08/2021,55.01,2.13,1.53,10290.3,187.0623523
NIFTY MICROCAP 250,02/08/2021,57.25,2.12,1.52,10257.94,179.1779913
NIFTY MICROCAP 250,30/07/2021,57.3,2.09,1.54,10128.63,176.7649215
NIFTY MICROCAP 250,29/07/2021,58.07,2.09,1.54,10107.35,174.0545893
NIFTY MICROCAP 250,28/07/2021,59.2,2.07,1.54,10013.56,169.147973
NIFTY MICROCAP 250,27/07/2021,60.72,2.08,1.53,10048.74,165.493083
NIFTY MICROCAP 250,26/07/2021,60.61,2.07,1.54,9998.06,164.9572678
NIFTY MICROCAP 250,23/07/2021,58.79,2.04,1.55,9897.81,168.3587345
NIFTY MICROCAP 250,22/07/2021,61.61,2.08,1.55,9923.37,161.0675215
NIFTY MICROCAP 250,20/07/2021,61.13,2.05,1.55,9796.72,160.2604286
NIFTY MICROCAP 250,19/07/2021,63.07,2.1,1.52,10001.12,158.5717457
NIFTY MICROCAP 250,16/07/2021,64.64,2.08,1.5,9950.13,153.9314666
NIFTY MICROCAP 250,15/07/2021,64.78,2.08,1.57,9923.28,153.1843161
NIFTY MICROCAP 250,14/07/2021,64.77,2.08,1.55,9921.14,153.1749267
NIFTY MICROCAP 250,13/07/2021,65.46,2.07,1.55,9891.09,151.1012832
NIFTY MICROCAP 250,12/07/2021,65.4,2.07,1.54,9881.06,151.0865443
NIFTY MICROCAP 250,09/07/2021,64.48,2.04,1.57,9744.64,151.1265509
NIFTY MICROCAP 250,08/07/2021,64.06,2.03,1.58,9680.91,151.1225414
NIFTY MICROCAP 250,07/07/2021,64.17,2.03,1.58,9697.55,151.1227988
NIFTY MICROCAP 250,06/07/2021,64.18,2.03,1.57,9699.71,151.1329074
NIFTY MICROCAP 250,05/07/2021,54.67,2.04,1.56,9757.62,178.4821657
NIFTY MICROCAP 250,02/07/2021,54.14,2.01,1.59,9603.93,177.3906539
NIFTY MICROCAP 250,01/07/2021,53.59,1.98,1.63,9433.17,176.0248181
NIFTY MICROCAP 250,30/06/2021,52.76,1.97,1.61,9395.63,178.0824488
NIFTY MICROCAP 250,29/06/2021,51.82,1.95,1.64,9351.27,180.4567734
NIFTY MICROCAP 250,28/06/2021,52.72,1.94,1.65,9293.01,176.2710546
NIFTY MICROCAP 250,25/06/2021,52.03,1.92,1.66,9226.31,177.3267346
NIFTY MICROCAP 250,24/06/2021,54.37,1.91,1.66,9179.48,168.8335479
NIFTY MICROCAP 250,23/06/2021,54.03,1.92,1.66,9204.64,170.3616509
NIFTY MICROCAP 250,22/06/2021,39.44,1.93,1.65,9255.13,234.6635396
NIFTY MICROCAP 250,21/06/2021,38.03,1.91,1.66,9166.45,241.0320799
NIFTY MICROCAP 250,18/06/2021,38.8,1.89,1.69,9040.36,232.9989691
NIFTY MICROCAP 250,17/06/2021,38.59,1.9,1.67,9121.4,236.3669344
NIFTY MICROCAP 250,16/06/2021,38.83,1.91,1.66,9162.78,235.9716714
NIFTY MICROCAP 250,15/06/2021,40.48,1.92,1.66,9178.52,226.7420949
NIFTY MICROCAP 250,14/06/2021,42.43,1.9,1.68,9092.64,214.2974311
NIFTY MICROCAP 250,11/06/2021,42.79,1.88,1.69,9016.76,210.7211965
NIFTY MICROCAP 250,10/06/2021,42.45,1.86,1.73,8923.71,210.2169611
NIFTY MICROCAP 250,09/06/2021,41.58,1.82,1.77,8729.66,209.9485329
NIFTY MICROCAP 250,08/06/2021,41.88,1.84,1.75,8795.97,210.027937
NIFTY MICROCAP 250,07/06/2021,41.91,1.82,1.77,8732.76,208.3693629
NIFTY MICROCAP 250,04/06/2021,45.09,1.8,1.79,8601.15,190.7551564
NIFTY MICROCAP 250,03/06/2021,44.51,1.77,1.82,8485.65,190.6459223
NIFTY MICROCAP 250,02/06/2021,43.76,1.74,1.85,8342.83,190.6496801
NIFTY MICROCAP 250,01/06/2021,42.24,1.71,1.89,8171.91,193.4637784
NIFTY MICROCAP 250,31/05/2021,45.2,1.72,1.87,8238.92,182.2769912
NIFTY MICROCAP 250,28/05/2021,43.64,1.71,1.88,8228.27,188.5488084
NIFTY MICROCAP 250,27/05/2021,43.39,1.72,1.87,8272.72,190.659599
NIFTY MICROCAP 250,26/05/2021,44.78,1.72,1.87,8262.66,184.5167485
NIFTY MICROCAP 250,25/05/2021,44.79,1.7,1.89,8171.66,182.4438491
NIFTY MICROCAP 250,24/05/2021,46.63,1.69,1.91,8122.05,174.1807849
NIFTY MICROCAP 250,21/05/2021,46.91,1.67,1.92,8046.51,171.5308037
NIFTY MICROCAP 250,20/05/2021,48.43,1.66,1.93,7994.8,165.0794962
NIFTY MICROCAP 250,19/05/2021,48.67,1.65,1.94,7970.3,163.7620711
NIFTY MICROCAP 250,18/05/2021,48.65,1.64,1.95,7906.49,162.5177801
NIFTY MICROCAP 250,17/05/2021,49.9,1.63,1.98,7826.73,156.8482966
NIFTY MICROCAP 250,14/05/2021,52.23,1.59,2.02,7683.98,147.1181313
NIFTY MICROCAP 250,12/05/2021,52.67,1.61,2,7745.18,147.0510727
NIFTY MICROCAP 250,11/05/2021,53.43,1.62,1.99,7787.72,145.755568
