Fund Name,All-time Return (%),Index All-time Return (%),All-time Annualized Return (%),Index All-time Annualized Return (%),Excess Return (%),Duration (Days),3M Fund Return (%),6M Fund Return (%),1Y Fund Return (%),2Y Fund Return (%),3Y Fund Return (%),4Y Fund Return (%),5Y Fund Return (%)
quant ESG Equity Fund - Growth Option - Direct Plan,176.7977803782417,68.68070809060367,39.10085386308564,18.46899006935365,20.631863793731988,1126.0,11.529130828257017,22.176725664085453,27.46726465973933,50.316205938726775,150.10104455340013,,
ICICI Prudential Commodities Fund - Direct Plan - Growth Option,268.23529411764713,97.98087357914743,36.699192650132,17.79721080414003,18.90198184599197,1522.0,13.440048323769263,23.796967699406732,28.718300205620295,49.64143426294821,158.49965588437715,265.0145772594753,
Edelweiss Small Cap Fund - Direct Plan - Growth,285.47557840616963,101.05290934114262,32.14365821035534,15.518952984620228,16.624705225735113,1767.0,13.314538161948505,26.58527874281633,44.3428359866716,49.26110260336907,154.06972955360055,247.91183294663574,
BANK OF INDIA Small Cap Fund Direct Plan Growth,309.46215139442234,115.78713550314588,32.54876866020524,16.618788252745343,15.929980407459897,1826.0,11.620961172956832,26.41451414514144,42.84225156358581,42.99130434782609,148.39879154078548,285.2858481724461,309.46215139442234
Union Midcap Fund - Direct Plan - Growth Option,265.1031894934334,142.47338666400432,41.20193873614273,26.61451487687716,14.58742385926557,1370.0,9.69560315670802,19.459791282995713,34.20689655172414,33.105335157318756,104.94997367035283,,
Nippon India Small Cap Fund - Direct Plan Growth Plan - Bonus Option,1197.0997944736243,300.64233426126407,29.475829287166476,15.0160429478732,14.459786339293277,3621.0,13.165110670991783,27.621330137807078,50.171704540892335,61.47968289500979,183.98685246053427,270.1611852109311,264.23314151084554
Nippon India Small Cap Fund - Direct Plan Growth Plan - Growth Option,1197.0997944736243,300.64233426126407,29.475829287166476,15.0160429478732,14.459786339293277,3621.0,13.165110670991783,27.621330137807078,50.171704540892335,61.47968289500979,183.98685246053427,270.1611852109311,264.23314151084554
SBI Small Cap Fund - Direct Plan - Growth,1085.0425183192585,300.64233426126407,28.301971346353017,15.0160429478732,13.285928398479818,3621.0,6.602327145111706,16.762752528635666,26.623436798110184,38.3837066091054,106.34313459500689,178.90962180825576,199.54706324951462
Aditya Birla Sun Life PSU Equity Fund-Direct Plan-Growth,204.020618556701,110.36211367413561,32.81846838831475,20.902635261863978,11.91583312645077,1430.0,24.90470139771283,51.07581967213114,61.500547645125934,110.79342387419584,194.89999999999998,,
Tata Small Cap Fund-Direct Plan-Growth,248.46033843738508,111.87731733914941,27.809219646629856,15.902570905953862,11.906648740675994,1857.0,9.648280800052525,18.923309086593086,35.62608046594913,49.579864191633106,159.65082444228904,225.412231944844,240.48934414291955
quant ELSS Tax Saver Fund - Growth Option - Direct Plan,961.9019038746357,300.64233426126407,26.89082302075292,15.0160429478732,11.87478007287972,3621.0,16.976695228853856,28.4904338538925,32.02752470689567,50.749259980983965,146.12138769928384,268.3456761991569,283.83264167336745
Mahindra Manulife Focused Fund - Direct Plan -Growth,123.49478457147971,68.68070809060367,29.782826335967428,18.46899006935365,11.313836266613777,1126.0,12.021969587472146,23.783298545520637,32.19039105093836,46.35515357517271,108.22092937078484,,
Axis Small Cap Fund - Direct Plan - Growth,886.2944162436551,300.64233426126407,25.949585084390737,15.0160429478732,10.933542136517538,3621.0,10.750113999088015,19.525098425196855,35.57075076751327,41.14484962952202,126.82699042727063,182.57707969749853,241.4762741652021
Invesco India Smallcap Fund - Direct Plan - Growth,234.08866995073888,111.87731733914941,26.755526188250677,15.902570905953862,10.852955282296815,1857.0,16.769972451790625,27.76940467219291,46.100818612666934,47.434782608695635,143.25681492109038,208.55323020928108,225.74447646493755
DSP Small Cap Fund - Direct Plan - Growth,878.7824126268321,300.64233426126407,25.852555961425594,15.0160429478732,10.836513013552395,3621.0,11.009103927986907,23.5579591546289,42.4506940570341,44.397042802850756,131.46837299206823,210.8914791140714,215.9430838094545
BANK OF INDIA Flexi Cap Fund Direct Plan -Growth,175.9013282732448,107.30950005601765,34.5570190342646,23.765890004133983,10.791129030130616,1248.0,15.76433121019107,30.1118568232662,39.67339097022093,40.75508228460793,109.05823148813802,,
Mirae Asset Midcap Fund- Direct Growth Option,212.57016840416995,116.41929034090597,29.39887856937475,19.07646026327774,10.322418306097013,1614.0,11.074698108502826,24.95792257754267,36.03524997818688,44.44804743595682,117.53871912934282,174.7554850647634,
UTI Small Cap Fund - Direct Plan - Growth Option,120.19821370285746,71.90287018686298,30.098192815946057,19.791970635031152,10.306222180914904,1095.0,11.320179210752643,22.137308257806843,37.302874623017935,38.92567192306973,120.19821370285746,,
quant Flexi Cap Fund - Growth Option-Direct Plan,826.0691737298941,300.64233426126407,25.152206771409325,15.0160429478732,10.136163823536126,3621.0,15.631566748089037,26.516018187062564,31.581227980934074,47.86430851410331,134.03082792040416,248.96304153983334,242.45313619733713
HDFC Dividend Yield Fund - Growth Option Direct Plan,119.0811668981941,71.90287018686298,29.877827408482837,19.791970635031152,10.085856773451685,1095.0,13.446716678655847,25.67021458250328,39.88215914850481,51.8814060672766,119.0811668981941,,
,,,,,,,,,,,,,
quant ESG Equity Fund - Growth Option - Direct Plan,192.8183156543732,71.91859909882534,40.34541664852238,18.641751596411773,21.70366505211061,1157.0,22.306094373908618,20.807036259787175,41.694865717717214,58.89896041378603,160.2491088278465,,
ICICI Prudential Commodities Fund - Direct Plan - Growth Option,279.11764705882354,101.78119252265975,36.78190901550833,17.93855300898297,18.84335600652536,1553.0,23.58581016299138,20.994993742177726,35.494043447792585,54.2481053051456,170.79831932773112,282.4925816023739,
Edelweiss Small Cap Fund - Direct Plan - Growth,299.0705952145541,104.91219719155187,32.43875841092279,15.677609474097931,16.761148936824856,1798.0,19.39653897352463,23.55588208283589,50.15066403779622,56.581448578189864,158.58158754564676,231.54263183834405,
BANK OF INDIA Small Cap Fund Direct Plan Growth,325.29880478087654,119.92925248643633,32.91441647554911,16.7553927289414,16.159023746607712,1857.0,15.280777537796986,24.74437627811863,52.0113919544322,51.203966005665734,157.53920386007243,260.64189189189193,330.4435483870968
Aditya Birla Sun Life PSU Equity Fund-Direct Plan-Growth,239.79381443298973,114.40009527882592,35.741601230824706,20.990024792541373,14.751576438283333,1461.0,45.90526781761842,54.23490875058493,85.06457046603035,117.1277997364954,232.92929292929296,239.79381443298973,
Union Midcap Fund - Direct Plan - Growth Option,276.9230769230769,147.12775649265558,41.29606998323854,26.5805958669441,14.715474116294438,1401.0,16.362583260932517,18.70014771048744,43.60257326661901,43.34641455583303,114.63675213675215,,
Nippon India Small Cap Fund - Direct Plan Growth Plan - Bonus Option,1245.0348041578918,308.3328178162697,29.66164815000676,15.098050219324776,14.563597930681983,3652.0,18.873024451465955,24.576103228313215,58.013684202158956,69.19295087443798,194.54391557127008,260.539536866161,296.77519960079843
Nippon India Small Cap Fund - Direct Plan Growth Plan - Growth Option,1245.0348041578918,308.3328178162697,29.66164815000676,15.098050219324776,14.563597930681983,3652.0,18.873024451465955,24.576103228313215,58.013684202158956,69.19295087443798,194.54391557127008,260.539536866161,296.77519960079843
SBI Small Cap Fund - Direct Plan - Growth,1128.0356316009966,308.3328178162697,28.487667936619832,15.098050219324776,13.389617717295057,3652.0,13.230113863539938,14.318115576135993,34.40607559257298,45.11704619574893,114.6144627679866,170.56464084282388,225.38076404021754
Mahindra Manulife Focused Fund - Direct Plan -Growth,135.56633885867134,71.91859909882534,31.036097508265815,18.641751596411773,12.394345911854042,1157.0,22.018830606947144,22.686125036251404,42.24162258554539,51.23495802611,118.60679714678552,,
quant ELSS Tax Saver Fund - Growth Option - Direct Plan,1029.4207754049016,308.3328178162697,27.417159184350236,15.098050219324776,12.31910896502546,3652.0,28.316571100567295,28.928827078433372,48.775383051716794,58.598279832478205,159.72959833218655,287.0694904240241,316.5925056226553
Tata Small Cap Fund-Direct Plan-Growth,260.28378660360295,115.94438386041436,28.11914973963596,16.047843777254165,12.071305962381796,1888.0,14.920604735190654,17.399877609301704,42.197279871993985,57.79839671334942,169.19239164328033,213.18160224573526,262.2056840317666
BANK OF INDIA Flexi Cap Fund Direct Plan -Growth,189.9430740037951,111.28888556932581,35.498485421709816,23.7978322245749,11.700653197134915,1279.0,25.554642563681178,28.727885425442295,51.28712871287129,49.29164631167563,124.21129860601614,,
Invesco India Smallcap Fund - Direct Plan - Growth,249.16256157635468,115.94438386041436,27.344887704665744,16.047843777254165,11.297043927411579,1888.0,20.626276378488765,26.481084939329048,53.75271149674619,57.09219858156028,151.70454545454547,195.08742714404664,256.89828801611276
Axis Small Cap Fund - Direct Plan - Growth,928.3248730964468,308.3328178162697,26.228553423737445,15.098050219324776,11.130503204412669,3652.0,15.879190024024723,20.52594002855783,42.42125984251969,47.459601106420166,137.60262725779967,171.40943193997856,266.3291139240507
quant Flexi Cap Fund - Growth Option-Direct Plan,913.6674724355639,308.3328178162697,26.047565969367213,15.098050219324776,10.949515750042437,3652.0,31.08654246928039,30.335796672852343,50.82276204625921,61.39472795302188,161.5225108350416,277.8864397692749,284.4543991582335
DSP Small Cap Fund - Direct Plan - Growth,907.4069898534386,308.3328178162697,25.969543625254698,15.098050219324776,10.871493405929922,3652.0,17.065150463114588,17.991073786510327,48.33622457025706,48.5927613472907,140.25219799424625,196.92629760085066,234.64534491798366
HDFC Dividend Yield Fund - Growth Option Direct Plan,127.56499305417744,75.20261183465458,30.54432130224638,19.934799488385924,10.609521813860457,1126.0,21.827357237715812,23.314334874717723,45.88130526047962,57.773802971931765,129.59255180698767,,
Mirae Asset Midcap Fund- Direct Growth Option,223.3259823576584,120.57354177921593,29.742227590297432,19.187079337619917,10.555148252677515,1645.0,19.889235801367835,21.643535978277285,44.784091929257585,47.67420565882247,116.65099408919939,176.98583082868186,
Mirae Asset Healthcare Fund Direct Growth,223.43042708128314,98.1795436349079,23.757676995265765,13.225309837296596,10.53236715796917,2010.0,21.549556213017745,20.82567458275125,46.6752945376651,38.6734736930931,75.76875768757685,179.86205722070844,214.87832918183557
,,,,,,,,,,,,,
quant ESG Equity Fund - Growth Option - Direct Plan,210.8753916424446,74.41853398504989,41.7741258313159,18.672984332359,23.1011414989569,1186.0,20.815667864739982,28.431296102802428,55.41496232761995,81.52442250044083,158.0598663543568,,
ICICI Prudential Commodities Fund - Direct Plan - Growth Option,282.7450980392157,104.71537093741881,36.297931604071906,17.974683594374106,18.3232480096978,1582.0,14.08533021624781,19.64449892736744,43.423952975753124,58.95765472312704,134.05275779376498,321.598272138229,
quant Quantamental Fund - Growth Option - Direct Plan,115.37520623542126,49.10732509249604,32.169700289853466,15.631145530712098,16.53855475914137,1004.0,22.54202723407929,35.00329872152252,66.59747689599529,109.02490199326375,,,
Edelweiss Small Cap Fund - Direct Plan - Growth,292.9503658295432,107.89190475697711,31.442985954961067,15.74385123987463,15.699134715086437,1827.0,6.919372629200191,16.309628328943518,51.853125477609666,63.65246036648138,123.33801629671255,237.72093813732153,292.9503658295432
Aditya Birla Sun Life PSU Equity Fund-Direct Plan-Growth,252.3711340206186,117.51777004238826,36.14344118005617,20.969221719211696,15.174219460844476,1490.0,34.77917981072555,60.318949343339575,98.37492745211838,132.83378746594005,192.3866552609068,283.1838565022421,
BANK OF INDIA Small Cap Fund Direct Plan Growth,315.13944223107575,123.12732886487446,31.71640766007091,16.803502037500273,14.912905622570637,1886.0,2.964426877470363,16.81614349775785,51.23367198838898,58.05839969662494,124.69002695417788,247.33333333333331,315.13944223107575
Union Midcap Fund - Direct Plan - Growth Option,282.5515947467167,150.7213368443385,40.8408283555469,26.44203716329965,14.398791192247248,1430.0,8.804695837780162,15.753619074652297,44.815340909090914,53.423626787057955,96.15199615199617,,
Nippon India Small Cap Fund - Direct Plan Growth Plan - Bonus Option,1236.7071798905552,314.2705433549851,29.3169111644052,15.135314588410708,14.181596575994494,3681.0,8.944237759335815,18.134210378786467,58.554396483054326,80.92378879790459,157.1392079658976,279.04430016956434,301.7981944327921
Nippon India Small Cap Fund - Direct Plan Growth Plan - Growth Option,1236.7071798905552,314.2705433549851,29.3169111644052,15.135314588410708,14.181596575994494,3681.0,8.944237759335815,18.134210378786467,58.554396483054326,80.92378879790459,157.1392079658976,279.04430016956434,301.7981944327921
SBI Small Cap Fund - Direct Plan - Growth,1149.1889547916712,314.2705433549851,28.45152791576464,15.135314588410708,13.316213327353932,3681.0,7.960292546467865,13.135007115727419,38.327713577184376,54.69007540489744,98.12071180284376,185.89301934398654,234.76011242483509
Mahindra Manulife Focused Fund - Direct Plan -Growth,145.4323983016298,74.41853398504989,31.826989447165978,18.672984332359,13.154005114806978,1186.0,18.57189523644818,28.56688943176669,50.48683977880341,64.03099538790755,107.64196180701606,,
quant ELSS Tax Saver Fund - Growth Option - Direct Plan,1054.081864220534,314.2705433549851,27.44684413232128,15.135314588410708,12.311529543910574,3681.0,19.470185574148523,31.610680389229735,59.66750928164012,72.13297573376352,143.08547672433042,324.31675211610883,340.5542928400612
BANK OF INDIA Flexi Cap Fund Direct Plan -Growth,199.52561669829225,114.3613190283876,35.81565944131007,23.710643781974493,12.105015659335574,1308.0,16.32277081798084,33.657917019475015,60.01013684744044,62.4806999485332,114.76190476190477,,
Tata Small Cap Fund-Direct Plan-Growth,262.94279553652166,119.0845147219193,27.818619895110388,16.105564096447278,11.71305579866311,1917.0,8.140226842764406,15.201710701027885,44.48940841393226,72.33322796306695,139.8668216473926,238.06469526586142,266.7215517760688
quant Flexi Cap Fund - Growth Option-Direct Plan,946.4877655722491,314.2705433549851,26.216064283979314,15.135314588410708,11.080749695568606,3681.0,24.9054086298495,35.22417251623074,63.208663671879975,79.44261291591972,150.48778820519334,319.89793203927206,308.10962391360556
quant Infrastructure Fund - Growth Option-Direct Plan,926.3160538476993,314.2705433549851,25.972703321276835,15.135314588410708,10.837388732866128,3681.0,33.44545279389721,49.38875484389851,78.39546325683325,96.28788133517145,208.62265590187826,395.22874628855357,404.2796850704642
Axis Small Cap Fund - Direct Plan - Growth,923.4517766497463,314.2705433549851,25.937798616197117,15.135314588410708,10.80248402778641,3681.0,7.153486394557827,15.886883549833325,44.26159129937036,55.11617171872597,119.24749891257069,174.53703703703704,263.4102379235761
Invesco India Smallcap Fund - Direct Plan - Growth,249.5566502463054,119.0845147219193,26.907314017354356,16.105564096447278,10.801749920907078,1917.0,8.601163146617678,23.623693379790932,55.682316805616495,71.15291847563915,124.41492726122702,199.4092827004219,266.9079627714581
Mirae Asset Healthcare Fund Direct Growth,231.8834875024601,101.06134907926341,23.95421096211019,13.31793311450651,10.63627784760368,2039.0,12.799759189270537,22.25323521948744,57.39954263312643,48.49418809439943,77.59873617693523,187.10309015067676,227.05585725368508
DSP Healthcare Fund - Direct Plan - Growth,248.96871607618672,123.12732886487446,27.36384658725626,16.803502037500273,10.560344549755985,1886.0,15.328919474250663,26.98771816418874,58.932985752168634,57.58723650786576,80.59754851889683,191.204809355184,253.15090382502748
,,,,,,,,,,,,,
quant ESG Equity Fund - Growth Option - Direct Plan,203.8484768411914,75.85190522907028,39.55887487620782,18.4469766394024,21.111898236805416,1217.0,9.772728822458463,22.4285703421475,52.23311804366947,54.24229794532033,143.16506555495138,,
ICICI Prudential Commodities Fund - Direct Plan - Growth Option,286.8627450980393,106.39772154091499,35.817631050147455,17.818488209414095,17.99914284073336,1613.0,5.058572949946748,19.178495922681975,41.84040258806614,50.78333970194879,125.22831050228311,482.0058997050147,
quant Quantamental Fund - Growth Option - Direct Plan,119.46103809903093,50.33268886076797,31.94170398350682,15.462014549595704,16.479689433911116,1035.0,13.971685337929332,34.18286595511546,66.75288370786112,88.44487868425338,,,
Edelweiss Small Cap Fund - Direct Plan - Growth,289.16353569309865,109.60036011051668,30.59608466295294,15.647634506204366,14.948450156748574,1858.0,0.9567291661322941,14.398651398011978,50.32080659945004,54.087065455684304,114.69481263295698,360.18940722553486,250.67712045616534
BANK OF INDIA Small Cap Fund Direct Plan Growth,315.13944223107575,124.96098891029949,31.13093838043577,16.6921928358007,14.438745544635069,1917.0,1.3865239601070307,13.168612544121643,51.01449275362317,49.23021840315073,117.19645648775403,361.5725359911406,287.0009285051068
Aditya Birla Sun Life PSU Equity Fund-Direct Plan-Growth,250.5154639175258,119.30533074203802,35.11868155949114,20.73768266735785,14.380998892133288,1521.0,15.293319769413365,44.00677678949598,94.3967981703831,122.80471821756227,196.68411867364745,360.08119079837616,
Nippon India Small Cap Fund - Direct Plan Growth Plan - Bonus Option,1225.1816328774541,317.6750180430973,28.929723300692743,15.092464325680544,13.8372589750122,3712.0,2.1649713093375063,15.615102849198795,56.58828267806798,68.5557988047916,145.06170329240635,437.5351225988837,265.88459751110986
Nippon India Small Cap Fund - Direct Plan Growth Plan - Growth Option,1225.1816328774541,317.6750180430973,28.929723300692743,15.092464325680544,13.8372589750122,3712.0,2.1649713093375063,15.615102849198795,56.58828267806798,68.5557988047916,145.06170329240635,437.5351225988837,265.88459751110986
Union Midcap Fund - Direct Plan - Growth Option,282.9268292682927,152.78176440489713,39.85537712317393,26.071673885597345,13.783703237576585,1461.0,4.881808838643368,15.050732807215345,47.89855072463767,48.59847105933747,91.28397375820056,282.9268292682927,
Mahindra Manulife Focused Fund - Direct Plan -Growth,149.3690773315302,75.85190522907028,31.52859205747236,18.4469766394024,13.081615418069958,1217.0,11.577134924942829,24.99090415219222,51.10959803809328,59.10304968183576,106.63535615704691,,
SBI Small Cap Fund - Direct Plan - Growth,1133.3884564784396,317.6750180430973,28.022872959820067,15.092464325680544,12.930408634139523,3712.0,4.079679624301566,10.951360564682124,37.87489401418404,47.99930504171074,91.84463444441016,278.81344836771274,201.48141494349932
quant ELSS Tax Saver Fund - Growth Option - Direct Plan,1056.0935335148822,317.6750180430973,27.21075319804511,15.092464325680544,12.118288872364568,3712.0,8.870087650899102,27.352630626778296,56.94265693106373,57.77323457643364,134.18489769674787,443.91102906882,304.12958998452046
BANK OF INDIA Flexi Cap Fund Direct Plan -Growth,204.26944971537006,116.12294001845918,35.435374065269066,23.377682051549264,12.057692013719802,1339.0,10.28198074277855,27.667197452229296,61.724659606656594,60.1898101898102,113.08970099667772,,
Tata Small Cap Fund-Direct Plan-Growth,255.43477180814597,120.88495092693567,26.822643316661644,16.007743648309347,10.814899668352297,1948.0,2.001499913027862,11.842891044902123,40.51767146050291,64.31445685726885,124.15044208969628,348.4610659077517,233.7650341037388
quant Flexi Cap Fund - Growth Option-Direct Plan,940.1803290392991,317.6750180430973,25.896028227096913,15.092464325680544,10.80356390141637,3712.0,12.322098450788918,29.879802242978272,59.47532944375725,64.30938674632213,141.46247333391736,409.01105044071994,273.40324257824517
ICICI Prudential Business Cycle Fund Direct Plan Growth,119.61577350859451,66.27932749930223,28.224670437260514,17.432610160989537,10.792060276270977,1155.0,12.714063310845871,28.21723730814638,55.58739255014324,65.80152671755725,105.2930056710775,,
quant Infrastructure Fund - Growth Option-Direct Plan,922.8501105083384,317.6750180430973,25.688213246124224,15.092464325680544,10.59574892044368,3712.0,19.552505195918425,45.22159899300739,75.13685994056861,83.05622603684877,191.69239143669557,584.2487272971655,354.34139919899155
Mirae Asset Healthcare Fund Direct Growth,235.2489667388309,102.71367093674941,23.776231307997907,13.269302600943123,10.506928707054785,2070.0,9.98902305159165,20.24565861922913,57.10398893244179,43.39590874652748,73.66569811897841,212.78002203452075,216.02968460111316
Invesco India Smallcap Fund - Direct Plan - Growth,247.7832512315271,120.88495092693567,26.30655924138643,16.007743648309347,10.298815593077084,1948.0,4.099085815393691,21.556473829201096,55.36971830985915,59.945627548708636,120.34956304619224,316.27358490566036,226.24768946395562
DSP Healthcare Fund - Direct Plan - Growth,250.74509029902302,124.96098891029949,26.989352992677617,16.6921928358007,10.297160156876917,1917.0,11.124659975612031,25.49788135593219,58.82116364286352,53.91044517581845,78.26653959973915,220.70925825663235,238.8406902469253
,,,,,,,,,,,,,
quant ESG Equity Fund - Growth Option - Direct Plan,216.06488996262888,82.29426217410557,40.05085104975752,19.214451549202828,20.83639950055469,1247.0,7.938907187655114,32.0158616910991,51.20657351181743,58.77037872790281,135.76929575085182,,
ICICI Prudential Commodities Fund - Direct Plan - Growth Option,315.29411764705884,113.95912835693143,37.205202134382546,18.40894444193568,18.796257692446865,1643.0,9.542280837858799,35.378715244487054,47.49303621169917,56.83080340614586,106.63414634146342,419.11764705882354,
quant Quantamental Fund - Growth Option - Direct Plan,134.8352961256187,55.84014606395494,33.98899729802534,16.422157866616473,17.566839431408866,1065.0,12.645832101483226,46.3299635448363,70.34555809282747,99.0484074487836,,,
Aditya Birla Sun Life PSU Equity Fund-Direct Plan-Growth,282.06185567010317,127.3396094650852,37.086506444276736,21.321307612766184,15.765198831510553,1551.0,12.439320388349518,64.0548915449314,99.24731182795699,136.20140216698536,218.38487972508594,358.6633663366337,
BANK OF INDIA Small Cap Fund Direct Plan Growth,353.784860557769,133.20246339066065,32.78172004382889,17.20284611944516,15.578873924383732,1947.0,6.697892271662761,23.00215982721383,56.77907777013078,67.50000000000001,122.02729044834311,341.47286821705427,335.5640535372849
Edelweiss Small Cap Fund - Direct Plan - Growth,316.452442159383,117.2790959984271,31.758387478648476,16.186166536166134,15.572220942482343,1888.0,4.355581983053356,24.59695311344475,52.44851424228164,65.10524871624006,126.24482999409139,332.08863356585965,283.81629305631486
Nippon India Small Cap Fund - Direct Plan Growth Plan - Bonus Option,1348.8188576793282,332.9765955253119,29.791713191347945,15.367011984732093,14.424701206615852,3742.0,7.716086840326361,28.04537024786346,62.37888995373149,81.21175127711724,154.85607844829255,411.22956030214493,305.4347285830937
Nippon India Small Cap Fund - Direct Plan Growth Plan - Growth Option,1348.8188576793282,332.9765955253119,29.791713191347945,15.367011984732093,14.424701206615852,3742.0,7.716086840326361,28.04537024786346,62.37888995373149,81.21175127711724,154.85607844829255,411.22956030214493,305.4347285830937
Union Midcap Fund - Direct Plan - Growth Option,305.44090056285177,162.04245653883115,40.87112110837439,26.59550361415295,14.27561749422144,1491.0,7.565953210552512,25.16652186504488,48.93177119228118,54.63327370304114,100.64995357474467,259.567387687188,
SBI Small Cap Fund - Direct Plan - Growth,1233.500172719188,332.9765955253119,28.745904900139575,15.367011984732093,13.378892915407482,3742.0,8.588068489567906,22.954393592956475,42.66964532850205,55.8220704569248,100.53528480732841,267.26110833345143,229.38420202240258
Mahindra Manulife Focused Fund - Direct Plan -Growth,160.2195551224557,82.29426217410557,32.3034076148891,19.214451549202828,13.088956065686276,1247.0,10.465508944626885,34.78872223824633,52.84583710539379,68.47028377195241,112.26487788655739,,
BANK OF INDIA Flexi Cap Fund Direct Plan -Growth,226.28083491461103,124.04063145203025,37.0669471911752,23.994784124593103,13.0721630665821,1369.0,12.532722513089013,41.29005751848809,63.996185026227955,73.77463365336028,118.76590330788805,,
quant ELSS Tax Saver Fund - Growth Option - Direct Plan,1136.5274592709377,332.9765955253119,27.80125189382869,15.367011984732093,12.434239909096599,3742.0,9.483328640527072,40.48525323828968,60.78926922493011,67.55551761139532,129.850763665751,398.8118368226994,337.8348059703386
Tata Small Cap Fund-Direct Plan-Growth,291.63346217669095,128.97709923664124,28.648286498907936,16.517823875462945,12.130462623444991,1978.0,8.70138394753245,24.92028778802575,50.12016896022428,73.98228994694047,137.78370356069843,351.8923629025786,272.56451460440496
quant Flexi Cap Fund - Growth Option-Direct Plan,1003.9135889354671,332.9765955253119,26.394847542259892,15.367011984732093,11.0278355575278,3742.0,8.902931084793174,42.75708700675856,60.467505741519666,75.47776432076967,138.97697690182892,374.0632049232386,302.5462498047354
quant Infrastructure Fund - Growth Option-Direct Plan,1000.5399839260599,332.9765955253119,26.357118373635302,15.367011984732093,10.99010638890321,3742.0,13.161856801601143,57.90951188309699,79.91459834534295,92.34426028022614,185.42740081161534,551.3817246659036,394.5164202685927
Invesco India Smallcap Fund - Direct Plan - Growth,270.8374384236453,128.97709923664124,27.359500408981585,16.517823875462945,10.84167653351864,1978.0,6.2076749435666,28.11436351259361,60.30664395229983,74.01756819232548,131.3460356484327,300.4255319148936,255.09433962264148
Franklin Build India Fund - Direct - Growth,981.1349492063956,332.9765955253119,26.13805090922252,15.367011984732093,10.771038924490428,3742.0,13.209584493876164,44.68061244392432,80.12943097722817,110.9057022750245,171.51545210634006,341.9340713026071,222.86781300259202
Axis Small Cap Fund - Direct Plan - Growth,953.1979695431472,332.9765955253119,25.816349556913607,15.367011984732093,10.449337572181514,3742.0,2.418797512093976,18.682072989360485,42.892561983471076,53.348115299334786,106.44776119402984,257.97101449275357,251.66101694915253
DSP Small Cap Fund - Direct Plan - Growth,938.5851183765503,332.9765955253119,25.644998955602617,15.367011984732093,10.277986970870524,3742.0,3.0948890405899965,20.68818697514771,49.30834123453189,53.45821325648416,111.28529162175181,299.99348703920805,224.24370413388942
,,,,,,,,,,,,,
quant ESG Equity Fund - Growth Option - Direct Plan,225.54641198897744,83.21540505109262,40.088837543352085,18.878304389203414,21.21053315414867,1278.0,4.719260752361757,26.51727426098439,53.45830812484431,76.97437949538791,127.37800979480993,,
ICICI Prudential Commodities Fund - Direct Plan - Growth Option,318.921568627451,115.04027553458702,36.66276555503145,18.16880004880421,18.493965506227237,1674.0,9.451844262295078,24.868497954412618,47.09122203098105,73.41720779220778,92.47747747747746,406.2796208530806,
quant Quantamental Fund - Growth Option - Direct Plan,137.43623295594622,56.627614845382254,33.37305947397271,16.11727755496426,17.25578191900845,1096.0,10.243067020634953,35.09408921211077,67.05026084404062,113.98844622194876,137.43623295594622,,
Aditya Birla Sun Life PSU Equity Fund-Direct Plan-Growth,285.5670103092784,128.48836894559906,36.5291282383325,21.003335604989704,15.525792633342792,1582.0,9.42071386775892,47.47634069400631,98.30328738069989,148.17518248175182,189.24980665119875,382.5806451612903,
BANK OF INDIA Small Cap Fund Direct Plan Growth,354.4820717131475,134.38084819271754,32.230443316601054,17.020423502114056,15.210019814486998,1978.0,9.476967370441464,12.722332015810291,48.77730681447669,79.5749704840614,105.91155234657042,350.0,321.7190388170056
Edelweiss Small Cap Fund - Direct Plan - Growth,317.2434249555072,118.37701915415417,31.220016370373884,16.016098015039404,15.20391835533448,1919.0,6.182220768437211,13.529364289365375,44.922559153817105,75.73814183983676,105.9038789948768,336.8077838733051,265.84308625921113
Union Midcap Fund - Direct Plan - Growth Option,315.75984990619133,163.3665714036117,40.73702416215195,26.141266198328484,14.595757963823463,1522.0,8.68072584600294,18.24973319103523,42.921638181231856,65.6822429906542,95.41446208112875,263.8752052545156,
Nippon India Small Cap Fund - Direct Plan Growth Plan - Bonus Option,1368.1324164996238,335.1644499432931,29.679958236330318,15.287793537349103,14.392164698981215,3773.0,9.83201396582827,19.655650430798868,54.12961749449037,97.30731239336497,137.96994078913997,428.92062611790436,297.5978981895478
Nippon India Small Cap Fund - Direct Plan Growth Plan - Growth Option,1368.1324164996238,335.1644499432931,29.679958236330318,15.287793537349103,14.392164698981215,3773.0,9.83201396582827,19.655650430798868,54.12961749449037,97.30731239336497,137.96994078913997,428.92062611790436,297.5978981895478
BANK OF INDIA Flexi Cap Fund Direct Plan -Growth,236.6223908918406,125.1727210162131,37.22514892868478,23.567966206439905,13.657182722244876,1400.0,12.385175799809934,30.729550478997776,65.87190275829825,89.7326203208556,109.32153392330382,,
SBI Small Cap Fund - Direct Plan - Growth,1249.0838533283356,335.1644499432931,28.62339290921623,15.287793537349103,13.335599371867126,3773.0,7.996780483327587,16.593640150567175,38.75062078912219,64.77331382379477,88.4935304990758,283.4063014362462,224.98884568806167
Mahindra Manulife Focused Fund - Direct Plan -Growth,161.98653633895813,83.21540505109262,31.662325647551313,18.878304389203414,12.784021258347899,1278.0,6.744887045019931,26.56943563728598,50.111954967325104,75.13660112471584,99.06764485882451,,
quant ELSS Tax Saver Fund - Growth Option - Direct Plan,1164.3749104199512,335.1644499432931,27.819014793419015,15.287793537349103,12.531221256069912,3773.0,9.556778389712317,30.88768645124795,60.8978012657997,81.39551919750299,111.73631800493847,391.02177414585447,333.1425572788481
Tata Business Cycle Fund-Direct Plan-Growth,85.66080745158534,40.19657668251105,25.22531051709105,13.069577991788872,12.155732525302177,1004.0,7.656633679160906,22.57712966086303,52.240994529443526,83.60961579571294,,,
Tata Small Cap Fund-Direct Plan-Growth,291.68513200647857,130.13413304252998,28.152254294149294,16.34978741259918,11.802466881550114,2009.0,7.919247006258506,16.704118519571182,41.3995465893764,82.70760331497857,110.64365297779676,352.1437911495492,264.6883586673944
quant Flexi Cap Fund - Growth Option-Direct Plan,1024.7513845965545,335.1644499432931,26.380248147660513,15.287793537349103,11.09245461031141,3773.0,7.478694123242698,34.24670208466233,60.95151633685476,89.29306488463791,111.59133863555688,360.69007005978267,307.40521808522436
quant Infrastructure Fund - Growth Option-Direct Plan,1021.0543500100462,335.1644499432931,26.34000167557058,15.287793537349103,11.052208138221477,3773.0,9.230908530288426,45.76368047913108,81.61507413374997,106.87850796490528,160.1432551200009,555.0424114349447,380.86593984314396
Franklin Build India Fund - Direct - Growth,1016.9907157744383,335.1644499432931,26.295625802424837,15.287793537349103,11.007832265075734,3773.0,12.705455352960767,35.66382255580535,80.01980179414122,123.79510376073344,151.0432311585361,361.2375644721558,218.3824934568568
Invesco India Smallcap Fund - Direct Plan - Growth,277.5369458128079,130.13413304252998,27.298532120508746,16.34978741259918,10.948744707909565,2009.0,8.004509582863594,17.294153657790016,52.24473579658322,86.56280428432328,110.66520065970312,316.5217391304348,253.83194829178208
Invesco India Infrastructure Fund - Direct Plan - Growth Option,972.961373390558,335.1644499432931,25.8052309023326,15.287793537349103,10.517437364983497,3773.0,19.80830670926517,44.73176379776148,81.42235123367198,119.94134897360702,156.6735112936345,334.2790966994789,285.60411311053986
,,,,,,,,,,,,,
quant ESG Equity Fund - Growth Option - Direct Plan,240.33067834358843,95.85963206375942,40.7434067445716,20.633468287662904,20.109938456908697,1308.0,12.006708699568282,22.952820603738083,50.21973032528422,93.94337035144802,126.62477219883115,,
ICICI Prudential Commodities Fund - Direct Plan - Growth Option,345.686274509804,129.88082925313213,37.728331486750854,19.518344529742304,18.20998695700855,1704.0,15.205271160669032,21.033013844515438,49.83520105471325,101.59645232815964,96.96707105719238,393.058568329718,
BANK OF INDIA Small Cap Fund Direct Plan Growth,404.5816733067729,150.55615097985861,34.20660745125312,18.170788809245142,16.03581864200798,2008.0,21.5451055662188,23.23035757723181,55.78105781057808,106.35437881873726,114.47925486875528,369.0740740740741,376.57572906867347
Edelweiss Small Cap Fund - Direct Plan - Growth,358.70081075736596,133.44785123710378,33.01122293208043,17.206839036375655,15.804383895704774,1949.0,17.868394308943092,18.99607561494857,50.63151401019515,102.37742104344791,113.38944850742836,346.172340834776,317.69154587197266
quant Quantamental Fund - Growth Option - Direct Plan,146.56274297851357,67.43694126640716,33.98178366650946,18.18512107964687,15.796662586862588,1126.0,12.349210189761846,28.04628831712421,62.737428419438615,132.53089621376063,144.70417737123927,,
Union Midcap Fund - Direct Plan - Growth Option,353.0018761726078,181.54226310075006,42.65988471398332,27.562742768343206,15.09714194564011,1552.0,18.299853013228805,24.075025693730723,48.219766728054026,90.26792750197006,95.82319545823195,272.3207401696222,
Nippon India Small Cap Fund - Direct Plan Growth Plan - Bonus Option,1495.4488171661044,365.19641200123726,30.451453339151936,15.898453606610108,14.552999732541828,3803.0,20.394727604381405,23.001238914971303,56.975817189268355,121.22955674268326,142.40497057236118,409.8056014248148,347.6731685205534
Nippon India Small Cap Fund - Direct Plan Growth Plan - Growth Option,1495.4488171661044,365.19641200123726,30.451453339151936,15.898453606610108,14.552999732541828,3803.0,20.394727604381405,23.001238914971303,56.975817189268355,121.22955674268326,142.40497057236118,409.8056014248148,347.6731685205534
Aditya Birla Sun Life PSU Equity Fund-Direct Plan-Growth,292.88659793814435,144.25701463287882,36.31951212822033,22.410582579672166,13.908929548548166,1612.0,12.088235294117645,29.230247541539512,95.23565573770492,172.60371959942776,185.89647411852962,348.35294117647055,
SBI Small Cap Fund - Direct Plan - Growth,1354.335986594051,365.19641200123726,29.29713817147821,15.898453606610108,13.398684564868102,3803.0,17.91386395381541,22.724371835765886,43.29635457891797,84.33653454711782,95.96367835397858,274.60882702061076,258.31431986093
BANK OF INDIA Flexi Cap Fund Direct Plan -Growth,255.8823529411765,140.71254421391265,38.26685378395285,25.13406364723634,13.132790136716508,1430.0,16.96289367009666,28.988995873452545,67.82997762863533,113.00397501419648,111.08610016882385,,
Mahindra Manulife Focused Fund - Direct Plan -Growth,179.35008501794826,95.85963206375942,33.1983091012912,20.633468287662904,12.564840813628297,1308.0,12.02274476340103,24.991769071284295,54.71893466683556,94.10903060871966,105.94522476028503,,
Tata Small Cap Fund-Direct Plan-Growth,327.86394936356686,146.01635768811343,29.72079517783921,17.486021243307228,12.234773934531983,2039.0,20.377628555294013,22.786986686133226,46.022347694864116,104.67824582418315,116.3145970330703,338.0403047781813,305.9870641700138
quant ELSS Tax Saver Fund - Growth Option - Direct Plan,1216.497360374564,365.19641200123726,28.06734800752919,15.898453606610108,12.168894400919083,3803.0,13.874640953314948,23.97542141802063,59.29655685220627,100.276505231886,114.42309890198608,367.2183907558751,355.76919697359705
Tata Business Cycle Fund-Direct Plan-Growth,97.25969521601148,49.87194945740452,27.10070796144688,15.353013859050769,11.74769410239611,1034.0,12.46267862444472,21.25540550334596,53.29668231970373,104.0813214739517,,,
Invesco India Smallcap Fund - Direct Plan - Growth,313.4975369458128,146.01635768811343,28.93012342108696,17.486021243307228,11.444102177779733,2039.0,18.895184135977345,23.7687997640814,58.13865862848531,113.15388522092431,116.11740473738412,315.13353115727006,295.9433962264151
Franklin Build India Fund - Direct - Growth,1087.1522059145034,365.19641200123726,26.80248103379581,15.898453606610108,10.904027427185703,3803.0,18.92104581175243,33.10569384695208,79.37268218775051,147.53744134594345,161.08196905225537,349.5523887318968,246.44376201575446
quant Flexi Cap Fund - Growth Option-Direct Plan,1083.665330518242,365.19641200123726,26.766687745912996,15.898453606610108,10.868234139302889,3803.0,13.794242928191533,27.8160815731332,61.70781700905592,108.67741251020459,109.4608350991441,347.2858387228565,334.5355285377826
quant Infrastructure Fund - Growth Option-Direct Plan,1066.4381153305205,365.19641200123726,26.588436719736343,15.898453606610108,10.689983113126235,3803.0,14.038029946618611,36.33532167725422,82.80000314881289,131.13279850300597,160.82285483227847,535.3772487858267,410.47373049021763
Motilal Oswal Midcap Fund-Direct Plan-Growth Option,975.1139082182669,331.77698881307595,25.814308745296977,15.192032457157767,10.62227628813921,3775.0,20.963117752241267,34.12860783823212,65.90621524660926,131.37737880587576,178.73661725344857,359.8527532342913,304.34073277632183
,,,,,,,,,,,,,
quant ESG Equity Fund - Growth Option - Direct Plan,274.6668679929033,104.29056371165883,43.3411294367648,21.498536591909833,21.84259284485497,1339.0,18.541122374333778,27.951992058836804,54.57500944163899,92.8881331227985,132.6469381775564,,
ICICI Prudential Commodities Fund - Direct Plan - Growth Option,348.03921568627453,139.77623004692444,37.09460822940305,20.19920002658635,16.8954082028167,1735.0,7.884796978281406,18.17946728730282,42.99123904881102,84.2741935483871,73.69821360699356,352.9236868186323,
BANK OF INDIA Small Cap Fund Direct Plan Growth,428.585657370518,161.34153723129546,34.72382057282193,18.76383109639925,15.959989476422678,2039.0,16.483757682177345,24.285714285714278,55.03943908851886,98.83851629823903,110.17821782178218,347.47048903878584,448.81075491209924
Edelweiss Small Cap Fund - Direct Plan - Growth,375.7860391536484,143.4967972929623,33.31419611788824,17.82772532520902,15.486470792679217,1980.0,14.247388414055093,19.223527079926665,47.3076805338721,89.0879798813313,108.83131536692272,331.11449561010573,379.6750398724083
quant Quantamental Fund - Growth Option - Direct Plan,155.9879387836377,74.64439587191201,34.518319657503895,19.23198713253056,15.286332524973336,1157.0,9.00743755602393,22.792335087487885,59.293131932971434,121.35946211872746,147.71753392730974,,
Union Midcap Fund - Direct Plan - Growth Option,371.6697936210131,193.6614708782089,42.99603679022794,28.195785729646317,14.800251060581623,1583.0,16.33503007866729,25.136884021901444,48.53766617429837,78.55113636363636,93.53348729792148,254.08450704225353,
Nippon India Small Cap Fund - Direct Plan Growth Plan - Bonus Option,1593.7403263048388,385.22115682029073,30.914346949999437,16.22566365353597,14.688683296463466,3834.0,16.904906181150757,25.925390262690414,56.87294416430548,114.97790168531185,139.20361022387115,414.6341902174891,424.616275322947
Nippon India Small Cap Fund - Direct Plan Growth Plan - Growth Option,1593.7403263048388,385.22115682029073,30.914346949999437,16.22566365353597,14.688683296463466,3834.0,16.904906181150757,25.925390262690414,56.87294416430548,114.97790168531185,139.20361022387115,414.6341902174891,424.616275322947
Aditya Birla Sun Life PSU Equity Fund-Direct Plan-Growth,317.319587628866,154.77124961428316,37.353581569547245,23.091533301774646,14.262048267772599,1643.0,9.228278467350227,22.81553398058251,89.42442676649506,166.14069690992764,202.9940119760479,371.79487179487177,
SBI Small Cap Fund - Direct Plan - Growth,1431.9515798293387,385.22115682029073,29.66904638140042,16.22566365353597,13.44338272786445,3834.0,14.881993356287419,24.74813762790623,42.60972015254704,79.95565770093468,97.81060135862293,276.9128113879003,301.59725018641006
BANK OF INDIA Flexi Cap Fund Direct Plan -Growth,273.81404174573055,151.07420468307362,39.01635987736463,25.858372504152904,13.157987373211725,1461.0,14.56818842686827,28.92670157068063,65.96461668070766,103.09278350515466,110.92077087794432,273.81404174573055,
Mahindra Manulife Focused Fund - Direct Plan -Growth,194.72888720952204,104.29056371165883,34.264324941809555,21.498536591909833,12.765788349899722,1339.0,13.2616213531019,25.11502646664021,53.49877781000125,90.3367496339678,110.20531186837346,,
Tata Small Cap Fund-Direct Plan-Growth,352.4955534136866,156.60632497273718,30.49789023490814,18.07705157476498,12.420838660143161,2070.0,15.540574826963272,25.59420385784337,47.447441613485,103.21430483908397,111.02955146830527,343.16452247026996,365.2265413495428
quant ELSS Tax Saver Fund - Growth Option - Direct Plan,1255.4700563757106,385.22115682029073,28.16690766243184,16.22566365353597,11.941244008895868,3834.0,9.61908255356513,20.01462040485039,54.73344241060777,87.60083811350073,105.85067644719433,325.014980431811,399.92841512181
Tata Business Cycle Fund-Direct Plan-Growth,106.36489580160546,56.32330519875238,28.183738729594165,16.545737749920274,11.63800097967389,1065.0,12.825802015513865,22.332110198613776,50.08289029897672,95.35861446735684,,,
Invesco India Smallcap Fund - Direct Plan - Growth,330.93596059113304,156.60632497273718,29.379374670048676,18.07705157476498,11.302323095283697,2070.0,16.206163655685444,23.419864559819427,56.10278372591008,102.03233256351041,106.32075471698114,316.9685414680648,354.2056074766355
Kotak Multicap Fund-Direct Plan-Growth,105.43027606431392,60.63788754364825,29.917559200546286,18.805124453930144,11.112434746616142,1004.0,15.399909111565565,23.826648787029153,57.41960480433942,105.93005575266092,,,
quant Flexi Cap Fund - Growth Option-Direct Plan,1137.7191640402682,385.22115682029073,27.062833924933514,16.22566365353597,10.837170271397543,3834.0,12.12101893172936,22.103075978789132,59.14401683901301,101.17622484047605,107.14891713852126,324.88498140795355,386.0209067606536
Franklin Build India Fund - Direct - Growth,1121.2094270598009,385.22115682029073,26.90049880792904,16.22566365353597,10.674835154393069,3834.0,12.956243617526809,27.877294059292616,69.45743865418413,133.69494125440156,158.16991349494296,358.6784618458616,290.8688238957476
Motilal Oswal Midcap Fund-Direct Plan-Growth Option,1030.1442341099278,350.3631683206215,26.181827002254067,15.525396760107446,10.656430242146621,3806.0,21.324008171416455,36.19057416760172,71.39183910035902,118.62075454669396,176.1737729812075,362.72801170541373,363.5154831407609
,,,,,,,,,,,,,
quant ESG Equity Fund - Growth Option - Direct Plan,277.7547091465026,106.05948794526971,42.48928137742247,21.242523518150215,21.246757859272257,1370.0,16.037128727222118,21.513223401413402,56.061007750729054,82.33431875845545,128.99411330598792,,
BANK OF INDIA Small Cap Fund Direct Plan Growth,441.1354581673307,163.6044580929269,34.67988826825257,18.638587706019692,16.041300562232877,2070.0,19.066403681788284,30.35028790786948,52.2701793721973,90.49789621318372,115.33888228299642,310.34743202416917,462.4223602484472
ICICI Prudential Commodities Fund - Direct Plan - Growth Option,336.8627450980392,141.852419843789,35.62746299428989,20.02532260750558,15.602140386784313,1766.0,4.282705359232403,14.13934426229509,36.56144652160588,70.2062643239114,77.31794667727817,300.71942446043175,
Edelweiss Small Cap Fund - Direct Plan - Growth,387.5815701008503,145.60520297608574,33.31584787716753,17.714184110826082,15.601663766341446,2011.0,16.857819905213262,24.08222831693631,44.31957857769973,84.56529061716381,112.79882627082077,301.90709046454765,379.7548399649771
Union Midcap Fund - Direct Plan - Growth Option,379.73733583489684,196.20424565388313,42.56285104279323,27.83464962532878,14.728201417464447,1614.0,15.388086642599278,25.404610102991658,45.1603746806699,72.53711201079622,89.97028231797918,238.22751322751324,
Nippon India Small Cap Fund - Direct Plan Growth Plan - Bonus Option,1595.1713988480374,389.4226208887514,30.64222330356241,16.180132939374147,14.462090364188263,3865.0,15.464475805917315,26.81695919272551,49.814213368714135,104.39746024234981,137.505228842592,359.2063419328232,436.6035977906706
Nippon India Small Cap Fund - Direct Plan Growth Plan - Growth Option,1595.1713988480374,389.4226208887514,30.64222330356241,16.180132939374147,14.462090364188263,3865.0,15.464475805917315,26.81695919272551,49.814213368714135,104.39746024234981,137.505228842592,359.2063419328232,436.6035977906706
quant Quantamental Fund - Growth Option - Direct Plan,151.65746904098157,76.15661796631179,32.783598058591124,19.000768425333604,13.78282963325752,1188.0,5.989497014835953,16.846072228899484,57.746051935547136,103.92712799471362,146.79927095538318,,
SBI Small Cap Fund - Direct Plan - Growth,1431.8111995531349,389.4226208887514,29.39799063374999,16.180132939374147,13.217857694375844,3865.0,13.544550679632799,22.624459148263675,38.731190583010374,67.11746277644538,97.32431117178906,234.22179387672628,297.93012723579096
Aditya Birla Sun Life PSU Equity Fund-Direct Plan-Growth,307.7319587628866,156.97727924816346,35.85839839222891,22.849587020351002,13.008811371877904,1674.0,5.748663101604275,15.710942071386768,85.50656660412757,141.74816625916867,194.9291573452647,343.8832772166105,
Tata Small Cap Fund-Direct Plan-Growth,366.57558203082306,158.82824427480915,30.680165998551058,17.964462669862648,12.71570332868841,2101.0,19.12006453773327,28.553476682490913,48.09580430387652,95.1048951048951,119.11710492545322,322.5865094721685,375.39003573851153
BANK OF INDIA Flexi Cap Fund Direct Plan -Growth,275.3320683111955,153.24822210722309,38.20505916792287,25.5228564251613,12.682202742761568,1492.0,11.499436302142069,25.308837503959463,67.48518204911093,95.06903353057199,107.66404199475066,257.6853526220615,
Mahindra Manulife Focused Fund - Direct Plan -Growth,198.7182674237076,106.05948794526971,33.850759447730795,21.242523518150215,12.60823592958058,1370.0,14.020465172769777,21.71101675687939,56.48006834009615,84.7768189394825,100.93238534135067,,
Invesco India Smallcap Fund - Direct Plan - Growth,344.23645320197045,158.82824427480915,29.57103840656039,17.964462669862648,11.606575736697742,2101.0,17.667014613778715,27.08568207440814,57.108013937282244,99.51327433628319,114.50999048525216,295.873573309921,364.84536082474233
quant ELSS Tax Saver Fund - Growth Option - Direct Plan,1236.1392790597677,389.4226208887514,27.738658166069218,16.180132939374147,11.558525226695071,3865.0,5.675877308889383,15.775086714684225,52.37237934641663,73.74275906332883,107.23129654646691,291.860706451062,404.70418252322935
Mirae Asset Healthcare Fund Direct Growth,319.6221216296005,137.53552842273817,26.551907058780277,15.263506287915195,11.288400770865081,2223.0,25.59495758718192,26.43657712150864,54.572806031826595,85.3033200069529,70.08495871724303,158.70290602438877,309.3108082165483
Tata Business Cycle Fund-Direct Plan-Growth,107.30616937028996,57.67688745835451,27.479724331934996,16.37576022560385,11.103964106331144,1096.0,11.658552074513121,20.20783837831371,49.07161428894415,87.29693741677762,107.30616937028996,,
Kotak Multicap Fund-Direct Plan-Growth,107.69541915259381,62.02882918553966,29.402547484624762,18.553448296251386,10.849099188373376,1035.0,15.66706087740046,22.132366058155444,57.07402875497094,96.17000955109837,,,
Motilal Oswal Midcap Fund-Direct Plan-Growth Option,1049.3006680630144,354.26280180292247,26.14650930140423,15.485448634090382,10.661060667313848,3837.0,22.726453634430577,33.6725386830335,64.92298663430294,110.90065868088952,167.710414354421,336.86712801201406,354.4592425116677
DSP Small Cap Fund - Direct Plan - Growth,1139.8083427282977,389.4226208887514,26.839174107453513,16.180132939374147,10.659041168079366,3865.0,21.510889141796408,23.96057014355038,40.945997039353536,82.99068997362576,106.10802908763775,262.7849437535051,331.7498331435751
,,,,,,,,,,,,,
quant ESG Equity Fund - Growth Option - Direct Plan,274.0553395492809,110.49286787112685,41.04982872312735,21.415072635307286,19.63475608782006,1400.0,9.909380303248772,23.10587942976053,50.716768192983665,79.52650339926535,114.03677403677406,,
BANK OF INDIA Small Cap Fund Direct Plan Growth,456.2749003984065,169.27592085607824,34.75298892448424,18.7879605449919,15.965028379492342,2100.0,10.24476904855903,33.99712092130518,51.642682595710035,92.78564031756991,110.43707611152978,296.38041163946065,443.81694255111984
ICICI Prudential Commodities Fund - Direct Plan - Growth Option,354.80392156862746,147.05588644388175,36.047077450565254,20.178708764693276,15.868368685871978,1796.0,2.0457545094588645,17.56208819057273,40.10872848082151,79.94569433669511,82.78171788810089,320.96188747731406,
Edelweiss Small Cap Fund - Direct Plan - Growth,399.65394502669557,150.88941088816912,33.335490500745045,17.880232930976938,15.455257569768108,2041.0,8.928071045200776,28.39176829268292,46.878451432889605,89.58919527293189,107.7492291880781,293.42156481121054,364.988958410011
Quant Value Fund - Growth Option  - Direct Plan,126.15558726565959,62.4855493266405,34.53748324586019,19.300102806371065,15.237380439489122,1004.0,5.424251321197875,20.24655441254957,69.46617799966076,115.04917511205936,,,
Union Midcap Fund - Direct Plan - Growth Option,388.83677298311443,202.57709443522322,42.235431028572634,27.865965424494842,14.369465604077792,1644.0,7.910540484572376,27.658010779029883,46.87147688838784,74.33924389427902,86.6404011461318,226.70846394984326,
Nippon India Small Cap Fund - Direct Plan Growth Plan - Bonus Option,1615.735031674744,399.9525724301475,30.520938347394843,16.277728125305945,14.243210222088898,3895.0,7.539333961354937,29.4716881903393,49.68882546185475,104.41907944326432,130.4051183847966,347.091299796132,406.52835069565833
Nippon India Small Cap Fund - Direct Plan Growth Plan - Growth Option,1615.735031674744,399.9525724301475,30.520938347394843,16.277728125305945,14.243210222088898,3895.0,7.539333961354937,29.4716881903393,49.68882546185475,104.41907944326432,130.4051183847966,347.091299796132,406.52835069565833
quant Quantamental Fund - Growth Option - Direct Plan,155.52900570821717,79.9466361871964,32.46411894349017,19.250258391690856,13.213860551799314,1218.0,3.6365034803676455,16.4347931284781,56.23554238870175,106.52325519017218,143.2733017377567,,
SBI Small Cap Fund - Direct Plan - Growth,1471.774744779838,399.9525724301475,29.453440546432553,16.277728125305945,13.175712421126608,3895.0,8.075077510859101,27.435499864134954,41.39142094166137,68.73662599496284,94.11775918785264,235.18243072741888,280.88250485333145
Tata Small Cap Fund-Direct Plan-Growth,380.9894772404336,164.3969465648855,30.869042213347207,18.120300173820446,12.74874203952676,2131.0,12.416453397368308,35.32426070571922,51.35056545841684,97.28201951370606,120.00363595046018,322.31983946955154,366.526277238601
Mahindra Manulife Focused Fund - Direct Plan -Growth,201.7083138604115,110.49286787112685,33.36296873048601,21.415072635307286,11.947896095178724,1400.0,8.003659222450825,20.988663505899524,51.22482443767724,90.73958824453872,95.78071867801444,,
Aditya Birla Sun Life PSU Equity Fund-Direct Plan-Growth,303.9175257731959,162.5061579354811,34.85561513060742,22.964703544720066,11.890911585887352,1704.0,2.8076620309630025,15.235294117647058,65.94663278271919,147.5047378395452,170.76710435383552,380.7361963190184,
Invesco India Smallcap Fund - Direct Plan - Growth,359.2118226600985,164.3969465648855,29.83456217432505,18.120300173820446,11.714262000504604,2131.0,11.055515844650943,32.03966005665723,60.502754820936644,104.34020166593601,115.1892890120037,298.03586678052943,353.40466926070036
BANK OF INDIA Flexi Cap Fund Direct Plan -Growth,274.09867172675524,158.69686994841047,37.21805796516835,25.601244113346656,11.616813851821693,1522.0,5.118635030658496,22.949797318366073,56.96656050955413,98.43985908404629,102.20512820512819,241.68110918544195,
quant ELSS Tax Saver Fund - Growth Option - Direct Plan,1265.2760857101905,399.9525724301475,27.75602194530833,16.277728125305945,11.478293820002385,3895.0,3.7051897560773153,18.093912484686996,50.39570415933425,75.71309327723534,101.16640972302883,284.9305404133479,392.88738065233866
Motilal Oswal Midcap Fund-Direct Plan-Growth Option,1113.471446013957,364.036288123104,26.566809314832398,15.588540850842891,10.978268463989506,3867.0,12.869105007206445,36.52998839576797,73.71469578871826,112.66207050121166,164.61494169522197,349.5698991956986,342.4397835646682
Tata Business Cycle Fund-Direct Plan-Growth,112.25817227860915,61.069313376714405,27.630703441976976,16.709042705638222,10.921660736338755,1126.0,7.603416930241837,21.013684971179217,47.5816368356333,95.17726139279391,106.41912551597616,,
Mirae Asset Healthcare Fund Direct Growth,323.70596339303285,142.64611689351483,26.35381465733795,15.443124937547402,10.910689719790547,2253.0,20.48971596474046,26.38546436538689,51.973034025130595,83.89425130263945,72.43492190628757,139.09928920479788,318.5980944973751
Axis Small Cap Fund - Direct Plan - Growth,1176.040609137056,399.9525724301475,26.94933613574324,16.277728125305945,10.671608010437296,3895.0,10.360874528053381,28.07214183819034,43.28545371637027,77.65371024734982,95.29210689869484,248.94503053858963,288.65182436611
,,,,,,,,,,,,,
quant ESG Equity Fund - Growth Option - Direct Plan,248.1956136046205,96.98523219572333,37.46777725467243,18.877628337913066,18.59014891675936,1431.0,-7.065277623850159,10.165862980159138,45.43641330269263,62.39095798526447,102.73528506747549,,
BANK OF INDIA Small Cap Fund Direct Plan Growth,441.63346613545826,151.99609056125988,33.557990223432554,17.152393950100354,16.4055962733322,2131.0,2.4684379121914497,19.35908691834943,46.814254859611246,88.03596127247579,105.1301395699736,285.12747875354114,415.4502369668246
Edelweiss Small Cap Fund - Direct Plan - Growth,386.11825192802047,134.7894698717882,32.12204626414304,16.224614705911634,15.897431558231403,2072.0,2.171609068805708,16.728395061728392,45.440023665138284,81.7261134725559,100.69393419871007,281.6643378357398,342.6577833798505
ICICI Prudential Commodities Fund - Direct Plan - Growth Option,320.4901960784314,131.20194830669527,33.23386019953816,18.227527234830077,15.00633296470808,1827.0,-6.148796498905913,1.2511803588290868,37.07254713966124,60.27653213751868,67.34295747171285,282.9464285714286,320.4901960784314
Nippon India Small Cap Fund - Direct Plan Growth Plan - Growth Option,1565.5620681197297,367.86988349314356,29.8878239899363,15.425427612446008,14.462396377490293,3926.0,-1.6636705017577544,14.959993741907377,47.20094962374596,94.78603886533632,124.75823507323425,341.6385023379944,380.14297661513103
Nippon India Small Cap Fund - Direct Plan Growth Plan - Bonus Option,1565.5620681197297,367.86988349314356,29.8878239899363,15.425427612446008,14.462396377490293,3926.0,-1.6636705017577544,14.959993741907377,47.20094962374596,94.78603886533632,124.75823507323425,341.6385023379944,380.14297661513103
Quant Value Fund - Growth Option  - Direct Plan,111.06627958470699,52.058613606586476,30.139334555721998,15.927765099816282,14.211569455905716,1035.0,-7.69631344735279,2.2356221846175903,63.925342219708504,89.65654457669385,,,
Union Midcap Fund - Direct Plan - Growth Option,358.5365853658536,183.16027905003182,39.35427713615245,25.459215568645497,13.89506156750695,1675.0,-2.7844073190135212,13.095788986580295,41.558065450333046,64.1370047011417,74.6337977849232,204.73815461346638,
Tata Small Cap Fund-Direct Plan-Growth,380.0484901479545,147.43020719738274,30.32209973588813,16.526504508932007,13.795595226956124,2162.0,6.089106627988941,22.575963626768413,53.12224652150487,94.90779403636598,115.86181012296252,325.11351237196857,357.17584268599654
SBI Small Cap Fund - Direct Plan - Growth,1404.5421471567483,367.86988349314356,28.665827424217703,15.425427612446008,13.240399811771695,3926.0,-1.789184007737632,12.826543103386514,38.72519188466455,60.37663417190859,80.0860373972368,219.64314155353821,255.01417757082288
Invesco India Smallcap Fund - Direct Plan - Growth,345.02463054187194,147.43020719738274,28.665923624702394,16.526504508932007,12.139419115770387,2162.0,3.269318701417466,20.005313496280554,53.74404356705242,94.11259131929523,103.5601622352411,293.8099389712293,319.40575673166205
BANK OF INDIA Flexi Cap Fund Direct Plan -Growth,260.53130929791274,142.0959128472426,35.17542376358336,23.097201289165813,12.078222474417547,1553.0,-3.5532994923857837,10.497237569060772,56.1216105176664,85.90998043052836,90.66733567486202,225.62125107112254,
quant Quantamental Fund - Growth Option - Direct Plan,135.41749634939598,68.39919694512582,28.429219191001142,16.451262176099245,11.977957014901897,1249.0,-8.035707671222726,0.24791853413119094,46.69274264545137,81.825904823283,125.05892164327932,,
DSP Healthcare Fund - Direct Plan - Growth,339.5440639494721,151.99609056125988,28.864755593672832,17.152393950100354,11.712361643572478,2131.0,9.37331172339276,26.0335606553666,60.48355132778439,91.83787741740967,88.32558139534885,147.57643135075045,316.29124217216565
Mirae Asset Healthcare Fund Direct Growth,318.6380633733517,127.07516012810247,25.711323941961652,14.003589726071652,11.70773421589,2284.0,7.0750799124109625,24.482809070958318,57.32988165680475,79.30540335496926,77.68032410307814,140.85376210156826,291.94766906209696
quant ELSS Tax Saver Fund - Growth Option - Direct Plan,1169.1017509913524,367.86988349314356,26.646153084097435,15.425427612446008,11.220725471651427,3926.0,-6.371834256176179,2.6343363001110216,44.18610726064884,57.64653211983772,86.11771011734581,252.34753499292023,325.60997469474984
Mahindra Manulife Focused Fund - Direct Plan -Growth,180.14855767796595,96.98523219572333,30.051013340482125,18.877628337913066,11.17338500256906,1431.0,-4.947031039136304,7.658533789334916,45.11156207507521,67.62675964158643,80.71416659183333,,
Aditya Birla Sun Life PSU Equity Fund-Direct Plan-Growth,273.4020618556701,145.6607532440816,31.938477914776307,20.81385685086388,11.124621063912429,1735.0,-10.523715415019758,-2.266594711279016,60.33643204957946,111.93680514921004,151.87760778859524,345.51045510455094,
Motilal Oswal Midcap Fund-Direct Plan-Growth Option,1062.890241118137,334.2583997626726,25.827237714841857,14.74065305340726,11.086584661434596,3898.0,2.897506886278037,24.839379662891776,67.94265644039854,101.08379034818952,146.4196616758028,328.41198326555684,314.04265245389445
Axis Small Cap Fund - Direct Plan - Growth,1124.7715736040611,367.86988349314356,26.228209366051438,15.425427612446008,10.80278175360543,3926.0,0.9370816599732301,16.290726817042614,38.01624528086032,69.84372800225258,86.46058732612055,229.3475293475293,257.8760011865915
,,,,,,,,,,,,,
quant ESG Equity Fund - Growth Option - Direct Plan,245.77875504888453,96.9648298794093,36.33500542032246,18.453199773160488,17.881805647161972,1461.0,-8.464740034575454,6.21488743687709,34.38018044450965,57.121477212302075,100.23334991010289,245.77875504888453,
BANK OF INDIA Small Cap Fund Direct Plan Growth,447.0119521912351,151.96999061512574,33.244744035532435,16.89316945467003,16.351574580862405,2161.0,1.0859561936315174,20.359412667104973,35.671936758893295,87.05722070844688,102.73163528977483,251.6005121638925,425.5502392344498
Edelweiss Small Cap Fund - Direct Plan - Growth,390.67629029068615,134.76515206390926,31.811263246314823,15.97339246534677,15.837870780968053,2102.0,0.6347081964553725,17.59952606635071,33.50999435043448,81.25273922571222,99.65803025426456,242.91735765616363,349.72360670593565
ICICI Prudential Commodities Fund - Direct Plan - Growth Option,314.31372549019613,131.17800206854739,32.232524325157705,17.905751057008512,14.326773268149193,1857.0,-5.1615798922800815,-1.0999297917154198,23.495032144944474,47.04244954766876,80.05965061780998,227.3431448489543,311.4897760467381
Nippon India Small Cap Fund - Direct Plan Growth Plan - Bonus Option,1560.5533142185348,367.82142488916384,29.59448551898516,15.298825545828176,14.295659973156983,3956.0,-2.0421583713026057,13.106508347366102,35.33832824260673,88.90756593601672,120.34742517496957,290.21540809877206,378.37131899673017
Nippon India Small Cap Fund - Direct Plan Growth Plan - Growth Option,1560.5533142185348,367.82142488916384,29.59448551898516,15.298825545828176,14.295659973156983,3956.0,-2.0421583713026057,13.106508347366102,35.33832824260673,88.90756593601672,120.34742517496957,290.21463253693315,378.37131899673017
Union Midcap Fund - Direct Plan - Growth Option,363.1332082551594,183.13095134096272,38.839111280692194,24.956759719507037,13.882351561185157,1705.0,-3.4610872115760714,11.394404332129957,31.723585912486662,65.61556524656156,77.01685191825025,180.5113636363636,
Quant Value Fund - Growth Option  - Direct Plan,111.69906017812332,52.042864466925124,29.30977927095131,15.442028402157671,13.867750868793639,1065.0,-6.267075088997426,2.2842036193501123,43.67348574405418,82.22154456049401,,,
Tata Small Cap Fund-Direct Plan-Growth,372.6845457526407,147.40458015267174,29.51676444017446,16.280832158641488,13.235932281532971,2192.0,1.3093192093824657,20.679726424954605,40.83821095607328,82.65996498126192,110.4777622427128,270.78130602191777,339.040710284169
SBI Small Cap Fund - Direct Plan - Growth,1393.6946471751228,367.82142488916384,28.334424182348993,15.298825545828176,13.035598636520817,3956.0,-2.488332268959245,10.719184985426713,29.09152811954922,56.92307217142808,77.32965348266804,177.97730832096622,250.49487875082565
Invesco India Smallcap Fund - Direct Plan - Growth,356.3546798029557,147.40458015267174,28.76074846834744,16.280832158641488,12.479916309705953,2192.0,2.7278775781769724,20.876826722338205,41.781450872359954,97.27427597955707,109.02527075812274,261.0288386593921,327.7008310249307
BANK OF INDIA Flexi Cap Fund Direct Plan -Growth,263.09297912713475,142.07083829044876,34.62509924818637,22.610448599873312,12.014650648313062,1583.0,-3.260869565217389,7.863585118376569,41.00957995578483,80.09411764705884,94.85743380855398,194.15833973866262,
DSP Healthcare Fund - Direct Plan - Growth,348.05092272772134,151.96999061512574,28.82831715198808,16.89316945467003,11.935147697318051,2161.0,5.672190671259671,30.910296704247305,48.07410064903298,88.48756590692076,89.4154950143936,140.4204617665749,312.1743077621425
Motilal Oswal Midcap Fund-Direct Plan-Growth Option,1125.5323161834046,334.2134223949013,26.22052277765121,14.61911422108022,11.601408556570991,3928.0,6.632872514454216,30.866742845513116,61.81781243856085,112.80697067112533,156.27916535197704,304.81380563124435,333.7568115463396
Mirae Asset Healthcare Fund Direct Growth,312.9895689824838,127.05164131305044,25.07066911502349,13.80818759094231,11.262481524081181,2314.0,-1.5806012851179576,23.609802073515567,40.36589852503429,76.86375321336763,70.86556469342888,127.901167526473,275.4181948295912
Mahindra Manulife Focused Fund - Direct Plan -Growth,181.2821303210795,96.9648298794093,29.481785760283486,18.453199773160488,11.028585987122998,1461.0,-5.836983875477674,7.365109005890568,35.8914125401126,61.18531265313565,89.09522377084797,181.2821303210795,
Invesco India Focused Fund - Direct Plan - Growth,202.81124497991968,111.65121909124412,31.157140024013795,20.146926191617066,11.01021383239673,1491.0,1.583024587403162,17.85853849159828,53.486005089058544,87.32919254658384,84.2394624312767,176.697247706422,
Invesco India Flexi Cap Fund - Direct Plan - Growth,94.98997995991984,52.31796972036658,27.415759893188053,16.49474335981267,10.921016533375383,1006.0,1.0909090909090953,17.441158720579363,42.983100661278485,76.74841053587649,,,
quant Quantamental Fund - Growth Option - Direct Plan,130.36923251977015,68.38175536514134,26.89029521052173,16.032565842797485,10.857729367724247,1279.0,-8.459211086536314,-2.9763782672071257,31.073178100520092,68.79872160077815,118.96049821101869,,
Axis Small Cap Fund - Direct Plan - Growth,1135.2284263959393,367.82142488916384,26.10432119816055,15.298825545828176,10.805495652332375,3956.0,0.6119242537004836,15.568009118541035,29.326105442176875,67.93650793650792,84.62822458270105,199.38484251968504,262.22089907710625
,,,,,,,,,,,,,
quant ESG Equity Fund - Growth Option - Direct Plan,229.89411498244687,94.25956955453498,33.91035264919995,17.638456893774922,16.271895755425028,1492.0,-11.806067150397121,-3.0665949399381227,19.182355628592653,51.918488676809936,79.15039512930106,198.0763163504583,
BANK OF INDIA Small Cap Fund Direct Plan Growth,440.33864541832673,148.50924882133754,32.434028433199494,16.367125656852654,16.06690277634684,2192.0,-2.8648164726947205,7.086458744571661,31.96302602773048,88.498957609451,88.69565217391305,227.79456193353474,408.4348641049671
Edelweiss Small Cap Fund - Direct Plan - Growth,388.6988333003757,131.54071421919141,31.19252282225333,15.450339162761173,15.742183659492158,2133.0,-2.192539823884431,6.539779708145622,26.778156821504595,82.99518696778969,89.23047473200612,222.10492016943627,341.076209173657
Union Midcap Fund - Direct Plan - Growth Option,376.45403377110694,179.24222191715862,38.85331747630316,24.099223627091114,14.754093849212047,1736.0,-2.533103051237767,5.177055290950507,30.49845837615621,75.13793103448275,73.70041039671683,167.45655608214852,
Nippon India Small Cap Fund - Direct Plan Growth Plan - Bonus Option,1548.0855598690723,361.3960202082689,29.244327143529027,15.025550338853822,14.218776804675205,3987.0,-3.942885734497047,3.299180903619534,27.059272300469477,90.80707499086888,105.17490999950512,260.83162816536276,370.3241082678021
Nippon India Small Cap Fund - Direct Plan Growth Plan - Growth Option,1548.0855598690723,361.3960202082689,29.244327143529027,15.025550338853822,14.218776804675205,3987.0,-3.942885734497047,3.299180903619534,27.059272300469477,90.80707499086888,105.17490999950512,260.83162816536276,370.3241082678021
ICICI Prudential Commodities Fund - Direct Plan - Growth Option,303.03921568627453,128.00283278902347,30.927096615556394,17.273328718329584,13.65376789722681,1888.0,-11.38176331105842,-9.56885173779147,9.451544195953133,40.884167237834134,63.78486055776891,182.93186510667582,299.51409135082605
SBI Small Cap Fund - Direct Plan - Growth,1384.8337853431233,361.3960202082689,28.015987794154775,15.025550338853822,12.990437455300953,3987.0,-5.531387988352799,2.097025655020464,25.297933398124606,58.656549505712505,73.39192454093305,158.54368335645435,249.4679921742695
Invesco India Smallcap Fund - Direct Plan - Growth,365.615763546798,144.0065430752454,28.731596652584713,15.773304335843296,12.958292316741417,2223.0,1.3945505256382722,12.604241124612816,39.36891772338544,103.61912968548037,105.4782608695652,239.02439024390242,330.02729754322104
Tata Small Cap Fund-Direct Plan-Growth,365.3404743687835,144.0065430752454,28.719096729155712,15.773304335843296,12.945792393312416,2223.0,-3.25350212678928,8.75898169522385,33.54187637408858,81.11761270685969,99.75175731932028,246.7425829810234,334.56160048994593
Quant Value Fund - Growth Option  - Direct Plan,105.2610342961177,49.95459556544438,27.0595132442925,14.445769667904651,12.613743576387849,1096.0,-9.239016918471059,-4.315913094539046,25.899992756597534,74.99748296808406,105.2610342961177,,
Mirae Asset Healthcare Fund Direct Growth,330.368037787837,123.93314651721379,25.503951633228496,13.369449609201368,12.134502024027128,2345.0,1.5723343474928573,22.384217154050656,41.19584167366179,92.11069624423457,71.99150542708826,121.14684466019419,290.97085642767746
DSP Healthcare Fund - Direct Plan - Growth,350.11349057534795,148.50924882133754,28.465838377081543,16.367125656852654,12.098712720228889,2192.0,2.3173385378109814,25.557451962781474,42.60700997404871,95.08126603934987,82.40351929614079,128.20974682277594,310.7528818443804
Motilal Oswal Midcap Fund-Direct Plan-Growth Option,1173.2973327112638,328.24961482147813,26.43549239238132,14.35082503561902,12.084667356762301,3959.0,4.930143753594256,18.433714137456974,58.85349198368254,127.57679144555807,154.84059387646846,302.0823406976453,344.979567199284
BANK OF INDIA Flexi Cap Fund Direct Plan -Growth,261.19544592030365,138.74605875982314,33.69996867015617,21.749965191636853,11.950003478519314,1614.0,-3.449150393101698,1.4929352172753994,30.914718019257233,82.85302593659942,84.26911907066795,173.68799424874192,
Invesco India Flexi Cap Fund - Direct Plan - Growth,98.19639278557113,50.2259223203196,27.224521662646882,15.401142085513442,11.82337957713344,1037.0,-0.5530417295123149,10.19498607242341,36.319779462439705,85.0327408793265,,,
Invesco India Focused Fund - Direct Plan - Growth,208.5341365461847,108.74424505903045,31.021557240047738,19.302263537818032,11.719293702229706,1522.0,0.3264773098269717,10.93862815884477,45.08970727101039,97.74774774774777,83.46268656716418,162.64957264957266,
UTI Small Cap Fund - Direct Plan - Growth Option,182.77598093033836,97.97034258210647,29.653241899973402,18.603984862917542,11.04925703705586,1461.0,-0.04160635493367698,10.410600220902309,28.41883509188015,76.32275213854436,78.40672952717335,182.77598093033836,
Axis Small Cap Fund - Direct Plan - Growth,1146.7005076142134,361.3960202082689,25.983687678063315,15.025550338853822,10.958137339209493,3987.0,-2.299307820829024,7.823338308894543,26.402470406587742,71.36477811889479,78.41057678337934,186.71491944898435,257.18440954043047
Motilal Oswal Large and Midcap Fund - Direct Plan Growth,261.7727229100681,128.00283278902347,28.221340965934672,17.273328718329584,10.948012247605089,1888.0,2.75751330367268,17.61084589222753,48.04540366449992,107.2780563987506,113.91617717998923,206.37075208687241,251.02533060160178
