Date,Action,Qty,Price,Total
2005-01-04,BUY,0.09799595965720716,2103.75,206.15900012884956
2005-01-05,BUY,1.3562199805185382,2032.2,2756.1102444097733
2005-01-06,BUY,1.1824437226289808,1998.35,2362.9364131156235
2005-01-07,BUY,0.2395597211737819,2015.5,482.8326180257574
2005-01-10,BUY,0.8839664799910781,1982.0,1752.0215633423168
2005-01-11,BUY,1.3603477057064488,1952.05,2655.466738924273
2005-01-12,BUY,2.256283771656909,1913.6,4317.6246254426605
2005-01-13,BUY,0.8967303819640935,1954.55,1752.704368067919
2005-01-14,BUY,1.1288445444457844,1931.1,2179.9116997792544
2005-01-17,BUY,0.7200519675906025,1932.9,1391.7884481558756
2005-01-18,BUY,0.6049892186059698,1934.05,1170.0793982448758
2005-01-19,BUY,0.717761245255151,1926.65,1382.8747031708367
2005-01-20,BUY,0.4820752621304312,1925.3,928.1395021797192
2005-01-24,BUY,2.1638728212920957,1909.0,4130.833215846611
2005-01-25,BUY,1.6062126553276066,1931.85,3102.961918194637
2005-01-27,BUY,1.2053336374334753,1955.0,2356.4272611824445
2005-01-31,SELL,16.902689075378152,2057.6,34778.97304149809
2005-02-18,BUY,0.05440937243880177,2055.55,111.84118551657899
2005-02-21,BUY,0.2876170505523325,2043.2,587.6591576885257
2005-02-24,BUY,0.013615418388434473,2055.3,27.983769413749375
2005-02-25,SELL,0.3556418413795687,2060.9,732.9422708991532
2005-03-29,BUY,0.5334820774958712,1983.85,1058.348419440184
2005-03-30,BUY,0.19565671989363026,1993.7,390.08080245193065
2005-04-01,SELL,0.7291387973895014,2067.65,1507.6038344224025
2005-04-15,BUY,1.5629908213008838,1956.3,3057.678943710919
2005-04-18,BUY,2.3070510473254777,1927.8,4447.533009034056
2005-04-19,BUY,2.715825446894175,1909.4,5185.5971082997385
2005-04-20,BUY,2.141504580306957,1929.7,4132.461388618335
2005-04-21,BUY,1.7718798122634767,1948.55,3452.5964081859975
2005-04-22,BUY,1.3804749725904883,1967.35,2715.877437325897
2005-04-25,BUY,1.286627515039108,1970.95,2535.87850076633
2005-04-26,BUY,1.7734745387531015,1957.1,3470.867019793695
2005-04-27,BUY,2.9973873590116553,1935.4,5801.143494631158
2005-04-28,BUY,2.837822876889996,1941.3,5509.065550906549
2005-04-29,BUY,3.922021417169291,1902.5,7461.645746164576
2005-05-02,BUY,3.710953807902475,1916.75,7112.970711297069
2005-05-03,BUY,3.5741120352927,1920.7,6864.796986186689
2005-05-04,BUY,2.934168731444082,1942.6,5699.916177703273
2005-05-05,BUY,2.3847809968405924,1963.3,4682.040531097135
2005-05-06,BUY,2.120289313476823,1977.5,4192.872117400417
2005-05-09,BUY,1.516489481992355,2000.75,3034.1163310962042
2005-05-10,BUY,1.6831185662354506,1994.3,3356.6433566433593
2005-05-11,BUY,1.9014697128446245,1985.95,3776.2237762237824
2005-05-12,BUY,1.7056179024799518,1993.15,3399.552322327916
2005-05-13,BUY,1.7949652070631383,1988.3,3568.9293212036378
2005-05-16,BUY,1.1126543781871847,2012.6,2239.328201539528
2005-05-17,BUY,1.7020326546077171,1990.8,3388.4066087930432
2005-05-18,BUY,1.859582994170083,1982.75,3687.088181690732
2005-05-19,BUY,1.8316617599853116,1990.85,3646.563814866757
2005-05-20,BUY,1.86543366897999,1992.4,3716.690042075732
2005-05-23,BUY,1.2824959735899457,2013.9,2582.8186412127916
2005-05-24,BUY,0.8796508647709109,2028.6,1784.4597442742697
2005-05-25,BUY,1.6038342459196118,2043.85,3277.9966235227985
2005-05-26,BUY,0.8819093826576712,2074.7,1829.6973961998701
2005-05-27,BUY,0.8134036999836376,2076.4,1688.9514426460253
2005-05-30,BUY,1.1487246614110302,2072.4,2380.6169883082193
2005-05-31,BUY,0.8373241451323924,2087.55,1747.956019171126
2005-06-01,BUY,0.8511893349381112,2087.55,1776.9002961500541
2005-06-02,BUY,1.3871578646876312,2064.65,2863.995485327318
2005-06-03,BUY,0.6739561198964544,2094.25,1411.4326040931496
2005-06-04,BUY,0.6083993793109522,2092.35,1272.9844413012709
2005-06-06,BUY,0.5213662102261165,2092.8,1091.1152047612168
2005-06-07,BUY,0.3245927449788683,2098.15,681.0442678774126
2005-06-09,BUY,0.40493906881831226,2103.2,851.6678495386743
2005-06-10,BUY,0.5985095832742368,2090.6,1251.2441347931192
2005-06-13,BUY,0.4742128151948644,2102.75,997.1509971510011
2005-06-14,BUY,0.1689530320201271,2112.35,356.88793718771547
2005-06-20,BUY,0.7045642656862385,2144.35,1510.8323831242856
2005-06-21,BUY,0.05921566872912288,2170.0,128.49800114219664
2005-06-28,BUY,0.1641244123443319,2169.85,356.12535612534856
2005-07-04,SELL,70.78291507261766,2230.65,157891.90950673458
2005-07-14,BUY,0.09757888252468945,2185.1,213.2196162046989
2005-07-19,SELL,0.09757888252468945,2237.3,218.31323387248773
2005-10-27,BUY,0.8619031951940304,2352.9,2027.972027972034
2005-10-28,BUY,1.685042950884177,2316.05,3902.643726395299
2005-10-31,BUY,0.18296848266958063,2370.95,433.80912398544217
2005-11-07,SELL,2.729914628747788,2461.6,6719.957850125555
2008-06-24,BUY,0.2895321887608248,4191.1,1213.458356315493
2008-06-27,BUY,0.6133540687898821,4136.65,2537.2311086596656
2008-06-30,BUY,1.1577251674695856,4040.55,4677.846425419235
2008-07-01,BUY,2.0703258391951436,3896.75,8067.542213883676
2008-07-02,BUY,0.8306910278893369,4093.35,3400.309119010817
2008-07-03,BUY,1.8566619686320482,3925.75,7288.790723357263
2008-07-04,BUY,1.2237081491812989,4016.0,4914.411927112096
2008-07-07,BUY,1.1372464659723502,4030.0,4583.103257868572
2008-07-08,BUY,1.3844156783940358,3988.55,5521.811154058531
2008-07-09,BUY,0.3666874905303996,4157.1,1524.3565668839244
2008-07-10,BUY,0.33184745317698805,4162.2,1381.2154696132595
2008-07-11,BUY,1.0291744194848889,4049.0,4167.127224494315
2008-07-14,BUY,1.0653200495426935,4039.7,4303.573404137619
2008-07-15,BUY,2.170481372373328,3861.1,8380.445626870656
2008-07-16,BUY,2.4703880039353616,3816.7,9428.729894620094
2008-07-17,BUY,1.6299456767208462,3947.2,6433.721575152524
2008-07-18,BUY,0.7318732529702655,4092.25,2995.008319467569
2008-07-21,BUY,0.41073530875146963,4159.5,1708.4535167517379
2008-07-29,BUY,0.7148247119747888,4189.85,2995.008319467569
2008-08-21,BUY,0.0464136506692922,4283.85,198.82911741964742
2008-08-27,BUY,0.012865057091068315,4292.1,55.21811154057432
2008-08-28,BUY,0.38794902412733995,4214.0,1634.8171876726105
2008-09-15,BUY,0.8400976095862628,4072.9,3421.63355408389
2008-09-16,BUY,0.8182869399727152,4074.9,3334.4374516948174
2008-09-17,BUY,1.2260742037328252,4008.25,4914.411927112096
2008-09-18,BUY,1.0392324398758028,4038.15,4196.5764770844735
2008-09-23,BUY,0.5084417452669647,4126.9,2098.2882385422367
2008-09-24,BUY,0.3052007366616917,4161.25,1270.0165654334644
2008-09-25,BUY,0.6044969698279635,4110.55,2484.8150193263355
2008-09-26,BUY,1.3664659945755881,3985.25,5445.708604882363
2008-09-29,BUY,2.2386162596295507,3850.05,8618.784530386753
2008-09-30,BUY,1.7612152779930372,3921.2,6906.077348066297
2008-10-01,BUY,1.5636216349766299,3950.75,6177.47817438392
2008-10-03,BUY,2.4348340409300784,3818.3,9296.926818483318
2008-10-06,BUY,3.9998709419998875,3602.35,14408.935087913294
2008-10-07,BUY,3.9566105208298037,3606.6,14269.91150442477
2008-10-08,BUY,4.683043454386945,3513.65,16454.575633506687
2008-10-10,BUY,6.74629743268487,3279.95,22127.51826433474
2008-10-13,BUY,4.904120370562315,3490.7,17118.812977521873
2008-10-14,BUY,4.6579306437339545,3518.65,16389.62765957448
2008-10-15,BUY,6.18028981970699,3338.4,20632.279534109817
2008-10-16,BUY,6.81986145196988,3269.3,22296.17304492513
2008-10-17,BUY,8.803812548754157,3074.35,27066.001109262343
2008-10-20,BUY,8.098879647877762,3122.8,25291.18136439268
2008-10-21,BUY,7.041395175523443,3234.9,22778.20925330079
2008-10-22,BUY,8.762718139404091,3065.15,26859.04550499445
2008-10-23,BUY,10.098475394088616,2943.15,29721.32785611191
2008-10-24,BUY,15.07137942896457,2584.0,38944.44444444445
2008-10-27,BUY,16.07147321440973,2524.2,40567.61268781303
2008-10-28,BUY,13.688567988296528,2684.6,36748.32962138086
2008-10-29,BUY,13.50151235518441,2697.05,36414.253897550116
2008-10-31,BUY,10.392204901297369,2885.6,29987.74646318369
2008-11-03,BUY,8.455791697977423,3043.85,25738.161559888576
2008-11-04,BUY,7.428986469049716,3142.1,23342.61838440111
2008-11-05,BUY,8.992211165166713,2994.95,26931.222829116046
2008-11-06,BUY,10.160952867552488,2892.65,29392.080312325706
2008-11-07,BUY,9.20281341866278,2973.0,27359.964293684447
2008-11-10,BUY,7.335534129481063,3148.25,23094.095323138758
2008-11-11,BUY,9.578795402758791,2938.65,28148.727110317122
2008-11-12,BUY,10.643773967051873,2848.45,30318.257956448906
2008-11-14,BUY,11.125820041231693,2810.35,31267.448352875486
2008-11-17,BUY,11.260267492562198,2799.55,31523.681858802505
2008-11-18,BUY,12.80492775261962,2683.15,34357.541899441334
2008-11-19,BUY,13.484146587090413,2635.0,35530.72625698324
2008-11-20,BUY,14.704149556955437,2553.15,37541.89944134078
2008-11-21,BUY,12.652253537471566,2693.45,34078.212290502786
2008-11-24,BUY,12.442931366375879,2708.25,33698.568872987475
2008-11-25,BUY,13.170782694308027,2654.0,34955.2572706935
2008-11-26,BUY,11.826809181749402,2752.25,32550.33557046979
2008-11-28,BUY,11.762998202373415,2755.1,32408.236347358998
2008-12-01,BUY,12.73045408861907,2682.9,34154.5352743561
2008-12-02,BUY,13.082412796344034,2657.8,34770.436730123176
2008-12-03,BUY,13.10739094725038,2656.45,34819.12868182327
2008-12-04,BUY,11.315740999404957,2788.0,31548.28590634102
2008-12-05,BUY,12.269172309990374,2714.4,33303.44131823787
2008-12-08,BUY,11.341952411343403,2784.0,31575.995513180034
2008-12-10,BUY,9.55742834119387,2928.25,27986.53954010095
2008-12-11,BUY,9.660764186229606,2920.15,28210.880538418387
2008-12-12,BUY,9.637597442565603,2921.35,28154.795288839025
2008-12-15,BUY,8.943940061267194,2981.2,26663.674110649754
2008-12-16,BUY,8.269715668992998,3041.75,25154.407636159453
2008-12-17,BUY,9.219969069247906,2954.35,27239.01561973255
2008-12-18,BUY,8.020059406670455,3060.75,24547.396828966594
2008-12-19,BUY,7.831883609141842,3077.5,24102.62180713402
2008-12-22,BUY,8.217238706014188,3039.3,24974.65359918892
2008-12-23,BUY,8.967559464157544,2968.65,26621.545403271295
2008-12-24,BUY,9.552215625295819,2916.85,27862.38014664411
2008-12-26,BUY,10.281654149160746,2857.25,29377.25631768954
2008-12-29,BUY,9.484964057277105,2922.2,27716.961968175154
2008-12-30,BUY,8.820717440327828,2979.5,26281.32761345676
2008-12-31,BUY,9.044671546903018,2959.15,26764.539808018068
2009-01-01,BUY,8.208866396594964,3033.45,24901.185770750988
2009-01-02,BUY,8.059037976622454,3046.75,24553.873955274463
2009-01-05,BUY,7.278859678278858,3121.45,22720.59654276354
2009-01-06,BUY,7.368881106188842,3112.8,22937.85310734463
2009-01-07,BUY,9.479391802221967,2920.4,27683.615819209033
2009-01-09,BUY,10.040353802868589,2873.0,28845.936475641458
2009-01-12,BUY,10.940962180674122,2773.1,30340.382223227407
2009-01-13,BUY,11.365733615447308,2744.95,31198.370487722088
2009-01-14,BUY,10.199651491281864,2835.3,28919.07187323147
2009-01-15,BUY,11.51838136177832,2736.7,31522.354272778728
2009-01-16,BUY,10.324395818007437,2828.45,29202.037351443134
2009-01-19,BUY,10.117991209024703,2846.2,28797.82657912611
2009-01-20,BUY,10.734195225638903,2796.6,30019.250368021756
2009-01-21,BUY,11.894753462896212,2706.15,32188.987083616586
2009-01-22,BUY,11.865114041292934,2713.8,32199.546485260766
2009-01-23,BUY,11.365170286441659,2678.55,30442.176870748306
2009-01-27,BUY,10.163443369540065,2771.35,28166.458782174857
2009-01-28,BUY,9.020272604898688,2849.5,25703.266787658813
2009-01-29,BUY,8.952295589483423,2823.95,25280.835129921714
2009-01-30,BUY,8.331034073218655,2874.8,23950.05675368899
2009-02-02,BUY,9.194368443576696,2766.65,25437.599454421466
2009-02-03,BUY,8.949558449627531,2783.9,24914.675767918085
2009-02-04,BUY,8.705777769011119,2803.05,24402.730375426618
2009-02-05,BUY,8.982413477925226,2780.05,24971.558589306027
2009-02-06,BUY,8.182995303600928,2843.1,23265.073947667795
2009-02-09,BUY,7.2377453541596575,2919.9,21133.492659610783
2009-02-10,BUY,7.059850561970895,2934.5,20717.13147410359
2009-02-11,BUY,7.158899497396621,2925.7,20944.792259533293
2009-02-12,BUY,7.542157338176328,2893.05,21819.838287211027
2009-02-13,BUY,6.860759485108699,2948.35,20227.920227920233
2009-02-16,BUY,8.052173602621712,2848.5,22936.61650706795
2009-02-17,BUY,9.030845214050274,2770.5,25019.956665526282
2009-02-18,BUY,8.941584737855562,2776.15,24823.180469997722
2009-02-19,BUY,8.767309691147458,2789.35,24455.095287002165
2009-02-20,BUY,9.448798400687622,2736.45,25856.16438356164
2009-02-24,BUY,9.47848934091679,2733.9,25913.242009132413
2009-02-25,BUY,9.108665992677734,2762.5,25162.689804772242
2009-02-26,BUY,8.798272639150605,2785.65,24508.908177249883
2009-02-27,BUY,9.071838973246376,2763.65,25071.387778412347
2009-03-02,BUY,10.270701089159811,2674.6,27470.01713306683
2009-03-03,BUY,11.019589956266605,2622.4,28897.772701313545
2009-03-04,BUY,10.68401868765288,2645.2,28261.3662325794
2009-03-05,BUY,11.690251771790484,2576.7,30122.271740372536
2009-03-06,BUY,11.035355118709125,2620.15,28914.285714285714
2009-03-09,BUY,11.747691128994198,2573.15,30228.57142857142
2009-03-12,BUY,11.081101844054992,2617.45,29004.230021721734
2009-03-13,BUY,9.630005414775422,2719.25,26186.392224128063
2009-03-16,BUY,8.873040937812489,2777.25,24642.652944539732
2009-03-17,BUY,9.123368584889123,2757.45,25157.23270440251
2009-03-18,BUY,8.633510997487013,2794.7,24128.073184676956
2009-03-19,BUY,8.445042777016488,2807.15,23706.501831501835
2009-03-20,BUY,8.423547922924188,2807.05,23645.32019704434
2009-03-23,BUY,6.806070956041771,2939.9,20009.168003667204
2009-03-24,BUY,6.799488782991023,2938.7,19981.65768657572
2009-03-25,BUY,6.282775143666128,2984.35,18750.000000000007
2009-03-26,BUY,5.208872048522877,3082.25,16055.045871559636
2009-03-27,BUY,5.050855482928781,3108.65,15701.341897006554
2009-03-30,BUY,6.456694300265274,2978.15,19229.004130335026
2009-03-31,BUY,5.9570988546381445,3020.95,17996.0977849191
2009-04-01,BUY,5.496020852765974,3060.35,16819.747416762348
2009-04-02,BUY,3.921908568330655,3211.05,12593.44450833815
2009-04-06,BUY,3.4440918379606167,3256.6,11216.029479502544
2009-04-08,BUY,2.656774785437484,3342.95,8881.465268978236
2009-04-09,BUY,2.6543491994241495,3342.05,8870.96774193548
2009-04-13,BUY,2.2989705244050502,3382.6,7776.497695852523
2009-04-15,BUY,1.4951060308937099,3484.15,5209.17367753832
2009-04-16,BUY,2.4771578842238706,3369.5,8346.783490892332
2009-04-17,BUY,2.3376163872279156,3384.4,7911.428900934157
2009-04-20,BUY,2.3907547192558942,3377.1,8073.81776239908
2009-04-21,BUY,2.536231176237872,3365.3,8535.178777393312
2009-04-22,BUY,2.8196136654834114,3330.3,9390.159390159406
2009-04-23,BUY,1.9922333290168273,3423.7,6820.809248554911
2009-04-24,BUY,1.4447753312085188,3480.75,5028.901734104052
2009-04-27,BUY,1.2699314237031205,3470.0,4406.662040249828
2009-04-28,BUY,2.1686221442344418,3362.35,7291.666666666675
2009-04-29,BUY,1.2493783093532658,3473.95,4340.277777777777
2009-05-06,BUY,0.07982009954396654,3625.05,289.35185185185594
2009-05-08,BUY,0.11188239638539349,3620.7,405.0925925925942
2009-05-11,BUY,0.814020851437157,3554.6,2893.5185185185182
2009-05-13,BUY,0.17511149826671363,3635.25,636.5740740740707
2009-05-14,BUY,0.4992365224175917,3593.45,1793.9814814814947
2009-05-18,SELL,1171.8626198692823,4323.15,5066137.885087888
2011-08-04,BUY,0.12234310489135973,5331.8,652.3089666597518
2011-08-05,BUY,0.5465608342704547,5211.25,2848.265147591907
2011-08-08,BUY,0.88022615944123,5118.5,4505.437597099935
2011-08-09,BUY,1.0884610234375691,5072.85,5521.599502745273
2011-08-10,BUY,0.7371229392718974,5161.0,3804.291489582263
2011-08-11,BUY,0.8272983682942061,5138.3,4250.907205806119
2011-08-12,BUY,1.0729920138583977,5072.95,5443.234836702959
2011-08-16,BUY,1.2089337460563148,5035.8,6087.94855839039
2011-08-17,BUY,1.0565050926417527,5056.6,5342.323651452288
2011-08-18,BUY,1.5001592686574596,4944.15,7417.012448132778
2011-08-19,BUY,1.9082218778627782,4845.65,9246.57534246577
2011-08-22,BUY,1.6746000313213814,4898.8,8203.530633437183
2011-08-23,BUY,1.4583099505397923,4948.9,7217.030114226378
2011-08-24,BUY,1.7079049921597749,4888.9,8349.776716169923
2011-08-25,BUY,1.9125921927394274,4839.6,9256.181175981734
2011-08-26,BUY,2.308656422140561,4747.8,10961.038961038957
2011-08-29,BUY,1.573351439194189,4919.6,7740.259740259732
2011-08-30,BUY,1.2465039459640532,5001.0,6233.7662337662305
2011-09-02,BUY,1.0886615895448908,5040.0,5486.85441130625
2011-09-05,BUY,1.1647568840261378,5017.2,5843.818238535938
2011-09-06,BUY,0.9715894129940007,5064.3,4920.420264225518
2011-09-07,BUY,0.7309958367451961,5124.65,3746.097814776269
2011-09-08,BUY,0.6259751519163421,5153.25,3225.8064516128898
2011-09-09,BUY,0.9852671694011923,5059.45,4984.909980226862
2011-09-12,BUY,1.4225900327348913,4946.8,7037.2683739329605
2011-09-13,BUY,1.4394723121278585,4940.95,7112.360720608142
2011-09-14,BUY,1.1429644924572635,5012.55,5729.166666666656
2011-09-15,BUY,0.8868543628643377,5075.7,4501.406689590519
2011-09-16,BUY,0.8487381616017785,5084.25,4315.196998123843
2011-09-19,BUY,1.0484562399266295,5031.95,5275.779376498803
2011-09-20,BUY,0.6210177087218011,5140.2,3192.1552263718017
2011-09-21,BUY,0.6303819494399118,5133.25,3235.908141962427
2011-09-22,BUY,1.4569346639060239,4923.65,7173.436357940894
2011-09-23,BUY,1.6743814327842976,4867.75,8150.470219435765
2011-09-26,BUY,1.7856274392888316,4835.4,8634.222919937216
2011-09-27,BUY,1.2111526091781692,4971.25,6020.942408376974
2011-09-28,BUY,1.3126319975856062,4945.9,6492.146596858649
2011-09-29,BUY,1.027515247081033,5015.45,5153.451345972566
2011-09-30,BUY,1.3120417153807191,4943.25,6485.750209555739
2011-10-03,BUY,1.6987586710040332,4849.5,8238.130175034059
2011-10-04,BUY,2.0317921212636776,4772.15,9696.01677148846
2011-10-05,BUY,2.117924164283669,4751.3,10062.893081760996
2011-10-07,BUY,1.5273289063769369,4888.05,7465.660060815786
2011-10-10,BUY,1.0931952902770934,4979.6,5443.675267463815
2011-10-11,BUY,1.1094581766206515,4974.35,5518.833280872938
2011-10-12,BUY,0.644204136954656,5099.4,3285.054575986572
2011-10-13,BUY,0.723641045405968,5077.85,3674.540682414695
2011-10-14,BUY,0.5054250255525087,5132.3,2593.9928586431406
2011-10-17,BUY,0.5541219076406014,5118.25,2836.1344537815085
2011-10-18,BUY,1.0843046896177817,5037.5,5462.184873949575
2011-10-19,BUY,0.6910026388389048,5139.15,3551.166211388957
2011-10-20,BUY,0.9184834863428787,5091.9,4676.826064109304
2011-10-21,BUY,1.0821998586199564,5049.95,5465.0551760378485
2011-10-24,BUY,0.9565885696419544,5098.35,4877.023334034058
2011-10-25,BUY,0.6399700902282502,5191.6,3322.4687204289844
2011-10-26,BUY,0.5963316346169745,5201.8,3101.997896950578
2011-10-31,BUY,0.11844606812946869,5326.6,630.9148264984279
2011-11-09,BUY,0.24963224690742344,5221.05,1303.3424427160032
2011-11-11,BUY,0.4190319226116167,5168.85,2165.9131531910552
2011-11-14,BUY,0.4391267354173693,5148.35,2260.7781282860133
2011-11-15,BUY,0.6950000554962712,5068.5,3522.6077812828507
2011-11-16,BUY,0.840573554575515,5030.45,4228.463237614399
2011-11-17,BUY,1.213223134293099,4934.75,5986.95286195287
2011-11-18,BUY,1.3323319517801913,4905.8,6536.1540890432625
2011-11-21,BUY,1.8724807561297576,4778.35,8947.368421052628
2011-11-22,BUY,1.728010114327553,4812.35,8315.7894736842
2011-11-23,BUY,2.1918408723526683,4706.45,10315.789473684215
2011-11-24,BUY,1.9676186824402364,4756.45,9358.879882092862
2011-11-25,BUY,2.1709659229716967,4710.05,10225.35804549284
2011-11-28,BUY,1.552218806146834,4851.3,7530.279094260137
2011-11-29,BUY,1.7424877326397836,4805.1,8372.827804107425
2011-11-30,BUY,1.6286638346404692,4832.05,7869.78508217448
2011-12-01,BUY,1.1805938685189232,4936.85,5828.414839797647
2011-12-02,BUY,0.7142033407454355,5050.15,3606.834001265561
2011-12-05,BUY,0.7535930374032114,5039.15,3797.4683544303925
2011-12-07,BUY,0.656339590354086,5062.6,3322.784810126596
2011-12-08,BUY,1.1308885741462422,4943.65,5590.71729957807
2011-12-09,BUY,1.4502037333563689,4866.7,7057.70650912544
2011-12-12,BUY,1.884855501883023,4764.6,8980.582524271853
2011-12-13,BUY,1.7217841436029748,4800.6,8265.596959780441
2011-12-14,BUY,1.873282835613724,4763.25,8922.914466737071
2011-12-15,BUY,1.9466967942653735,4746.35,9239.704329461456
2011-12-16,BUY,2.3836196567533228,4651.6,11087.645195353756
2011-12-19,BUY,2.5523017561415537,4613.1,11774.023231256602
2011-12-20,BUY,2.8774312643961037,4544.2,13075.623151668775
2011-12-21,BUY,2.1724123342841235,4693.15,10195.456946645534
2011-12-22,BUY,1.9975052275632434,4733.85,9455.89012150026
2011-12-23,BUY,2.082338861490978,4714.0,9816.145393068471
2011-12-26,BUY,1.7826290057758307,4779.0,8519.184018602695
2011-12-27,BUY,1.9096274804208109,4750.5,9071.685345739063
2011-12-28,BUY,2.1014381501015253,4705.8,9888.947646747758
2011-12-29,BUY,2.361307080243797,4646.25,10971.223021582742
2011-12-30,BUY,2.459974780109718,4624.3,11375.66137566137
2012-01-02,BUY,2.407725489625527,4636.75,11164.021164021162
2012-01-03,BUY,1.8209239034790385,4765.3,8677.248677248663
2012-01-04,BUY,1.8937624866482778,4749.65,8994.708994708992
2012-01-05,BUY,1.8814705729152377,4749.95,8936.891147818733
2012-01-06,BUY,1.8494295200681377,4754.1,8792.372881355934
2012-01-07,BUY,1.8857088176369141,4746.9,8951.271186440666
2012-01-09,BUY,1.8985066391447223,4742.8,9004.23728813559
2012-01-10,BUY,1.4416853983831108,4849.55,6991.525423728815
2012-01-11,BUY,1.3594001668365883,4860.95,6607.976240984313
2012-01-12,BUY,1.4721917804456675,4831.25,7112.526539278131
2012-01-13,BUY,1.461678285918235,4866.0,7112.526539278131
2012-01-16,BUY,1.426637984055544,4873.9,6953.290870488316
2012-01-17,BUY,1.057873909380083,4967.3,5254.777070063687
2012-01-18,BUY,1.097093442486932,4955.8,5436.975682276739
2012-01-19,BUY,0.8405108300476773,5018.4,4218.019549511264
2012-01-20,BUY,0.7014663372266179,5048.6,3541.4229501223035
2012-01-23,BUY,0.6916233396097788,5046.25,3490.1042775058463
2012-01-24,BUY,0.5293591594104523,5127.35,2714.209686003183
2012-01-25,BUY,0.4230098498256226,5158.3,2182.011708355509
2012-01-27,BUY,0.24338886407754126,5204.7,1266.766020864379
2012-01-30,BUY,0.6823676204775461,5087.3,3471.4087956554204
2012-01-31,BUY,0.24795000418082727,5199.25,1289.1540592371662
2012-02-01,BUY,0.10181046288208541,5235.7,533.0490405117346
2012-02-27,BUY,0.3259120975963347,5281.2,1721.2069698257628
2012-03-05,BUY,0.13067717697169695,5280.35,690.0212314225
2012-03-06,BUY,0.33140479328278044,5222.4,1730.7283924399924
2012-03-07,BUY,0.33570335322940126,5220.45,1752.5225703664278
2012-03-16,BUY,0.04990556071312961,5317.9,265.39278131635194
2012-03-19,BUY,0.2605210415378017,5257.05,1369.5721414163004
2012-03-20,BUY,0.1932834500425785,5274.85,1019.5412064570952
2012-03-22,BUY,0.36566148744582233,5228.45,1911.8428040361096
2012-03-23,BUY,0.1631526762682808,5278.2,861.1524558792397
2012-03-26,BUY,0.4904901778751871,5184.25,2542.8237046494387
2012-03-27,BUY,0.26591081740104355,5243.15,1394.2103022562815
2012-03-28,BUY,0.4405315566456603,5194.75,2288.4513038850437
2012-03-29,BUY,0.5035423096775631,5178.85,2607.770090473648
2012-03-30,BUY,0.08039927526284123,5295.55,425.7583821181389
2012-04-09,BUY,0.29485215787449987,5234.4,1543.374135178282
2012-04-10,BUY,0.2638864028308739,5243.6,1383.7147418839704
2012-04-11,BUY,0.3238221348147771,5226.85,1692.569725356618
2012-04-12,BUY,0.13318562280937607,5276.85,702.8005537216561
2012-04-13,BUY,0.4868316079700674,5207.45,2535.1512569237275
2012-04-16,BUY,0.366988286365934,5226.2,1917.9541822056442
2012-04-17,BUY,0.13500452710479632,5289.7,714.133447026241
2012-04-18,BUY,0.09051776159633086,5300.0,479.74413646055353
2012-04-19,BUY,0.03998567553160026,5332.4,213.21961620470523
2012-04-20,BUY,0.16936703620947952,5290.85,896.0955835289247
2012-04-23,BUY,0.4825103448678001,5200.6,2509.343299519481
2012-04-24,BUY,0.39268261070280663,5222.65,2050.843836787013
2012-04-25,BUY,0.4621003755951846,5202.0,2403.84615384615
2012-04-26,BUY,0.5147311950164138,5189.0,2670.9401709401714
2012-04-27,BUY,0.8090808967007769,5190.6,4199.615302415053
2012-04-28,BUY,0.7387616651236492,5209.0,3848.209513629088
2012-04-30,BUY,0.6008581894575428,5248.15,3153.3939070016027
2012-05-02,BUY,0.7345102762144792,5239.15,3848.209513629088
2012-05-03,BUY,0.9271185513908635,5188.4,4810.261892036356
2012-05-04,BUY,1.3238775762703616,5086.85,6734.36664885089
2012-05-07,BUY,1.2227526489538354,5114.15,6253.3404596472565
2012-05-08,BUY,1.6558086214085,4999.95,8278.960316611428
2012-05-09,BUY,1.7814283614806636,4974.8,8862.249812694006
2012-05-10,BUY,1.805251110548105,4965.7,8964.335439648725
2012-05-11,BUY,1.9521134951308032,4928.9,9621.772206150215
2012-05-14,BUY,1.8672291328627226,4907.8,9163.98713826367
2012-05-15,BUY,1.750485509194631,4942.8,8652.299774847223
2012-05-16,BUY,2.108019732058,4858.25,10241.28686327078
2012-05-17,BUY,2.058808601592238,4870.2,10026.809651474518
2012-05-18,BUY,1.9731315930513622,4891.45,9651.474530831085
2012-05-21,BUY,2.218631791086415,4906.05,10884.718498659506
2012-05-22,BUY,2.4100862905794704,4860.5,11714.224415361516
2012-05-23,BUY,2.5053578736902153,4835.65,12115.03380191009
2012-05-24,BUY,2.1178787124407186,4921.4,10422.928295405753
2012-05-25,BUY,2.1272637850293252,4920.4,10466.98872785829
2012-05-28,BUY,1.862565100216581,4985.65,9286.097691894796
2012-05-29,BUY,1.8550475646246958,4990.1,9256.872852233695
2012-05-30,BUY,2.0266224524478367,4950.75,10033.301106456127
2012-05-31,BUY,2.129838512741624,4924.25,10487.857296367943
2012-06-01,BUY,2.4971649963259486,4841.6,12090.274046211714
2012-06-04,BUY,2.582459382804509,4848.15,12520.150456743679
2012-06-05,BUY,2.5133505667393363,4863.3,12223.177811223415
2012-06-06,BUY,1.9581249597885053,4997.1,9784.94623655914
2012-06-07,BUY,1.7461020666927949,5049.65,8817.204301075271
2012-06-08,BUY,1.8775595671684238,5068.35,9516.12903225808
2012-06-11,BUY,1.9254036912009924,5054.1,9731.182795698936
2012-06-12,BUY,1.6919630912438948,5115.9,8655.91397849464
2012-06-13,BUY,1.6882115372647366,5121.45,8646.090977524485
2012-06-14,BUY,1.9387534381483202,5054.75,9799.913941480221
2012-06-15,BUY,1.6119756897946214,5139.05,8284.023668639049
2012-06-18,BUY,1.9013343941858671,5064.25,9628.832705755778
2012-06-19,BUY,1.7438069581490672,5103.85,8900.129143349117
2012-06-20,BUY,1.681735383583185,5120.55,8611.410118406879
2012-06-21,BUY,1.5109565188395433,5165.0,7804.090419806241
2012-06-22,BUY,1.5792730928083658,5146.05,8127.018299246492
2012-06-25,BUY,1.7047212898022277,5114.65,8719.052744886963
2012-06-26,BUY,1.6711429474236146,5120.8,8557.588805166846
2012-06-27,BUY,1.591014919093437,5141.9,8180.839612486543
2012-06-28,BUY,1.567869839877739,5149.15,8073.196986006459
2012-06-29,BUY,1.0870801539400123,5278.9,5738.587424633931
2012-07-02,BUY,1.0813722189070327,5278.6,5708.131394722664
2012-07-03,BUY,1.04313629570554,5287.95,5516.052574876109
2012-07-04,BUY,0.9856188255553026,5302.55,5226.29310344827
2012-07-05,BUY,0.9001292626076323,5327.3,4795.258620689639
2012-07-06,BUY,0.9322819570851952,5316.95,4956.896551724129
2012-07-09,BUY,1.082662463920783,5275.15,5711.206896551717
2012-07-10,BUY,0.8265321163770125,5345.35,4418.103448275864
2012-07-11,BUY,0.9626875760945889,5306.3,5108.309085030717
2012-07-12,BUY,1.2169964613820137,5235.25,6371.280724450187
2012-07-13,BUY,1.3922479377005157,5227.25,7277.628032345021
2012-07-16,BUY,1.5558715415406679,5197.25,8086.253369272236
2012-07-17,BUY,1.5618475470141668,5192.85,8110.440034512517
2012-07-18,BUY,1.4786444143710917,5216.3,7713.052858683926
2012-07-19,BUY,1.3991818777798575,5242.7,7335.490830636459
2012-07-20,BUY,1.5129133266255324,5205.1,7874.865156418559
2012-07-23,BUY,1.728375412582445,5117.95,8845.738942826325
2012-07-24,BUY,1.7612513565896568,5128.2,9032.049206863077
2012-07-25,BUY,1.8271902984264365,5109.6,9336.211548839721
2012-07-26,BUY,2.0439439385772373,5043.0,10307.609282245008
2012-07-27,BUY,1.9576673897813828,5099.85,9983.810037776586
2012-07-30,BUY,1.5879227535568596,5199.8,8256.88073394496
2012-07-31,BUY,1.486169796756993,5229.0,7771.181867242316
2012-08-01,BUY,1.4417165736596447,5240.5,7555.315704263368
2012-08-02,BUY,1.5071713354180651,5227.75,7879.11494873179
2012-08-03,BUY,1.5482366018735088,5215.7,8075.137644391659
2012-08-06,BUY,1.2981327964501397,5282.55,6857.451403887686
2012-08-07,BUY,1.0971253072095115,5336.7,5855.028626985
2012-08-08,BUY,1.0930468255187586,5338.0,5834.683954619134
2012-08-09,BUY,1.1773326381184104,5322.95,6266.882766072393
2012-08-10,BUY,1.18424540366327,5320.4,6300.659245650061
2012-08-13,BUY,1.0006453657232455,5347.9,5351.3513513513435
2012-08-14,BUY,0.6228872380702661,5380.35,3351.3513513513567
2012-08-16,BUY,0.5341957066287903,5362.95,2864.864864864871
2012-08-17,BUY,0.5338622262759948,5366.3,2864.864864864871
2012-08-21,BUY,0.3091082227772862,5421.0,1675.6756756756686
2012-08-22,BUY,0.3395323790309794,5412.85,1837.837837837837
2012-08-23,BUY,0.329393997393294,5415.35,1783.7837837837747
2012-08-24,BUY,0.4314931821568535,5386.7,2324.324324324323
2012-08-27,BUY,0.5556699169147193,5350.25,2972.972972972977
2012-08-28,BUY,0.5961911609817863,5334.6,3180.441367373437
2012-08-29,BUY,0.7474479311900668,5287.8,3952.3551705468353
2012-08-30,BUY,0.6519371418302552,5315.05,3465.078505684898
2012-08-31,BUY,0.8545732979100672,5258.5,4493.773687060088
2012-09-03,BUY,0.8656513040611797,5253.75,4547.915538711423
2012-09-04,BUY,0.7928635054253826,5274.0,4181.562127613468
2012-09-05,BUY,0.9542166340391977,5225.7,4986.449864498635
2012-09-06,BUY,0.8942521051688213,5238.4,4684.450227716353
2012-09-07,BUY,0.5278741723389786,5342.1,2819.956616052058
2012-09-08,BUY,0.4655190636735769,5358.7,2494.5770065075967
2012-09-10,BUY,0.45104920629083706,5363.45,2419.17986548059
2012-09-11,BUY,0.32213349010496545,5390.0,1736.2995116657637
2012-09-12,BUY,0.1898228383449739,5431.0,1030.9278350515533
2012-09-13,BUY,0.1697055600048619,5435.35,922.4091155724262
2012-10-30,BUY,0.1351858298213187,5597.9,756.7567567567598
2012-10-31,BUY,0.0961867253662203,5619.7,540.5405405405482
2012-11-01,BUY,0.03830191339602158,5645.05,216.21621621621162
2012-11-09,BUY,0.06654269129538447,5686.25,378.3783783783799
2012-11-12,BUY,0.5230700024584297,5683.7,2972.972972972977
2012-11-13,BUY,0.5723084275039044,5666.95,3243.243243243251
2012-11-15,BUY,0.6911546602542862,5631.0,3891.8918918918853
2012-11-16,BUY,0.8533753297434991,5574.05,4756.756756756751
2012-11-19,BUY,0.8634832915983082,5571.4,4810.810810810814
2012-11-20,BUY,0.8468207413175431,5571.55,4718.104101287758
2012-11-21,BUY,0.7039173560138982,5614.8,3952.3551705468353
2012-11-22,BUY,0.6541950001848339,5627.75,3681.645912290199
2012-11-23,BUY,0.6639511896956448,5626.6,3735.787763941515
2012-11-26,BUY,0.6244291696687687,5635.9,3519.2203573362135
2012-11-27,BUY,0.33474659183715133,5727.45,1917.2443674176923
2012-11-29,BUY,0.03534296863265054,5825.0,205.87279228518938
2013-01-31,BUY,0.026827892163589363,6034.75,161.8996222342209
2013-02-01,BUY,0.0971680732141139,5998.9,582.9015544041479
2013-02-04,BUY,0.0829607280730905,5987.25,496.7066191556111
2013-02-05,BUY,0.17222345961253027,5956.9,1025.9179265658815
2013-02-06,BUY,0.1630960944791752,5959.2,971.9222462203008
2013-02-07,BUY,0.22191715041149668,5938.8,1317.9215728637964
2013-02-08,BUY,0.32029640045872065,5903.5,1890.8698001080572
2013-02-11,BUY,0.3114431443112982,5897.85,1836.8449486763902
2013-02-12,BUY,0.20068328096184065,5922.5,1188.5467314965013
2013-02-13,BUY,0.16390620614869025,5932.95,972.4473257698718
2013-02-14,BUY,0.21444839106465638,5896.95,1264.5914396887254
2013-02-15,BUY,0.2662580370906619,5887.4,1567.567567567563
2013-02-18,BUY,0.21078350060073334,5898.2,1243.2432432432454
2013-02-21,BUY,0.16625622161954315,5852.25,972.9729729729713
2013-02-22,BUY,0.20326977918896177,5850.3,1189.189189189183
2013-02-25,BUY,0.19388276786116226,5854.75,1135.1351351351398
2013-02-26,BUY,0.46910927173365663,5761.35,2702.702702702703
2013-02-27,BUY,0.48488171450444356,5796.9,2810.8108108108086
2013-02-28,BUY,0.7975585214499328,5693.05,4540.54054054054
2013-03-01,BUY,0.7182383880462466,5719.7,4108.1081081081165
2013-03-04,BUY,0.7873100792290036,5698.5,4486.486486486478
2013-03-05,BUY,0.5233223022910525,5784.25,3027.0270270270203
2013-03-06,BUY,0.41804427739188615,5818.6,2432.432432432429
2013-03-07,BUY,0.2857905404253012,5863.3,1675.6756756756686
2013-03-08,BUY,0.04910886695351195,5945.7,291.986590245496
2013-03-11,BUY,0.09654720015095875,5942.35,573.7172548170497
2013-03-12,BUY,0.17393942973152143,5914.1,1028.695181375191
2013-03-13,BUY,0.3516185334205635,5851.2,2057.390362750401
2013-03-14,BUY,0.1924163996442416,5908.95,1136.9788846778413
2013-03-15,BUY,0.2932086871117445,5872.6,1721.8973359324311
2013-03-18,BUY,0.39171863912062266,5835.25,2285.7761889286135
2013-03-19,BUY,0.6563111999585464,5745.95,3771.1313394018093
2013-03-20,BUY,0.8090485512891075,5694.4,4607.046070460693
2013-03-21,BUY,0.9140558945179537,5658.75,5172.41379310347
2013-03-22,BUY,0.9308047966655024,5651.35,5260.303687635587
2013-03-25,BUY,0.9914504818516731,5633.85,5585.683297180049
2013-03-26,BUY,0.9612509735549859,5641.6,5422.993492407809
2013-03-28,BUY,0.8302618258343171,5682.55,4718.004338394799
2013-04-01,BUY,0.8787036226028951,5704.4,5012.4769447759545
2013-04-02,BUY,0.7457228335319229,5748.1,4286.489419424846
2013-04-03,BUY,0.9755953204594856,5672.9,5534.454693434615
2013-04-04,BUY,1.2847635294176907,5574.75,7162.235485621271
2013-04-05,BUY,1.3581328057980748,5553.25,7542.0510037981585
2013-04-08,BUY,1.3900231975783313,5542.95,7704.829083016811
2013-04-09,BUY,1.550239209315599,5495.1,8518.719479110148
2013-04-10,BUY,1.3372789113136254,5558.7,7433.53228431905
2013-04-11,BUY,1.2221450352491827,5594.0,6836.679327183928
2013-04-12,BUY,1.4427156997249893,5528.55,7976.125881714589
2013-04-15,BUY,1.3154610956181207,5568.4,7325.013564839943
2013-04-16,BUY,0.934692211124443,5688.95,5317.4172544764
2013-04-17,BUY,1.0682666146624316,5688.7,6077.048290830174
2013-04-18,BUY,0.7751545103942714,5783.1,4482.796049061111
2013-04-22,BUY,0.6141268835271518,5834.4,3583.0618892508146
2013-04-23,BUY,0.6138638471193296,5836.9,3583.0618892508146
2013-04-25,BUY,0.3853980178759729,5916.3,2280.1302931596183
2013-04-26,BUY,0.6379903326711837,5871.45,3745.9283387622213
2013-04-29,BUY,0.584935668333735,5904.1,3453.518679409205
2013-04-30,BUY,0.5129380282380067,5930.2,3041.8250950570273
2013-05-02,BUY,0.3259451423370063,5999.35,1955.4589896795187
2013-05-03,BUY,0.4734175497457662,5944.0,2813.9939156888345
2013-05-06,BUY,0.3931588106287457,5971.05,2347.570916204772
2013-05-07,BUY,0.1888466791581227,6043.55,1141.3043478260724
2013-05-08,BUY,0.17909092016198352,6069.3,1086.9565217391266
2013-05-09,BUY,0.25519726505522583,6050.15,1543.9817331738743
2013-05-10,BUY,0.15167405441989387,6094.75,924.4154431756482
2013-05-11,BUY,0.11574864744922947,6107.25,706.9059271343067
2013-05-13,BUY,0.5455513783444239,5980.45,3262.6427406199095
2013-05-14,BUY,0.46256235272491003,5995.4,2773.2463295269254
2013-05-15,BUY,0.04778682742297183,6146.75,293.7336814621521
2013-05-16,BUY,0.044090636875317654,6169.9,272.03482045702236
2013-05-20,BUY,0.008836746429435736,6156.9,54.40696409139288
2013-05-21,BUY,0.12458047746678251,6114.1,761.697497279655
2013-05-22,BUY,0.20532614227619778,6094.5,1251.3601741022874
2013-05-23,BUY,0.5561918887181476,5967.05,3318.8248095756226
2013-05-24,BUY,0.45463783282001236,5983.55,2720.348204570185
2013-05-27,BUY,0.1663923810524651,6083.15,1012.189812799303
2013-05-28,BUY,0.10689122136915939,6111.25,653.2389765922753
2013-05-29,BUY,0.053506460740158135,6104.3,326.6194882961473
2013-05-31,BUY,0.38195047036359386,5985.95,2286.3364180729545
2013-06-03,BUY,0.5097121067364149,5939.3,3027.333115539589
2013-06-04,BUY,0.5612751331873681,5919.45,3322.440087145966
2013-06-05,BUY,0.5424694455923649,5923.85,3213.5076252723306
2013-06-06,BUY,0.43231547506172446,5921.4,2559.912854030495
2013-06-07,BUY,0.5556833627289812,5881.0,3267.973856209139
2013-06-10,BUY,0.5837653196698881,5878.0,3431.3725490196025
2013-06-11,BUY,0.8373919557381339,5788.8,4847.49455337691
2013-06-12,BUY,0.9266502260005349,5760.2,5337.690631808281
2013-06-13,BUY,1.1068197917248463,5699.1,6307.8766750190725
2013-06-14,BUY,0.7711376368782432,5808.4,4479.075850043588
2013-06-17,BUY,0.5589276618819289,5850.05,3269.754768392378
2013-06-18,BUY,0.6655445523022412,5813.6,3869.2098092643096
2013-06-19,BUY,0.6217033221634608,5822.25,3619.7121674662094
2013-06-20,BUY,1.1279369091092806,5655.9,6379.498364231179
2013-06-21,BUY,1.0967370044193023,5667.65,6215.921483097059
2013-06-24,BUY,1.3326462108009822,5590.25,7449.82547993019
2013-06-25,BUY,1.264409367199777,5609.1,7092.198581560269
2013-06-26,BUY,1.3373568446133162,5588.7,7474.08619749044
2013-06-27,BUY,1.008088948930024,5682.35,5728.314238952522
2013-06-28,BUY,0.5322748795223795,5842.2,3109.6563011456456
2013-07-01,BUY,0.3421936185967522,5898.85,2018.5488270594517
2013-07-02,BUY,0.45637054937835364,5857.55,2673.2133115111756
2013-07-03,BUY,0.7184682461188967,5770.9,4146.20840152754
2013-07-04,BUY,0.5234070751747653,5836.95,3055.100927441346
2013-07-05,BUY,0.42767381693591233,5867.9,2509.5471903982398
2013-07-08,BUY,0.5820191118836108,5811.55,3382.4331696671984
2013-07-09,BUY,0.44694622594416406,5859.0,2618.6579378068573
2013-07-10,BUY,0.5627456155996666,5816.7,3273.322422258581
2013-07-11,BUY,0.21879321005021088,5935.1,1298.5595809690067
2013-07-12,BUY,0.010899489647746891,6009.0,65.49503329331107
2013-07-16,BUY,0.1741518666605328,5955.25,1037.117903930138
2013-07-17,BUY,0.12793466588619262,5973.3,764.1921397379944
2013-07-19,BUY,0.01810693055079506,6029.2,109.17030567685357
2013-07-22,BUY,0.07784323633624238,6031.8,469.53483293294676
2013-07-24,BUY,0.2588642384405053,5990.5,1550.726220377847
2013-07-25,BUY,0.5824363543829366,5907.5,3440.742763517198
2013-07-26,BUY,0.6773287364547479,5886.2,3986.892408519937
2013-07-29,BUY,0.9329845016689385,5831.65,5440.839069157665
2013-07-30,BUY,1.1299175924513538,5755.05,6502.732240437164
2013-07-31,BUY,1.1895857006088775,5742.0,6830.601092896174
2013-08-01,BUY,1.2116048273579985,5727.85,6939.890710382511
2013-08-02,BUY,1.3666254850437776,5677.9,7759.562841530064
2013-08-05,BUY,1.3071541121242192,5685.4,7431.6939890710355
2013-08-06,BUY,1.7648826316076172,5542.25,9781.420765027317
2013-08-07,BUY,1.920801017588895,5519.1,10601.09289617487
2013-08-08,BUY,1.765509961066609,5565.65,9826.210514810371
2013-08-12,BUY,1.6578672295139567,5612.4,9304.61403892413
2013-08-13,BUY,1.3910180925694138,5699.3,7927.829414980861
2013-08-14,BUY,1.2568236598425049,5742.3,7217.058501913616
2013-08-16,BUY,1.9257766661016873,5507.85,10606.889010388179
2013-08-19,BUY,2.695995394189741,5414.75,14598.141060688902
2013-08-20,BUY,2.743122643581099,5401.45,14816.839803171128
2013-08-21,BUY,3.079543305130455,5302.55,16329.432352619495
2013-08-22,BUY,2.710727012331968,5408.45,14660.831509846834
2013-08-23,BUY,2.489412747532859,5471.75,13621.444201312921
2013-08-26,BUY,2.4772646044237954,5476.5,13566.739606126916
2013-08-27,BUY,3.145220652023693,5287.45,16630.196936542674
2013-08-28,BUY,3.157029618113277,5285.0,16684.90153172867
2013-08-29,BUY,2.720539855433547,5409.05,14715.536105032828
2013-08-30,BUY,2.5093851002750296,5471.8,13730.853391684908
2013-09-02,BUY,2.2470202589572597,5550.75,12472.647702407008
2013-09-03,BUY,2.949559279515252,5341.45,15754.923413566743
2013-09-04,BUY,2.5871382614773966,5448.1,14094.987962355004
2013-09-05,BUY,2.1040641452237194,5592.95,11767.925561029002
2013-09-06,BUY,1.8307798964333581,5680.4,10399.562123700047
2013-09-10,BUY,1.0488833233097672,5896.75,6185.002736726869
2013-09-11,BUY,0.9996922197578405,5913.15,5911.330049261074
2013-09-12,BUY,1.1881118945820308,5850.7,6951.286261631088
2013-09-13,BUY,1.1881322021042435,5850.6,6951.286261631088
2013-09-16,BUY,1.2089195943220077,5840.55,7060.755336617402
2013-09-17,BUY,1.1882134391356,5850.2,6951.286261631088
2013-09-18,BUY,1.039125375964492,5899.45,6130.268199233722
2013-09-19,BUY,0.44750298414008693,6115.55,2736.726874657909
2013-09-20,BUY,0.7283250444025646,6012.1,4378.762999452659
2013-09-23,BUY,1.0634896438140793,5889.75,6263.688129653973
2013-09-24,BUY,1.0502235781940783,5892.45,6188.389923329696
2013-09-25,BUY,1.1094898574026772,5873.85,6516.976998904716
2013-09-26,BUY,1.0799750879539625,5882.25,6352.683461117196
2013-09-27,BUY,1.079667926441982,5833.2,6297.918948521369
2013-09-30,BUY,1.3750091213712732,5735.3,7886.089813800663
2013-10-01,BUY,1.241191884162728,5780.05,7174.151150054777
2013-10-03,BUY,0.8618203413731564,5909.7,5093.099671412942
2013-10-04,BUY,0.8679229948452939,5907.3,5127.081507449605
2013-10-07,BUY,0.8628108684945188,5906.15,5095.890410958902
2013-10-08,BUY,0.8041163362241479,5928.4,4767.123287671238
2013-10-09,BUY,0.5746289681180106,6007.45,3452.0547945205426
2013-10-10,BUY,0.5369379769519372,6020.95,3232.8767123287666
2013-10-11,BUY,0.3325673797240868,6096.2,2027.397260273978
2013-10-14,BUY,0.27788540857334637,6112.7,1698.6301369862945
2013-10-15,BUY,0.35467176648419385,6089.05,2159.614119710581
2013-10-17,BUY,0.5531560071146376,6045.85,3344.298245614032
2013-10-18,BUY,0.1948735086684687,6189.35,1206.1403508771868
2013-10-21,BUY,0.15020548817631713,6204.95,932.017543859639
2013-10-22,BUY,0.20328962924496755,6202.8,1260.9649122806848
2013-10-23,BUY,0.36381995476848356,6178.35,2247.8070175438606
2013-10-24,BUY,0.40022147722921164,6164.35,2467.105263157891
2013-10-25,BUY,0.45502003801183694,6144.9,2796.0526315789366
2013-10-28,BUY,0.5661187930735518,6101.1,3453.9473684210475
2013-10-29,BUY,0.25557592642571814,6220.9,1589.91228070175
2013-10-30,BUY,0.17018514541976149,6251.7,1063.9464736207228
2013-10-31,BUY,0.04180423373108844,6299.15,263.33113890718573
2013-11-01,BUY,0.019142120064836045,6307.2,120.7331796729339
2013-11-05,BUY,0.14043416080973578,6253.15,878.1558726673993
2013-11-06,BUY,0.264923977900993,6215.15,1646.5422612513564
2013-11-07,BUY,0.390307268953951,6187.25,2414.9286498353335
2013-11-08,BUY,0.5094541051789453,6140.75,3128.4302963776086
2013-11-11,BUY,0.6681369531958132,6078.8,4061.4709110867097
2013-11-12,BUY,0.8299219058990586,6018.05,4994.51152579583
2013-11-13,BUY,0.9019696950208751,5989.6,5402.437685297034
2013-11-14,BUY,0.7163421765820362,6056.15,4338.275672707298
2013-11-18,BUY,0.399284163351942,6189.0,2471.169686985169
2013-11-19,BUY,0.31521666823665356,6203.35,1955.399318905845
2013-11-20,BUY,0.5294481768048215,6122.9,3241.758241758241
2013-11-21,BUY,0.8609421766504951,5999.05,5164.835164835153
2013-11-22,BUY,0.44905848473553844,5995.45,2692.3076923076837
2013-11-25,BUY,0.12578687552319529,6115.35,769.2307692307724
2013-11-26,BUY,0.23219663249650155,6059.1,1406.9026159595526
2013-11-27,BUY,0.14521869840680304,6057.1,879.6041781198468
2013-11-28,BUY,0.0541463704449313,6091.85,329.85156679495475
2014-01-27,BUY,0.34846971401465576,6135.85,2138.1578947368257
2014-01-28,BUY,0.37586314286020955,6126.25,2302.631578947359
2014-01-29,BUY,0.40310530830568864,6120.25,2467.105263157891
2014-01-30,BUY,0.5325664953499543,6073.7,3234.649122807017
2014-01-31,BUY,0.4809253522528308,6089.5,2928.594932543613
2014-02-03,BUY,0.8134330591296194,6001.8,4882.0625342841495
2014-02-04,BUY,0.8044139877464157,6000.9,4827.207899067465
2014-02-05,BUY,0.746891619249372,6022.4,4498.080087767417
2014-02-06,BUY,0.9723582274214855,6036.3,5869.445968184313
2014-02-07,BUY,0.8814818127025129,6063.2,5344.600526777876
2014-02-10,BUY,0.8885354170081223,6053.45,5378.704720087818
2014-02-11,BUY,0.869074048856842,6062.7,5268.935236004376
2014-02-12,BUY,0.8119044680726674,6084.0,4939.626783754108
2014-02-13,BUY,1.0334731717041037,6001.1,6201.975850713497
2014-02-14,BUY,0.9074333006805559,6048.35,5488.474204171241
2014-02-17,BUY,0.8477687549735116,6073.3,5148.753979580628
2014-02-18,BUY,0.5574138746364294,6127.1,3415.330551284867
2014-02-19,BUY,0.5533660037944405,6152.75,3404.7226798462434
2014-02-20,BUY,0.712190968112239,6091.45,4338.275672707298
2014-02-21,BUY,0.7799823905678168,6155.45,4801.142606020668
2014-02-24,BUY,0.6927974468104738,6186.1,4285.714285714273
2014-02-25,BUY,0.6557905284528444,6200.05,4065.934065934058
2014-02-26,BUY,0.5548404278929371,6238.8,3461.538461538456
2014-02-28,BUY,0.46393358431848253,6276.95,2912.087912087899
2014-03-03,BUY,0.5954428586516222,6221.45,3704.5179729581346
2014-03-04,BUY,0.4015373275581042,6297.95,2528.862012094562
2014-03-05,BUY,0.3214089358555378,6328.65,2034.0846619021493
2014-03-06,BUY,0.14600180268425922,6401.15,934.5794392523458
2014-05-16,SELL,472.4297707432902,7203.0,3402911.638663919
2020-03-18,BUY,0.46162909737512,8468.8,3909.444499850416
2020-03-19,BUY,0.8570626390114492,8263.45,7082.294264339161
2020-03-20,BUY,0.18819903913269773,8745.45,1645.8852867830515
2020-03-23,BUY,1.8983308594889972,7610.25,14446.77242342614
2020-03-24,BUY,1.573563699988644,7801.05,12275.449101796412
2020-03-25,BUY,0.7765251437050266,8317.85,6459.019666566855
2020-03-26,BUY,0.3224111070196506,8641.45,2786.0994607549596
2020-03-27,BUY,0.28951150760807975,8660.25,2507.242033762873
2020-03-30,BUY,0.8203266224543588,8281.1,6793.206793206791
2020-03-31,BUY,0.37181858007073937,8597.75,3196.8031968031996
2020-04-01,BUY,0.8593504922468542,8253.8,7092.907092907085
2020-04-03,BUY,1.1111007540206577,8083.8,8981.916275352192
2020-04-07,BUY,0.11480566449602823,8792.2,1009.3943633819795
2020-04-08,BUY,0.16565513499858311,8748.75,1449.275362318854
2020-04-30,SELL,9.810290341616886,9859.9,96728.48173930834
2022-03-07,BUY,0.03076582821062615,15863.15,488.0429477793942
2022-03-31,SELL,0.03076582821062615,17464.75,537.317498241533
2022-05-10,BUY,0.03299258724199459,16240.05,535.8012664393542
2022-05-11,BUY,0.06327005627717876,16167.1,1022.8933268387766
2022-05-12,BUY,0.203365865298339,15808.0,3214.8075986361428
2022-05-13,BUY,0.21604435535056515,15782.15,3409.644422795922
2022-05-16,BUY,0.24904500541179475,15842.3,3945.445689235276
2022-05-17,BUY,0.12223953235200848,16259.3,1987.5292283710114
2022-05-18,BUY,0.12961940275432282,16240.3,2105.057986551029
2022-05-19,BUY,0.3113354896737595,15809.4,4922.027290448334
2022-05-20,BUY,0.1408107230709121,16266.15,2290.448343079917
2022-05-23,BUY,0.15327943884000658,16214.7,2485.3801169590547
2022-05-24,BUY,0.1964410455428976,16125.15,3167.6413255360553
2022-05-25,BUY,0.23719062952509581,16025.8,3801.16959064328
2022-05-26,BUY,0.1917124761970657,16170.15,3100.019496977982
2022-05-27,BUY,0.07155875095923632,16352.45,1170.160897123364
2022-05-31,BUY,0.02057920946469132,16584.55,341.2969283276464
2022-06-01,BUY,0.017705298711222388,16522.75,292.5402242808497
2022-06-06,BUY,0.0029425484727596137,16569.55,48.75670404681406
2022-06-07,BUY,0.0588119092897313,16416.35,965.4768870684803
2022-06-08,BUY,0.07813062926804058,16356.25,1277.9241049653888
2022-06-09,BUY,0.032563545909641035,16478.1,536.5853658536558
2022-06-10,BUY,0.13548630098010767,16201.8,2195.1219512195084
2022-06-13,BUY,0.30305354275776264,15774.4,4780.487804878051
2022-06-14,BUY,0.3193718730431694,15732.1,5024.390243902445
2022-06-15,BUY,0.33572790745224973,15692.15,5268.292682926821
2022-06-16,BUY,0.47317765470924456,15360.6,7268.292682926822
2022-06-17,BUY,0.5039603147200263,15293.5,7707.317073170723
2022-06-20,BUY,0.4798554840530284,15350.15,7365.853658536594
2022-06-21,BUY,0.3581186788481354,15638.8,5600.54639477022
2022-06-22,BUY,0.45021464467593103,15413.3,6939.293382783528
2022-06-23,BUY,0.3890125799876329,15556.65,6051.732552464609
2022-06-24,BUY,0.32952244511436424,15699.25,5173.255246461683
2022-06-27,BUY,0.2756675197873365,15832.05,4364.381956649101
2022-06-28,BUY,0.2680121938524438,15850.2,4248.046875000005
2022-06-29,BUY,0.2874224243786037,15799.1,4541.015624999998
2022-06-30,BUY,0.30323703680233216,15780.25,4785.156250000002
2022-07-01,BUY,0.31617908462708016,15752.05,4980.468749999998
2022-07-04,BUY,0.2788290793285969,15835.35,4415.356061346097
2022-07-05,BUY,0.2873491305639506,15810.85,4543.234000977039
2022-07-06,BUY,0.2169189404410423,15989.8,3468.490473864178
2022-07-07,BUY,0.1635172126075899,16132.9,2638.0068392769867
2022-07-08,BUY,0.1295041537132144,16220.6,2100.6350757205655
2022-07-11,BUY,0.132553469056838,16216.0,2149.4870542256854
2022-07-12,BUY,0.19469848142881177,16058.3,3126.526624328288
2022-07-13,BUY,0.22947195484868205,15966.65,3663.8983878847093
2022-07-14,BUY,0.23789056483987395,15938.65,3791.654451285057
2022-07-15,BUY,0.19490409122934285,16049.2,3128.0547409579694
2022-07-18,BUY,0.1050867669909018,16278.5,1710.654936461395
2022-07-19,BUY,0.08375017665679038,16340.55,1368.5239491691161
2022-07-20,BUY,0.0384596506388654,16520.85,635.3861192570995
2022-07-21,BUY,0.007654330572650837,16605.25,127.10207274151031
2022-07-25,BUY,0.004115583529450985,16631.0,68.44626967829933
2022-07-26,BUY,0.08306270404269743,16483.85,1369.193154034218
2022-07-27,BUY,0.07639760380678623,16641.8,1271.3936430317751
2022-09-26,BUY,0.052194159349909355,17016.3,888.1514737458625
2022-09-27,BUY,0.05452224330472956,17007.4,927.2816007808576
2022-09-28,BUY,0.10421711245333859,16858.6,1756.9546120058537
2022-09-29,BUY,0.11897753526828594,16818.1,2000.9760858955597
2022-10-03,BUY,0.028899913117179085,16887.35,488.0429477793942
2022-11-30,SELL,10.88063304319024,18758.35,204102.72284572764
2023-02-07,BUY,0.013729594133289703,17721.5,243.30900243309347
2023-02-27,BUY,0.01957527733302134,17392.7,340.4669260700403
2023-02-28,BUY,0.04778378630470085,17303.95,826.8482490272283
2023-03-02,BUY,0.04156093665009016,17321.9,719.9143885591968
2023-03-10,BUY,0.011172896483806559,17412.9,194.55252918287525
2023-03-13,BUY,0.09923661299791799,17154.3,1702.3346303501844
2023-03-14,BUY,0.13586720929015936,17043.3,2315.625608094973
2023-03-15,BUY,0.15769357605041162,16972.15,2676.399026763994
2023-03-16,BUY,0.154703821253142,16985.6,2627.7372262773683
2023-03-17,BUY,0.11382844023641632,17100.05,1946.4720194647307
2023-03-20,BUY,0.15181390983204773,16988.4,2579.0754257907597
2023-03-21,BUY,0.1109343983035572,17107.5,1897.8102189781048
2023-03-22,BUY,0.09646168742500896,17151.9,1654.5012165450114
2023-03-23,BUY,0.12253145599755062,17076.9,2092.4574209245725
2023-03-24,BUY,0.1660028050786392,16945.05,2812.925832197795
2023-03-27,BUY,0.15247037135701416,16985.7,2589.8159867588356
2023-03-28,BUY,0.1637047038490291,16951.7,2775.0730282375866
2023-03-29,BUY,0.11686319417015247,17080.7,1996.1051606621234
2023-03-31,BUY,0.02804504196400603,17359.75,486.8549172346537
2023-04-03,BUY,0.016789982230238,17398.05,292.1129503407922
2023-06-30,SELL,1.9207697009401994,19189.05,36857.745829826534
2023-10-31,BUY,0.04321066946056393,19079.6,824.4422890397755
2023-11-01,BUY,0.05618604915059103,18989.15,1066.9253152279457
2023-12-06,SELL,0.09939671861115495,20937.7,2081.138675264779
2025-02-11,BUY,0.056262490272840485,23071.8,1298.076923076921
2025-02-12,BUY,0.05841350587014034,23045.25,1346.1538461538516
2025-02-13,BUY,0.06053608418206297,23031.4,1394.2307692307652
2025-02-14,BUY,0.07967653006195459,22929.25,1826.9230769230721
2025-02-17,BUY,0.07456031999211737,22959.5,1711.867666859019
2025-02-18,BUY,0.08175538676338417,22945.3,1875.9018759018788
2025-02-19,BUY,0.08599444344596509,22932.9,1972.101972101973
2025-02-20,BUY,0.08816779972208148,22913.15,2020.2020202020115
2025-02-21,BUY,0.11183162539327411,22795.9,2549.3025493025375
2025-02-24,BUY,0.1578215014356427,22553.35,3559.4035594035518
2025-02-25,BUY,0.15999537011797768,22547.55,3607.503607503608
2025-02-27,BUY,0.16001311185841716,22545.05,3607.503607503608
2025-02-28,BUY,0.24349281062366382,22124.7,5387.205387205375
